Timestamp,UTC,Callsign,Position,Altitude,Speed,Direction
1627570294,2021-07-29T14:51:34Z,N169CA,"32.033798,-102.130005",3150,137,279
1627570300,2021-07-29T14:51:40Z,N169CA,"32.035126,-102.134293",3225,143,295
1627570303,2021-07-29T14:51:43Z,N169CA,"32.036179,-102.136322",3275,145,303
1627570312,2021-07-29T14:51:52Z,N169CA,"32.040741,-102.141403",3350,153,325
1627570315,2021-07-29T14:51:55Z,N169CA,"32.042542,-102.142586",3375,155,331
1627570318,2021-07-29T14:51:58Z,N169CA,"32.044601,-102.143791",3400,156,335
1627570327,2021-07-29T14:52:07Z,N169CA,"32.050842,-102.146675",3525,161,339
1627570334,2021-07-29T14:52:14Z,N169CA,"32.055405,-102.148575",3575,166,341
1627570337,2021-07-29T14:52:17Z,N169CA,"32.057602,-102.149452",3600,168,341
1627570340,2021-07-29T14:52:20Z,N169CA,"32.05978,-102.150261",3600,170,341
1627570342,2021-07-29T14:52:22Z,N169CA,"32.061783,-102.150993",3625,172,342
1627570349,2021-07-29T14:52:29Z,N169CA,"32.066803,-102.152748",3675,177,343
1627570358,2021-07-29T14:52:38Z,N169CA,"32.073841,-102.155197",3650,183,343
1627570364,2021-07-29T14:52:44Z,N169CA,"32.078888,-102.156868",3625,184,344
1627570370,2021-07-29T14:52:50Z,N169CA,"32.084129,-102.158447",3625,184,346
1627570379,2021-07-29T14:52:59Z,N169CA,"32.091385,-102.160439",3625,185,346
1627570384,2021-07-29T14:53:04Z,N169CA,"32.096283,-102.161758",3625,187,346
1627570394,2021-07-29T14:53:14Z,N169CA,"32.104191,-102.164055",3575,188,345
1627570400,2021-07-29T14:53:20Z,N169CA,"32.109268,-102.165565",3575,188,345
1627570409,2021-07-29T14:53:29Z,N169CA,"32.116882,-102.167686",3575,187,346
1627570415,2021-07-29T14:53:35Z,N169CA,"32.122021,-102.169037",3575,185,347
1627570421,2021-07-29T14:53:41Z,N169CA,"32.127045,-102.170158",3675,178,350
1627570424,2021-07-29T14:53:44Z,N169CA,"32.129704,-102.170555",3775,174,352
1627570430,2021-07-29T14:53:50Z,N169CA,"32.134369,-102.171257",3875,169,351
1627570439,2021-07-29T14:53:59Z,N169CA,"32.140961,-102.172905",4000,162,346
1627570445,2021-07-29T14:54:05Z,N169CA,"32.145531,-102.174194",4100,159,346
1627570448,2021-07-29T14:54:08Z,N169CA,"32.147598,-102.174774",4150,157,346
1627570451,2021-07-29T14:54:11Z,N169CA,"32.149815,-102.175377",4200,156,346
1627570454,2021-07-29T14:54:14Z,N169CA,"32.151993,-102.17598",4225,156,346
1627570460,2021-07-29T14:54:20Z,N169CA,"32.156143,-102.177109",4300,154,347
1627570469,2021-07-29T14:54:29Z,N169CA,"32.162334,-102.178513",4425,149,351
1627570472,2021-07-29T14:54:32Z,N169CA,"32.164246,-102.178795",4475,147,353
1627570475,2021-07-29T14:54:35Z,N169CA,"32.166431,-102.179077",4525,146,353
1627570478,2021-07-29T14:54:38Z,N169CA,"32.168655,-102.17939",4550,146,352
1627570484,2021-07-29T14:54:44Z,N169CA,"32.172363,-102.180161",4625,144,348
1627570493,2021-07-29T14:54:53Z,N169CA,"32.178257,-102.182381",4750,142,337
1627570496,2021-07-29T14:54:56Z,N169CA,"32.179932,-102.18322",4775,141,334
1627570499,2021-07-29T14:54:59Z,N169CA,"32.181793,-102.184341",4800,140,332
1627570502,2021-07-29T14:55:02Z,N169CA,"32.183578,-102.185486",4850,141,330
1627570508,2021-07-29T14:55:08Z,N169CA,"32.186775,-102.188042",4875,141,323
1627570511,2021-07-29T14:55:11Z,N169CA,"32.188313,-102.189499",4900,142,320
1627570514,2021-07-29T14:55:14Z,N169CA,"32.189758,-102.190979",4900,142,317
1627570520,2021-07-29T14:55:20Z,N169CA,"32.192596,-102.194328",4950,144,313
1627570524,2021-07-29T14:55:24Z,N169CA,"32.19413,-102.196228",4950,144,312
1627570527,2021-07-29T14:55:27Z,N169CA,"32.195526,-102.198067",4975,144,311
1627570535,2021-07-29T14:55:35Z,N169CA,"32.199203,-102.203346",5075,143,307
1627570538,2021-07-29T14:55:38Z,N169CA,"32.200371,-102.205193",5100,141,305
1627570541,2021-07-29T14:55:41Z,N169CA,"32.201523,-102.207184",5150,140,302
1627570547,2021-07-29T14:55:47Z,N169CA,"32.203445,-102.211029",5225,137,300
1627570553,2021-07-29T14:55:53Z,N169CA,"32.205368,-102.214928",5325,135,300
1627570566,2021-07-29T14:56:06Z,N169CA,"32.209213,-102.222679",5425,136,300
1627570578,2021-07-29T14:56:18Z,N169CA,"32.213013,-102.230804",5525,144,297
1627570590,2021-07-29T14:56:30Z,N169CA,"32.216858,-102.239868",5700,148,297
1627570603,2021-07-29T14:56:43Z,N169CA,"32.220978,-102.249207",5950,146,296
1627570615,2021-07-29T14:56:55Z,N169CA,"32.224438,-102.257828",6175,144,294
1627570629,2021-07-29T14:57:09Z,N169CA,"32.228439,-102.26825",6400,146,293
1627570641,2021-07-29T14:57:21Z,N169CA,"32.231514,-102.277275",6600,148,290
1627570654,2021-07-29T14:57:34Z,N169CA,"32.234261,-102.28524",6775,149,293
1627570666,2021-07-29T14:57:46Z,N169CA,"32.237843,-102.29583",6950,153,289
1627570680,2021-07-29T14:58:00Z,N169CA,"32.240822,-102.307098",7200,151,285
1627570690,2021-07-29T14:58:10Z,N169CA,"32.242916,-102.314667",7350,152,289
1627570708,2021-07-29T14:58:28Z,N169CA,"32.248489,-102.32798",7550,157,298
1627570711,2021-07-29T14:58:31Z,N169CA,"32.249855,-102.330917",7600,158,299
1627570713,2021-07-29T14:58:33Z,N169CA,"32.250225,-102.331703",7625,157,299
1627570715,2021-07-29T14:58:35Z,N169CA,"32.251019,-102.333328",7650,157,299
1627570718,2021-07-29T14:58:38Z,N169CA,"32.252182,-102.335739",7700,157,300
1627570730,2021-07-29T14:58:50Z,N169CA,"32.256466,-102.344986",7875,158,296
1627570743,2021-07-29T14:59:03Z,N169CA,"32.260563,-102.355415",8050,160,293
1627570760,2021-07-29T14:59:20Z,N169CA,"32.265354,-102.369431",8300,160,290
1627570777,2021-07-29T14:59:37Z,N169CA,"32.269958,-102.382584",8550,159,293
1627570789,2021-07-29T14:59:49Z,N169CA,"32.273804,-102.392082",8725,158,297
1627570801,2021-07-29T15:00:01Z,N169CA,"32.278206,-102.401657",8875,158,298
1627570813,2021-07-29T15:00:13Z,N169CA,"32.282207,-102.409897",9050,158,301
1627570826,2021-07-29T15:00:26Z,N169CA,"32.288074,-102.419823",9175,161,305
1627570838,2021-07-29T15:00:38Z,N169CA,"32.29303,-102.428833",9400,156,299
1627570853,2021-07-29T15:00:53Z,N169CA,"32.297665,-102.439102",9650,153,298
1627570863,2021-07-29T15:01:03Z,N169CA,"32.301727,-102.448334",9750,157,296
1627570879,2021-07-29T15:01:19Z,N169CA,"32.306854,-102.459869",9925,158,298
1627570891,2021-07-29T15:01:31Z,N169CA,"32.310928,-102.46833",10100,158,300
1627570903,2021-07-29T15:01:43Z,N169CA,"32.315399,-102.47744",10275,155,300
1627570915,2021-07-29T15:01:55Z,N169CA,"32.319729,-102.48658",10400,158,298
1627570929,2021-07-29T15:02:09Z,N169CA,"32.32378,-102.495827",10500,162,297
1627570942,2021-07-29T15:02:22Z,N169CA,"32.32848,-102.506981",10675,162,295
1627570953,2021-07-29T15:02:33Z,N169CA,"32.331985,-102.515953",10825,162,294
1627570966,2021-07-29T15:02:46Z,N169CA,"32.336117,-102.527046",10950,165,292
1627570977,2021-07-29T15:02:57Z,N169CA,"32.339466,-102.537079",11100,163,290
1627570988,2021-07-29T15:03:08Z,N169CA,"32.342056,-102.54512",11250,161,291
1627571000,2021-07-29T15:03:20Z,N169CA,"32.345444,-102.555397",11375,163,290
1627571011,2021-07-29T15:03:31Z,N169CA,"32.348312,-102.564713",11525,162,289
1627571022,2021-07-29T15:03:42Z,N169CA,"32.351212,-102.57473",11650,163,287
1627571034,2021-07-29T15:03:54Z,N169CA,"32.353638,-102.584671",11750,163,285
1627571047,2021-07-29T15:04:07Z,N169CA,"32.356319,-102.595375",11900,162,287
1627571058,2021-07-29T15:04:18Z,N169CA,"32.358719,-102.603897",12075,158,288
1627571089,2021-07-29T15:04:49Z,N169CA,"32.366638,-102.630379",12425,159,288
1627571122,2021-07-29T15:05:22Z,N169CA,"32.374878,-102.656471",12800,157,291
1627571155,2021-07-29T15:05:55Z,N169CA,"32.383644,-102.683098",13100,159,292
1627571191,2021-07-29T15:06:31Z,N169CA,"32.392914,-102.712997",13450,158,289
1627571223,2021-07-29T15:07:03Z,N169CA,"32.400822,-102.738426",13725,161,288
1627571254,2021-07-29T15:07:34Z,N169CA,"32.407425,-102.765617",14025,161,283
1627571285,2021-07-29T15:08:05Z,N169CA,"32.412601,-102.791733",14375,160,280
1627571318,2021-07-29T15:08:38Z,N169CA,"32.417255,-102.820038",14725,160,283
1627571347,2021-07-29T15:09:07Z,N169CA,"32.42326,-102.844307",15025,160,289
1627571381,2021-07-29T15:09:41Z,N169CA,"32.431732,-102.872406",15300,162,289
1627571417,2021-07-29T15:10:17Z,N169CA,"32.440437,-102.903328",15675,160,285
1627571448,2021-07-29T15:10:48Z,N169CA,"32.445419,-102.929955",15900,161,280
1627571481,2021-07-29T15:11:21Z,N169CA,"32.448029,-102.958206",16150,162,275
1627571513,2021-07-29T15:11:53Z,N169CA,"32.450726,-102.986458",16375,165,277
1627571545,2021-07-29T15:12:25Z,N169CA,"32.453476,-103.015671",16625,166,277
1627571577,2021-07-29T15:12:57Z,N169CA,"32.455811,-103.044945",16800,169,271
1627571607,2021-07-29T15:13:27Z,N169CA,"32.455582,-103.073181",17025,169,269
1627571641,2021-07-29T15:14:01Z,N169CA,"32.456219,-103.103943",17225,171,271
1627571672,2021-07-29T15:14:32Z,N169CA,"32.456501,-103.134941",17175,189,271
1627571704,2021-07-29T15:15:04Z,N169CA,"32.456726,-103.168816",17175,197,268
1627571735,2021-07-29T15:15:35Z,N169CA,"32.456268,-103.20192",17275,197,270
1627571767,2021-07-29T15:16:07Z,N169CA,"32.456131,-103.23671",17300,198,270
1627571800,2021-07-29T15:16:40Z,N169CA,"32.455765,-103.272362",17325,199,269
1627571834,2021-07-29T15:17:14Z,N169CA,"32.455288,-103.308762",17350,202,268
1627571864,2021-07-29T15:17:44Z,N169CA,"32.455151,-103.342613",17400,201,270
1627571895,2021-07-29T15:18:15Z,N169CA,"32.453613,-103.377556",17350,203,262
1627571927,2021-07-29T15:18:47Z,N169CA,"32.450043,-103.411781",17350,206,264
1627571960,2021-07-29T15:19:20Z,N169CA,"32.446564,-103.44886",17325,204,262
1627571990,2021-07-29T15:19:50Z,N169CA,"32.442814,-103.483528",17300,207,263
1627572022,2021-07-29T15:20:22Z,N169CA,"32.439602,-103.519852",17275,206,264
1627572053,2021-07-29T15:20:53Z,N169CA,"32.436157,-103.553825",17225,209,262
1627572085,2021-07-29T15:21:25Z,N169CA,"32.430817,-103.589264",17200,205,259
1627572117,2021-07-29T15:21:57Z,N169CA,"32.424179,-103.623375",17200,204,253
1627572141,2021-07-29T15:22:21Z,N169CA,"32.41658,-103.648758",17200,202,243
1627572143,2021-07-29T15:22:23Z,N169CA,"32.415298,-103.651443",17175,201,241
1627572147,2021-07-29T15:22:27Z,N169CA,"32.413765,-103.654602",17175,200,239
1627572148,2021-07-29T15:22:28Z,N169CA,"32.413254,-103.655502",17175,199,237
1627572149,2021-07-29T15:22:29Z,N169CA,"32.412369,-103.657051",17175,198,236
1627572150,2021-07-29T15:22:30Z,N169CA,"32.412136,-103.657463",17175,200,239
1627572152,2021-07-29T15:22:32Z,N169CA,"32.410812,-103.659683",17175,197,235
1627572153,2021-07-29T15:22:33Z,N169CA,"32.410492,-103.660233",17200,197,235
1627572155,2021-07-29T15:22:35Z,N169CA,"32.409203,-103.662453",17200,197,235
1627572156,2021-07-29T15:22:36Z,N169CA,"32.408936,-103.662872",17200,197,235
1627572159,2021-07-29T15:22:39Z,N169CA,"32.407059,-103.666061",17200,196,234
1627572161,2021-07-29T15:22:41Z,N169CA,"32.406006,-103.667816",17200,197,234
1627572162,2021-07-29T15:22:42Z,N169CA,"32.405712,-103.668282",17200,197,234
1627572163,2021-07-29T15:22:43Z,N169CA,"32.405457,-103.668694",17200,197,234
1627572164,2021-07-29T15:22:44Z,N169CA,"32.404453,-103.670357",17200,197,234
1627572198,2021-07-29T15:23:18Z,N169CA,"32.386391,-103.700172",17175,198,234
1627572227,2021-07-29T15:23:47Z,N169CA,"32.371124,-103.725876",17200,193,234
1627572261,2021-07-29T15:24:21Z,N169CA,"32.353806,-103.754715",17175,196,235
1627572292,2021-07-29T15:24:52Z,N169CA,"32.337616,-103.781693",17225,192,234
1627572323,2021-07-29T15:25:23Z,N169CA,"32.320816,-103.809212",17200,194,234
1627572357,2021-07-29T15:25:57Z,N169CA,"32.303902,-103.837616",17275,190,234
1627572388,2021-07-29T15:26:28Z,N169CA,"32.288074,-103.863625",17325,190,234
1627572421,2021-07-29T15:27:01Z,N169CA,"32.271606,-103.891556",17325,193,235
1627572454,2021-07-29T15:27:34Z,N169CA,"32.254276,-103.920128",17300,195,233
1627572487,2021-07-29T15:28:07Z,N169CA,"32.237137,-103.949013",17325,193,235
1627572523,2021-07-29T15:28:43Z,N169CA,"32.218014,-103.980438",17300,197,234
1627572555,2021-07-29T15:29:15Z,N169CA,"32.20079,-104.008888",17350,195,235
1627572588,2021-07-29T15:29:48Z,N169CA,"32.183331,-104.038567",17300,197,235
1627572622,2021-07-29T15:30:22Z,N169CA,"32.165771,-104.067772",17275,198,233
1627572653,2021-07-29T15:30:53Z,N169CA,"32.149487,-104.094337",17250,199,235
1627572685,2021-07-29T15:31:25Z,N169CA,"32.132126,-104.123528",17250,198,233
1627572718,2021-07-29T15:31:58Z,N169CA,"32.114502,-104.152641",17250,198,234
1627572751,2021-07-29T15:32:31Z,N169CA,"32.097347,-104.181671",17275,198,235
1627572784,2021-07-29T15:33:04Z,N169CA,"32.079803,-104.210983",17225,199,235
1627572821,2021-07-29T15:33:41Z,N169CA,"32.060154,-104.243271",17200,200,234
1627572833,2021-07-29T15:33:53Z,N169CA,"32.053711,-104.255417",17175,202,244
1627572836,2021-07-29T15:33:56Z,N169CA,"32.053032,-104.257393",17175,203,247
1627572838,2021-07-29T15:33:58Z,N169CA,"32.052425,-104.259468",17175,203,251
1627572843,2021-07-29T15:34:03Z,N169CA,"32.051262,-104.264626",17175,203,256
1627572845,2021-07-29T15:34:05Z,N169CA,"32.050705,-104.266983",17175,202,253
1627572847,2021-07-29T15:34:07Z,N169CA,"32.049637,-104.269867",17200,199,244
1627572850,2021-07-29T15:34:10Z,N169CA,"32.048702,-104.271629",17200,199,244
1627572854,2021-07-29T15:34:14Z,N169CA,"32.045563,-104.275307",17150,195,218
1627572858,2021-07-29T15:34:18Z,N169CA,"32.042789,-104.277016",17125,195,218
1627572860,2021-07-29T15:34:20Z,N169CA,"32.040604,-104.277687",17125,191,199
1627572871,2021-07-29T15:34:31Z,N169CA,"32.03215,-104.274979",17150,191,199
1627572875,2021-07-29T15:34:35Z,N169CA,"32.030228,-104.272392",17150,191,199
1627572888,2021-07-29T15:34:48Z,N169CA,"32.02985,-104.260033",17175,182,72
1627572890,2021-07-29T15:34:50Z,N169CA,"32.030502,-104.257675",17175,182,71
1627572893,2021-07-29T15:34:53Z,N169CA,"32.031235,-104.255257",17200,181,71
1627572896,2021-07-29T15:34:56Z,N169CA,"32.03199,-104.252747",17200,183,69
1627572905,2021-07-29T15:35:05Z,N169CA,"32.036133,-104.244446",17125,192,53
1627572910,2021-07-29T15:35:10Z,N169CA,"32.039337,-104.239548",17100,191,52
1627572917,2021-07-29T15:35:17Z,N169CA,"32.042465,-104.234634",17150,189,53
1627572918,2021-07-29T15:35:18Z,N169CA,"32.042744,-104.234131",17150,189,53
1627572920,2021-07-29T15:35:20Z,N169CA,"32.044556,-104.231247",17150,189,54
1627572923,2021-07-29T15:35:23Z,N169CA,"32.045628,-104.229485",17150,189,54
1627572924,2021-07-29T15:35:24Z,N169CA,"32.046066,-104.228722",17150,189,54
1627572926,2021-07-29T15:35:26Z,N169CA,"32.047119,-104.226959",17150,189,54
1627572958,2021-07-29T15:35:58Z,N169CA,"32.062481,-104.200951",17250,188,54
1627572989,2021-07-29T15:36:29Z,N169CA,"32.079102,-104.173767",17250,191,54
1627573023,2021-07-29T15:37:03Z,N169CA,"32.096092,-104.145348",17300,190,55
1627573053,2021-07-29T15:37:33Z,N169CA,"32.111618,-104.119408",17275,194,54
1627573085,2021-07-29T15:38:05Z,N169CA,"32.128586,-104.091255",17300,191,53
1627573115,2021-07-29T15:38:35Z,N169CA,"32.143982,-104.065849",17275,192,55
1627573153,2021-07-29T15:39:13Z,N169CA,"32.162849,-104.034081",17275,193,53
1627573185,2021-07-29T15:39:45Z,N169CA,"32.180164,-104.005554",17300,194,55
1627573216,2021-07-29T15:40:16Z,N169CA,"32.195854,-103.979095",17275,195,54
1627573250,2021-07-29T15:40:50Z,N169CA,"32.214294,-103.94912",17300,194,53
1627573285,2021-07-29T15:41:25Z,N169CA,"32.231606,-103.919624",17275,194,55
1627573318,2021-07-29T15:41:58Z,N169CA,"32.249111,-103.890755",17250,195,54
1627573348,2021-07-29T15:42:28Z,N169CA,"32.265106,-103.864197",17275,193,54
1627573381,2021-07-29T15:43:01Z,N169CA,"32.281998,-103.835304",17225,196,55
1627573414,2021-07-29T15:43:34Z,N169CA,"32.299118,-103.807068",17250,194,54
1627573444,2021-07-29T15:44:04Z,N169CA,"32.315094,-103.781029",17250,195,54
1627573477,2021-07-29T15:44:37Z,N169CA,"32.332531,-103.751854",17250,195,55
1627573508,2021-07-29T15:45:08Z,N169CA,"32.348236,-103.725327",17250,194,54
1627573541,2021-07-29T15:45:41Z,N169CA,"32.365768,-103.696648",17250,194,54
1627573574,2021-07-29T15:46:14Z,N169CA,"32.382759,-103.667831",17200,198,55
1627573604,2021-07-29T15:46:44Z,N169CA,"32.398956,-103.641556",17200,197,48
1627573608,2021-07-29T15:46:48Z,N169CA,"32.401382,-103.638741",17200,198,43
1627573609,2021-07-29T15:46:49Z,N169CA,"32.402081,-103.638016",17200,198,41
1627573611,2021-07-29T15:46:51Z,N169CA,"32.403522,-103.636665",17200,199,39
1627573613,2021-07-29T15:46:53Z,N169CA,"32.405228,-103.635132",17225,200,36
1627573615,2021-07-29T15:46:55Z,N169CA,"32.407063,-103.63353",17225,198,36
1627573616,2021-07-29T15:46:56Z,N169CA,"32.407471,-103.633209",17225,198,36
1627573617,2021-07-29T15:46:57Z,N169CA,"32.408085,-103.632629",17225,198,38
1627573618,2021-07-29T15:46:58Z,N169CA,"32.409203,-103.631454",17250,197,40
1627573620,2021-07-29T15:47:00Z,N169CA,"32.409897,-103.63063",17250,196,42
1627573628,2021-07-29T15:47:08Z,N169CA,"32.413422,-103.623047",17250,186,74
1627573629,2021-07-29T15:47:09Z,N169CA,"32.4133,-103.62355",17250,187,72
1627573631,2021-07-29T15:47:11Z,N169CA,"32.41367,-103.620132",17275,182,85
1627573634,2021-07-29T15:47:14Z,N169CA,"32.413391,-103.616821",17300,179,99
1627573635,2021-07-29T15:47:15Z,N169CA,"32.413284,-103.616348",17300,178,101
1627573637,2021-07-29T15:47:17Z,N169CA,"32.412552,-103.613983",17300,177,113
1627573638,2021-07-29T15:47:18Z,N169CA,"32.412369,-103.613571",17300,176,115
1627573640,2021-07-29T15:47:20Z,N169CA,"32.411438,-103.611946",17300,176,122
1627573641,2021-07-29T15:47:21Z,N169CA,"32.410995,-103.61129",17275,175,128
1627573643,2021-07-29T15:47:23Z,N169CA,"32.409531,-103.609756",17275,176,122
1627573644,2021-07-29T15:47:24Z,N169CA,"32.408924,-103.609261",17275,176,141
1627573650,2021-07-29T15:47:30Z,N169CA,"32.404221,-103.607391",17250,178,171
1627573653,2021-07-29T15:47:33Z,N169CA,"32.401615,-103.607521",17250,180,185
1627573656,2021-07-29T15:47:36Z,N169CA,"32.399193,-103.608307",17225,182,199
1627573657,2021-07-29T15:47:37Z,N169CA,"32.397903,-103.609093",17225,185,206
1627573660,2021-07-29T15:47:40Z,N169CA,"32.396679,-103.610046",17225,186,213
1627573661,2021-07-29T15:47:41Z,N169CA,"32.39566,-103.611015",17225,187,218
1627573664,2021-07-29T15:47:44Z,N169CA,"32.393921,-103.613052",17225,189,225
1627573666,2021-07-29T15:47:46Z,N169CA,"32.392677,-103.614639",17225,190,227
1627573667,2021-07-29T15:47:47Z,N169CA,"32.392071,-103.615425",17225,190,228
1627573669,2021-07-29T15:47:49Z,N169CA,"32.390953,-103.616997",17225,190,229
1627573670,2021-07-29T15:47:50Z,N169CA,"32.390305,-103.617882",17225,190,230
1627573673,2021-07-29T15:47:53Z,N169CA,"32.388565,-103.620522",17250,191,232
1627573676,2021-07-29T15:47:56Z,N169CA,"32.387283,-103.622498",17250,191,233
1627573677,2021-07-29T15:47:57Z,N169CA,"32.387043,-103.622932",17250,191,233
1627573679,2021-07-29T15:47:59Z,N169CA,"32.385788,-103.624954",17250,191,233
1627573680,2021-07-29T15:48:00Z,N169CA,"32.38546,-103.625458",17250,191,233
1627573682,2021-07-29T15:48:02Z,N169CA,"32.383942,-103.627937",17250,192,234
1627573685,2021-07-29T15:48:05Z,N169CA,"32.382389,-103.630615",17250,192,235
1627573686,2021-07-29T15:48:06Z,N169CA,"32.382111,-103.631065",17250,192,234
1627573688,2021-07-29T15:48:08Z,N169CA,"32.381012,-103.632935",17250,192,235
1627573689,2021-07-29T15:48:09Z,N169CA,"32.380432,-103.633919",17250,192,235
1627573691,2021-07-29T15:48:11Z,N169CA,"32.379314,-103.635826",17250,192,235
1627573723,2021-07-29T15:48:43Z,N169CA,"32.363068,-103.662926",17250,194,234
1627573754,2021-07-29T15:49:14Z,N169CA,"32.346405,-103.690117",17250,195,233
1627573785,2021-07-29T15:49:45Z,N169CA,"32.330246,-103.717583",17250,194,235
1627573817,2021-07-29T15:50:17Z,N169CA,"32.313911,-103.744736",17300,194,234
1627573848,2021-07-29T15:50:48Z,N169CA,"32.297562,-103.771141",17250,195,233
1627573879,2021-07-29T15:51:19Z,N169CA,"32.281448,-103.798004",17250,195,235
1627573910,2021-07-29T15:51:50Z,N169CA,"32.265015,-103.825851",17175,196,235
1627573942,2021-07-29T15:52:22Z,N169CA,"32.248409,-103.853592",17175,195,233
1627573975,2021-07-29T15:52:55Z,N169CA,"32.231232,-103.881615",17200,192,234
1627574007,2021-07-29T15:53:27Z,N169CA,"32.214111,-103.910233",17200,195,235
1627574041,2021-07-29T15:54:01Z,N169CA,"32.196579,-103.939346",17175,195,234
1627574077,2021-07-29T15:54:37Z,N169CA,"32.178131,-103.970764",17250,193,234
1627574110,2021-07-29T15:55:10Z,N169CA,"32.160427,-103.999161",17225,194,233
1627574143,2021-07-29T15:55:43Z,N169CA,"32.144394,-104.026688",17275,193,236
1627574173,2021-07-29T15:56:13Z,N169CA,"32.128876,-104.052994",17225,195,235
1627574204,2021-07-29T15:56:44Z,N169CA,"32.112167,-104.080246",17225,194,234
1627574240,2021-07-29T15:57:20Z,N169CA,"32.093307,-104.111389",17250,195,235
1627574273,2021-07-29T15:57:53Z,N169CA,"32.076309,-104.139854",17275,194,235
1627574309,2021-07-29T15:58:29Z,N169CA,"32.057316,-104.171631",17275,195,235
1627574343,2021-07-29T15:59:03Z,N169CA,"32.039795,-104.200821",17275,195,234
1627574376,2021-07-29T15:59:36Z,N169CA,"32.022491,-104.229546",17300,194,238
1627574381,2021-07-29T15:59:41Z,N169CA,"32.02026,-104.234528",17300,196,245
1627574385,2021-07-29T15:59:45Z,N169CA,"32.019012,-104.238228",17300,198,249
1627574388,2021-07-29T15:59:48Z,N169CA,"32.017979,-104.241364",17300,198,249
1627574396,2021-07-29T15:59:56Z,N169CA,"32.013336,-104.248665",17325,183,218
1627574399,2021-07-29T15:59:59Z,N169CA,"32.011002,-104.250145",17325,178,205
1627574403,2021-07-29T16:00:03Z,N169CA,"32.008621,-104.250862",17350,175,191
1627574406,2021-07-29T16:00:06Z,N169CA,"32.006378,-104.250916",17325,173,181
1627574423,2021-07-29T16:00:23Z,N169CA,"31.99824,-104.240692",17350,170,99
1627574426,2021-07-29T16:00:26Z,N169CA,"31.99855,-104.236687",17350,176,79
1627574430,2021-07-29T16:00:30Z,N169CA,"31.999403,-104.233795",17325,181,67
1627574433,2021-07-29T16:00:33Z,N169CA,"32.000427,-104.231583",17300,185,59
1627574435,2021-07-29T16:00:35Z,N169CA,"32.001919,-104.228752",17300,184,58
1627574438,2021-07-29T16:00:38Z,N169CA,"32.003174,-104.226173",17325,182,61
1627574439,2021-07-29T16:00:39Z,N169CA,"32.003357,-104.225754",17350,183,61
1627574441,2021-07-29T16:00:41Z,N169CA,"32.004501,-104.223068",17350,182,63
1627574445,2021-07-29T16:00:45Z,N169CA,"32.005642,-104.220291",17350,182,64
1627574448,2021-07-29T16:00:48Z,N169CA,"32.006882,-104.217575",17350,183,60
1627574451,2021-07-29T16:00:51Z,N169CA,"32.008072,-104.215431",17350,184,56
1627574454,2021-07-29T16:00:54Z,N169CA,"32.009674,-104.212738",17375,184,55
1627574456,2021-07-29T16:00:56Z,N169CA,"32.010544,-104.211258",17350,185,55
1627574472,2021-07-29T16:01:12Z,N169CA,"32.018646,-104.197685",17325,188,54
1627574475,2021-07-29T16:01:15Z,N169CA,"32.020157,-104.19516",17325,188,54
1627574506,2021-07-29T16:01:46Z,N169CA,"32.035812,-104.169342",17300,191,56
1627574539,2021-07-29T16:02:19Z,N169CA,"32.052471,-104.141479",17350,190,55
1627574572,2021-07-29T16:02:52Z,N169CA,"32.069466,-104.113174",17325,192,54
1627574607,2021-07-29T16:03:27Z,N169CA,"32.088272,-104.082054",17325,193,55
1627574640,2021-07-29T16:04:00Z,N169CA,"32.105404,-104.053192",17300,194,54
1627574673,2021-07-29T16:04:33Z,N169CA,"32.122375,-104.02449",17275,196,54
1627574705,2021-07-29T16:05:05Z,N169CA,"32.138779,-103.998207",17250,196,54
1627574738,2021-07-29T16:05:38Z,N169CA,"32.15593,-103.968842",17275,195,54
1627574768,2021-07-29T16:06:08Z,N169CA,"32.172112,-103.941818",17225,197,53
1627574800,2021-07-29T16:06:40Z,N169CA,"32.188965,-103.914467",17225,196,53
1627574832,2021-07-29T16:07:12Z,N169CA,"32.205399,-103.886383",17225,196,53
1627574863,2021-07-29T16:07:43Z,N169CA,"32.221252,-103.859802",17200,196,55
1627574897,2021-07-29T16:08:17Z,N169CA,"32.239521,-103.830162",17200,195,53
1627574926,2021-07-29T16:08:46Z,N169CA,"32.254852,-103.804817",17150,196,55
1627574960,2021-07-29T16:09:20Z,N169CA,"32.27243,-103.775116",17175,192,56
1627574994,2021-07-29T16:09:54Z,N169CA,"32.290146,-103.746262",17175,195,54
1627575025,2021-07-29T16:10:25Z,N169CA,"32.305756,-103.719345",17175,194,53
1627575055,2021-07-29T16:10:55Z,N169CA,"32.322418,-103.692429",17175,194,55
1627575087,2021-07-29T16:11:27Z,N169CA,"32.33849,-103.664917",17200,196,53
1627575118,2021-07-29T16:11:58Z,N169CA,"32.354874,-103.638481",17200,195,54
1627575150,2021-07-29T16:12:30Z,N169CA,"32.372635,-103.610962",17175,201,37
1627575153,2021-07-29T16:12:33Z,N169CA,"32.37508,-103.609146",17175,201,31
1627575156,2021-07-29T16:12:36Z,N169CA,"32.377808,-103.607391",17200,203,27
1627575157,2021-07-29T16:12:37Z,N169CA,"32.378201,-103.607124",17200,203,27
1627575160,2021-07-29T16:12:40Z,N169CA,"32.3806,-103.605522",17200,204,30
1627575162,2021-07-29T16:12:42Z,N169CA,"32.382843,-103.603546",17175,201,40
1627575163,2021-07-29T16:12:43Z,N169CA,"32.383255,-103.60305",17150,201,41
1627575171,2021-07-29T16:12:51Z,N169CA,"32.386871,-103.595963",17225,185,71
1627575172,2021-07-29T16:12:52Z,N169CA,"32.387043,-103.595078",17225,183,75
1627575175,2021-07-29T16:12:55Z,N169CA,"32.387276,-103.592552",17250,180,86
1627575177,2021-07-29T16:12:57Z,N169CA,"32.387054,-103.58976",17250,176,98
1627575179,2021-07-29T16:12:59Z,N169CA,"32.386871,-103.588821",17250,176,100
1627575180,2021-07-29T16:13:00Z,N169CA,"32.386459,-103.587341",17250,175,109
1627575181,2021-07-29T16:13:01Z,N169CA,"32.386112,-103.586555",17250,174,114
1627575183,2021-07-29T16:13:03Z,N169CA,"32.385555,-103.585434",17250,173,120
1627575184,2021-07-29T16:13:04Z,N169CA,"32.384811,-103.58432",17250,172,127
1627575186,2021-07-29T16:13:06Z,N169CA,"32.383301,-103.582619",17225,172,139
1627575187,2021-07-29T16:13:07Z,N169CA,"32.38266,-103.582123",17225,172,144
1627575194,2021-07-29T16:13:14Z,N169CA,"32.378059,-103.580391",17225,174,173
1627575197,2021-07-29T16:13:17Z,N169CA,"32.376022,-103.580528",17225,172,151
1627575200,2021-07-29T16:13:20Z,N169CA,"32.372589,-103.581795",17225,179,202
1627575204,2021-07-29T16:13:24Z,N169CA,"32.370346,-103.583221",17225,182,210
1627575205,2021-07-29T16:13:25Z,N169CA,"32.369308,-103.584091",17225,183,214
1627575207,2021-07-29T16:13:27Z,N169CA,"32.368286,-103.584976",17225,185,216
1627575209,2021-07-29T16:13:29Z,N169CA,"32.366318,-103.58696",17225,185,221
1627575211,2021-07-29T16:13:31Z,N169CA,"32.365116,-103.588295",17225,185,223
1627575213,2021-07-29T16:13:33Z,N169CA,"32.364212,-103.589317",17225,185,224
1627575214,2021-07-29T16:13:34Z,N169CA,"32.363251,-103.590469",17250,185,225
1627575216,2021-07-29T16:13:36Z,N169CA,"32.362324,-103.591545",17250,184,225
1627575217,2021-07-29T16:13:37Z,N169CA,"32.361786,-103.592232",17250,184,225
1627575219,2021-07-29T16:13:39Z,N169CA,"32.360649,-103.59362",17275,184,226
1627575220,2021-07-29T16:13:40Z,N169CA,"32.360138,-103.594261",17275,184,226
1627575221,2021-07-29T16:13:41Z,N169CA,"32.359085,-103.595581",17275,185,225
1627575223,2021-07-29T16:13:43Z,N169CA,"32.358215,-103.596573",17275,186,226
1627575225,2021-07-29T16:13:45Z,N169CA,"32.356842,-103.598381",17275,186,227
1627575226,2021-07-29T16:13:46Z,N169CA,"32.356552,-103.598717",17275,186,227
1627575229,2021-07-29T16:13:49Z,N169CA,"32.354736,-103.601242",17275,186,229
1627575230,2021-07-29T16:13:50Z,N169CA,"32.354412,-103.601692",17275,187,230
1627575231,2021-07-29T16:13:51Z,N169CA,"32.353527,-103.602982",17275,187,230
1627575242,2021-07-29T16:14:02Z,N169CA,"32.348221,-103.611443",17275,189,235
1627575273,2021-07-29T16:14:33Z,N169CA,"32.331879,-103.638351",17275,192,234
1627575304,2021-07-29T16:15:04Z,N169CA,"32.315495,-103.665367",17275,194,234
1627575337,2021-07-29T16:15:37Z,N169CA,"32.298267,-103.694008",17275,196,235
1627575371,2021-07-29T16:16:11Z,N169CA,"32.280396,-103.723572",17225,197,234
1627575403,2021-07-29T16:16:43Z,N169CA,"32.263958,-103.750793",17300,195,233
1627575434,2021-07-29T16:17:14Z,N169CA,"32.247478,-103.778648",17275,198,235
1627575464,2021-07-29T16:17:44Z,N169CA,"32.231651,-103.805161",17275,196,234
1627575497,2021-07-29T16:18:17Z,N169CA,"32.213516,-103.834755",17300,196,234
1627575528,2021-07-29T16:18:48Z,N169CA,"32.197815,-103.861397",17300,197,235
1627575560,2021-07-29T16:19:20Z,N169CA,"32.181145,-103.889015",17275,198,234
1627575591,2021-07-29T16:19:51Z,N169CA,"32.164757,-103.916595",17275,197,236
1627575621,2021-07-29T16:20:21Z,N169CA,"32.148514,-103.943245",17275,196,233
1627575651,2021-07-29T16:20:51Z,N169CA,"32.132721,-103.969444",17275,198,235
1627575683,2021-07-29T16:21:23Z,N169CA,"32.115784,-103.997574",17325,194,234
1627575715,2021-07-29T16:21:55Z,N169CA,"32.099442,-104.02504",17325,196,234
1627575747,2021-07-29T16:22:27Z,N169CA,"32.082172,-104.053421",17325,199,234
1627575779,2021-07-29T16:22:59Z,N169CA,"32.065971,-104.081505",17325,197,234
1627575810,2021-07-29T16:23:30Z,N169CA,"32.049179,-104.108475",17325,198,234
1627575845,2021-07-29T16:24:05Z,N169CA,"32.030457,-104.14006",17350,198,232
1627575881,2021-07-29T16:24:41Z,N169CA,"32.011322,-104.171692",17350,198,235
1627575915,2021-07-29T16:25:15Z,N169CA,"31.993816,-104.201843",17325,201,245
1627575918,2021-07-29T16:25:18Z,N169CA,"31.99284,-104.204933",17325,201,246
1627575921,2021-07-29T16:25:21Z,N169CA,"31.992188,-104.207573",17325,204,254
1627575923,2021-07-29T16:25:23Z,N169CA,"31.991409,-104.211037",17325,203,254
1627575925,2021-07-29T16:25:25Z,N169CA,"31.990976,-104.212608",17325,202,251
1627575931,2021-07-29T16:25:31Z,N169CA,"31.988091,-104.218605",17325,201,246
1627575935,2021-07-29T16:25:35Z,N169CA,"31.985229,-104.221695",17300,191,216
1627575938,2021-07-29T16:25:38Z,N169CA,"31.983017,-104.223206",17325,188,207
1627575941,2021-07-29T16:25:41Z,N169CA,"31.980923,-104.224045",17325,184,199
1627575945,2021-07-29T16:25:45Z,N169CA,"31.977943,-104.224548",17350,180,183
1627575957,2021-07-29T16:25:57Z,N169CA,"31.969145,-104.219788",17300,175,131
1627575963,2021-07-29T16:26:03Z,N169CA,"31.967056,-104.213509",17275,177,98
1627575969,2021-07-29T16:26:09Z,N169CA,"31.967514,-104.208672",17275,181,76
1627575972,2021-07-29T16:26:12Z,N169CA,"31.968338,-104.205872",17300,183,69
1627575974,2021-07-29T16:26:14Z,N169CA,"31.968493,-104.205437",17300,183,67
1627575976,2021-07-29T16:26:16Z,N169CA,"31.969795,-104.202576",17300,186,60
1627575978,2021-07-29T16:26:18Z,N169CA,"31.970867,-104.200668",17300,186,60
1627575980,2021-07-29T16:26:20Z,N169CA,"31.971634,-104.199448",17275,191,53
1627575984,2021-07-29T16:26:24Z,N169CA,"31.97406,-104.195541",17225,192,54
1627575987,2021-07-29T16:26:27Z,N169CA,"31.975662,-104.192879",17225,191,54
1627575989,2021-07-29T16:26:29Z,N169CA,"31.976871,-104.190918",17250,190,54
1627575993,2021-07-29T16:26:33Z,N169CA,"31.978594,-104.188004",17275,188,54
1627575996,2021-07-29T16:26:36Z,N169CA,"31.980131,-104.185478",17300,188,54
1627575998,2021-07-29T16:26:38Z,N169CA,"31.980597,-104.184639",17300,187,55
1627575999,2021-07-29T16:26:39Z,N169CA,"31.981573,-104.183014",17300,187,55
1627576002,2021-07-29T16:26:42Z,N169CA,"31.983063,-104.180489",17325,187,55
1627576032,2021-07-29T16:27:12Z,N169CA,"31.998596,-104.154892",17275,192,54
1627576066,2021-07-29T16:27:46Z,N169CA,"32.015533,-104.126442",17300,192,54
1627576096,2021-07-29T16:28:16Z,N169CA,"32.031479,-104.100113",17300,192,55
1627576132,2021-07-29T16:28:52Z,N169CA,"32.049587,-104.069839",17325,192,53
1627576164,2021-07-29T16:29:24Z,N169CA,"32.066113,-104.042603",17350,191,55
1627576195,2021-07-29T16:29:55Z,N169CA,"32.082413,-104.015091",17300,194,54
1627576229,2021-07-29T16:30:29Z,N169CA,"32.099537,-103.987106",17325,193,55
1627576264,2021-07-29T16:31:04Z,N169CA,"32.11821,-103.955711",17325,192,54
1627576295,2021-07-29T16:31:35Z,N169CA,"32.134186,-103.929291",17325,194,55
1627576327,2021-07-29T16:32:07Z,N169CA,"32.150528,-103.901878",17275,196,54
1627576358,2021-07-29T16:32:38Z,N169CA,"32.166824,-103.874252",17225,198,55
1627576388,2021-07-29T16:33:08Z,N169CA,"32.182632,-103.848434",17250,195,54
1627576420,2021-07-29T16:33:40Z,N169CA,"32.199532,-103.820297",17225,194,55
1627576451,2021-07-29T16:34:11Z,N169CA,"32.21545,-103.793335",17225,195,53
1627576483,2021-07-29T16:34:43Z,N169CA,"32.231697,-103.766655",17200,194,54
1627576515,2021-07-29T16:35:15Z,N169CA,"32.248489,-103.738129",17200,193,55
1627576545,2021-07-29T16:35:45Z,N169CA,"32.264236,-103.712364",17225,194,54
1627576577,2021-07-29T16:36:17Z,N169CA,"32.280991,-103.684898",17225,194,54
1627576608,2021-07-29T16:36:48Z,N169CA,"32.29715,-103.657631",17225,193,55
1627576640,2021-07-29T16:37:20Z,N169CA,"32.313904,-103.629745",17200,195,54
1627576673,2021-07-29T16:37:53Z,N169CA,"32.330521,-103.602005",17250,192,55
1627576690,2021-07-29T16:38:10Z,N169CA,"32.340538,-103.586952",17225,196,42
1627576691,2021-07-29T16:38:11Z,N169CA,"32.340912,-103.586571",17225,196,42
1627576693,2021-07-29T16:38:13Z,N169CA,"32.342258,-103.585266",17250,196,39
1627576695,2021-07-29T16:38:15Z,N169CA,"32.34417,-103.583641",17275,195,35
1627576697,2021-07-29T16:38:17Z,N169CA,"32.345657,-103.582466",17300,196,33
1627576699,2021-07-29T16:38:19Z,N169CA,"32.346729,-103.581627",17300,195,33
1627576700,2021-07-29T16:38:20Z,N169CA,"32.347614,-103.580894",17300,194,34
1627576701,2021-07-29T16:38:21Z,N169CA,"32.34808,-103.580559",17325,194,34
1627576703,2021-07-29T16:38:23Z,N169CA,"32.349152,-103.579597",17325,194,37
1627576704,2021-07-29T16:38:24Z,N169CA,"32.35025,-103.578499",17325,193,39
1627576706,2021-07-29T16:38:26Z,N169CA,"32.351624,-103.576851",17325,191,45
1627576711,2021-07-29T16:38:31Z,N169CA,"32.354187,-103.572678",17325,187,59
1627576712,2021-07-29T16:38:32Z,N169CA,"32.354736,-103.571312",17325,186,64
1627576713,2021-07-29T16:38:33Z,N169CA,"32.354923,-103.570747",17325,185,66
1627576714,2021-07-29T16:38:34Z,N169CA,"32.355015,-103.570358",17325,186,68
1627576715,2021-07-29T16:38:35Z,N169CA,"32.355434,-103.568787",17325,185,69
1627576716,2021-07-29T16:38:36Z,N169CA,"32.355576,-103.567833",17325,183,77
1627576718,2021-07-29T16:38:38Z,N169CA,"32.355759,-103.565819",17300,181,84
1627576720,2021-07-29T16:38:40Z,N169CA,"32.355713,-103.563858",17300,180,92
1627576721,2021-07-29T16:38:41Z,N169CA,"32.355576,-103.562904",17300,180,96
1627576722,2021-07-29T16:38:42Z,N169CA,"32.355343,-103.561554",17300,178,102
1627576725,2021-07-29T16:38:45Z,N169CA,"32.354736,-103.559654",17300,179,98
1627576726,2021-07-29T16:38:46Z,N169CA,"32.354187,-103.558502",17300,175,118
1627576728,2021-07-29T16:38:48Z,N169CA,"32.353043,-103.556633",17300,175,128
1627576729,2021-07-29T16:38:49Z,N169CA,"32.352501,-103.556007",17300,175,132
1627576730,2021-07-29T16:38:50Z,N169CA,"32.35199,-103.555428",17300,175,136
1627576732,2021-07-29T16:38:52Z,N169CA,"32.350594,-103.554268",17300,176,146
1627576735,2021-07-29T16:38:55Z,N169CA,"32.349014,-103.553391",17275,177,153
1627576738,2021-07-29T16:38:58Z,N169CA,"32.345844,-103.552643",17225,181,172
1627576742,2021-07-29T16:39:02Z,N169CA,"32.34296,-103.55304",17200,185,191
1627576745,2021-07-29T16:39:05Z,N169CA,"32.340912,-103.55394",17200,178,158
1627576747,2021-07-29T16:39:07Z,N169CA,"32.338623,-103.555428",17200,189,210
1627576748,2021-07-29T16:39:08Z,N169CA,"32.337891,-103.555977",17200,189,212
1627576749,2021-07-29T16:39:09Z,N169CA,"32.3367,-103.556908",17200,190,214
1627576751,2021-07-29T16:39:11Z,N169CA,"32.33593,-103.557579",17200,190,214
1627576753,2021-07-29T16:39:13Z,N169CA,"32.334255,-103.559143",17200,191,218
1627576755,2021-07-29T16:39:15Z,N169CA,"32.332905,-103.560493",17200,191,218
1627576762,2021-07-29T16:39:22Z,N169CA,"32.328781,-103.565971",17200,196,232
1627576765,2021-07-29T16:39:25Z,N169CA,"32.327408,-103.568222",17200,196,234
1627576766,2021-07-29T16:39:26Z,N169CA,"32.326721,-103.569489",17200,195,235
1627576768,2021-07-29T16:39:28Z,N169CA,"32.325806,-103.571083",17200,195,236
1627576770,2021-07-29T16:39:30Z,N169CA,"32.325027,-103.57251",17225,196,237
1627576771,2021-07-29T16:39:31Z,N169CA,"32.324524,-103.573441",17225,196,237
1627576774,2021-07-29T16:39:34Z,N169CA,"32.322662,-103.576744",17225,196,236
1627576775,2021-07-29T16:39:35Z,N169CA,"32.322418,-103.577179",17225,196,236
1627576776,2021-07-29T16:39:36Z,N169CA,"32.321636,-103.578545",17225,195,235
1627576778,2021-07-29T16:39:38Z,N169CA,"32.321091,-103.579483",17225,195,235
1627576779,2021-07-29T16:39:39Z,N169CA,"32.320084,-103.581245",17225,195,235
1627576780,2021-07-29T16:39:40Z,N169CA,"32.319637,-103.582069",17225,196,235
1627576781,2021-07-29T16:39:41Z,N169CA,"32.319351,-103.582504",17225,196,235
1627576785,2021-07-29T16:39:45Z,N169CA,"32.317307,-103.585938",17225,196,235
1627576786,2021-07-29T16:39:46Z,N169CA,"32.316608,-103.587173",17225,196,235
1627576819,2021-07-29T16:40:19Z,N169CA,"32.299072,-103.616455",17225,197,234
1627576852,2021-07-29T16:40:52Z,N169CA,"32.281834,-103.64502",17225,196,233
1627576882,2021-07-29T16:41:22Z,N169CA,"32.265541,-103.671532",17250,195,234
1627576915,2021-07-29T16:41:55Z,N169CA,"32.248764,-103.69973",17275,196,235
1627576945,2021-07-29T16:42:25Z,N169CA,"32.232468,-103.727036",17250,197,233
1627576975,2021-07-29T16:42:55Z,N169CA,"32.21629,-103.753143",17250,196,235
1627577007,2021-07-29T16:43:27Z,N169CA,"32.200321,-103.780556",17250,198,234
1627577039,2021-07-29T16:43:59Z,N169CA,"32.183006,-103.808746",17275,196,234
1627577071,2021-07-29T16:44:31Z,N169CA,"32.166504,-103.836563",17275,198,234
1627577105,2021-07-29T16:45:05Z,N169CA,"32.148136,-103.867775",17275,199,235
1627577135,2021-07-29T16:45:35Z,N169CA,"32.131798,-103.894402",17275,198,233
1627577169,2021-07-29T16:46:09Z,N169CA,"32.114273,-103.923248",17275,199,235
1627577201,2021-07-29T16:46:41Z,N169CA,"32.09679,-103.952637",17325,198,235
1627577233,2021-07-29T16:47:13Z,N169CA,"32.080353,-103.979774",17275,202,234
1627577265,2021-07-29T16:47:45Z,N169CA,"32.062855,-104.009476",17300,201,235
1627577298,2021-07-29T16:48:18Z,N169CA,"32.044697,-104.039238",17275,201,233
1627577332,2021-07-29T16:48:52Z,N169CA,"32.026962,-104.069115",17325,200,235
1627577368,2021-07-29T16:49:28Z,N169CA,"32.007706,-104.101059",17325,202,234
1627577398,2021-07-29T16:49:58Z,N169CA,"31.991684,-104.127975",17325,201,235
1627577430,2021-07-29T16:50:30Z,N169CA,"31.973328,-104.157913",17350,201,235
1627577458,2021-07-29T16:50:58Z,N169CA,"31.960052,-104.182907",17350,204,249
1627577461,2021-07-29T16:51:01Z,N169CA,"31.959135,-104.186653",17350,206,255
1627577465,2021-07-29T16:51:05Z,N169CA,"31.958542,-104.189835",17350,208,258
1627577467,2021-07-29T16:51:07Z,N169CA,"31.957878,-104.192993",17325,205,254
1627577476,2021-07-29T16:51:16Z,N169CA,"31.953131,-104.200951",17375,190,218
1627577479,2021-07-29T16:51:19Z,N169CA,"31.950943,-104.202354",17375,185,205
1627577482,2021-07-29T16:51:22Z,N169CA,"31.948708,-104.203079",17350,182,192
1627577489,2021-07-29T16:51:29Z,N169CA,"31.943121,-104.20224",17325,177,169
1627577504,2021-07-29T16:51:44Z,N169CA,"31.937767,-104.192146",17325,175,93
1627577513,2021-07-29T16:51:53Z,N169CA,"31.939774,-104.182693",17375,177,71
1627577515,2021-07-29T16:51:55Z,N169CA,"31.940561,-104.180046",17375,177,70
1627577521,2021-07-29T16:52:01Z,N169CA,"31.942284,-104.174828",17375,179,68
1627577522,2021-07-29T16:52:02Z,N169CA,"31.942429,-104.174339",17375,179,68
1627577538,2021-07-29T16:52:18Z,N169CA,"31.949158,-104.16066",17400,183,55
1627577541,2021-07-29T16:52:21Z,N169CA,"31.950989,-104.157455",17400,184,56
1627577543,2021-07-29T16:52:23Z,N169CA,"31.951267,-104.156952",17400,184,56
1627577545,2021-07-29T16:52:25Z,N169CA,"31.953176,-104.153587",17400,184,56
1627577548,2021-07-29T16:52:28Z,N169CA,"31.953873,-104.152313",17400,185,56
1627577551,2021-07-29T16:52:31Z,N169CA,"31.955566,-104.149292",17400,185,55
1627577554,2021-07-29T16:52:34Z,N169CA,"31.956757,-104.147263",17400,186,55
1627577584,2021-07-29T16:53:04Z,N169CA,"31.972263,-104.121185",17325,190,56
1627577621,2021-07-29T16:53:41Z,N169CA,"31.991043,-104.090622",17300,190,56
1627577653,2021-07-29T16:54:13Z,N169CA,"32.008072,-104.062057",17250,194,53
1627577687,2021-07-29T16:54:47Z,N169CA,"32.025146,-104.033745",17275,193,55
1627577720,2021-07-29T16:55:20Z,N169CA,"32.042416,-104.005272",17250,192,55
1627577753,2021-07-29T16:55:53Z,N169CA,"32.059036,-103.977135",17225,193,54
1627577784,2021-07-29T16:56:24Z,N169CA,"32.074772,-103.951126",17300,189,54
1627577816,2021-07-29T16:56:56Z,N169CA,"32.091576,-103.923378",17250,191,54
1627577849,2021-07-29T16:57:29Z,N169CA,"32.108093,-103.895233",17225,188,55
1627577880,2021-07-29T16:58:00Z,N169CA,"32.123337,-103.86969",17200,188,55
1627577912,2021-07-29T16:58:32Z,N169CA,"32.139992,-103.842888",17175,185,54
1627577944,2021-07-29T16:59:04Z,N169CA,"32.155212,-103.816818",17150,186,55
1627577976,2021-07-29T16:59:36Z,N169CA,"32.171402,-103.790367",17225,183,55
1627578009,2021-07-29T17:00:09Z,N169CA,"32.187569,-103.763008",17225,185,54
1627578042,2021-07-29T17:00:42Z,N169CA,"32.204185,-103.735603",17175,187,54
1627578074,2021-07-29T17:01:14Z,N169CA,"32.220013,-103.709259",17200,184,57
1627578106,2021-07-29T17:01:46Z,N169CA,"32.235611,-103.68325",17225,183,55
1627578138,2021-07-29T17:02:18Z,N169CA,"32.251785,-103.656174",17275,183,55
1627578171,2021-07-29T17:02:51Z,N169CA,"32.267853,-103.629639",17275,184,54
1627578205,2021-07-29T17:03:25Z,N169CA,"32.284443,-103.60186",17200,190,54
1627578238,2021-07-29T17:03:58Z,N169CA,"32.301453,-103.574051",17225,184,55
1627578256,2021-07-29T17:04:16Z,N169CA,"32.310932,-103.559319",17150,192,42
1627578259,2021-07-29T17:04:19Z,N169CA,"32.312943,-103.557404",17150,191,38
1627578262,2021-07-29T17:04:22Z,N169CA,"32.315369,-103.555313",17225,190,36
1627578264,2021-07-29T17:04:24Z,N169CA,"32.316982,-103.553543",17225,188,43
1627578274,2021-07-29T17:04:34Z,N169CA,"32.319992,-103.545372",17225,174,85
1627578277,2021-07-29T17:04:37Z,N169CA,"32.319683,-103.542664",17225,172,101
1627578280,2021-07-29T17:04:40Z,N169CA,"32.318707,-103.540092",17175,171,117
1627578281,2021-07-29T17:04:41Z,N169CA,"32.318207,-103.539276",17150,171,124
1627578283,2021-07-29T17:04:43Z,N169CA,"32.317726,-103.538635",17150,171,130
1627578286,2021-07-29T17:04:46Z,N169CA,"32.315323,-103.536697",17125,171,151
1627578290,2021-07-29T17:04:50Z,N169CA,"32.312027,-103.535873",17125,172,169
1627578292,2021-07-29T17:04:52Z,N169CA,"32.310371,-103.536057",17125,172,163
1627578295,2021-07-29T17:04:55Z,N169CA,"32.308365,-103.536583",17125,175,194
1627578298,2021-07-29T17:04:58Z,N169CA,"32.305672,-103.537735",17125,176,201
1627578304,2021-07-29T17:05:04Z,N169CA,"32.301388,-103.540482",17175,176,213
1627578308,2021-07-29T17:05:08Z,N169CA,"32.299072,-103.542519",17200,176,217
1627578313,2021-07-29T17:05:13Z,N169CA,"32.296127,-103.545753",17225,178,224
1627578316,2021-07-29T17:05:16Z,N169CA,"32.293659,-103.549004",17225,180,229
1627578317,2021-07-29T17:05:17Z,N169CA,"32.293396,-103.549385",17225,179,227
1627578322,2021-07-29T17:05:22Z,N169CA,"32.290924,-103.553337",17225,181,235
1627578326,2021-07-29T17:05:26Z,N169CA,"32.289238,-103.556229",17225,181,235
1627578329,2021-07-29T17:05:29Z,N169CA,"32.287857,-103.558556",17250,181,235
1627578331,2021-07-29T17:05:31Z,N169CA,"32.286667,-103.560753",17250,182,236
1627578335,2021-07-29T17:05:35Z,N169CA,"32.285248,-103.563225",17250,183,236
1627578337,2021-07-29T17:05:37Z,N169CA,"32.283882,-103.565651",17225,183,235
1627578371,2021-07-29T17:06:11Z,N169CA,"32.26722,-103.593117",17225,185,233
1627578401,2021-07-29T17:06:41Z,N169CA,"32.252014,-103.618156",17225,187,234
1627578434,2021-07-29T17:07:14Z,N169CA,"32.235168,-103.645844",17250,188,235
1627578467,2021-07-29T17:07:47Z,N169CA,"32.218571,-103.673492",17275,189,236
1627578500,2021-07-29T17:08:20Z,N169CA,"32.201904,-103.701462",17300,189,234
1627578533,2021-07-29T17:08:53Z,N169CA,"32.184959,-103.72966",17275,191,235
1627578566,2021-07-29T17:09:26Z,N169CA,"32.168152,-103.757736",17250,191,233
1627578600,2021-07-29T17:10:00Z,N169CA,"32.151169,-103.785698",17250,189,234
1627578632,2021-07-29T17:10:32Z,N169CA,"32.13459,-103.8134",17250,188,234
1627578665,2021-07-29T17:11:05Z,N169CA,"32.117786,-103.841484",17225,188,235
1627578699,2021-07-29T17:11:39Z,N169CA,"32.100842,-103.869286",17225,190,234
1627578741,2021-07-29T17:12:21Z,N169CA,"32.0798,-103.905159",17225,188,236
1627578774,2021-07-29T17:12:54Z,N169CA,"32.063225,-103.932571",17250,187,234
1627578811,2021-07-29T17:13:31Z,N169CA,"32.045071,-103.962952",17200,188,234
1627578843,2021-07-29T17:14:03Z,N169CA,"32.028488,-103.990486",17300,186,236
1627578877,2021-07-29T17:14:37Z,N169CA,"32.011688,-104.018387",17275,188,235
1627578915,2021-07-29T17:15:15Z,N169CA,"31.991768,-104.051125",17250,189,235
1627578945,2021-07-29T17:15:45Z,N169CA,"31.976639,-104.076569",17250,190,234
1627578979,2021-07-29T17:16:19Z,N169CA,"31.959732,-104.10463",17200,190,234
1627579009,2021-07-29T17:16:49Z,N169CA,"31.944443,-104.130341",17150,191,235
1627579037,2021-07-29T17:17:17Z,N169CA,"31.931856,-104.154259",17200,193,252
1627579039,2021-07-29T17:17:19Z,N169CA,"31.931297,-104.157173",17200,194,255
1627579043,2021-07-29T17:17:23Z,N169CA,"31.93071,-104.160332",17200,193,258
1627579044,2021-07-29T17:17:24Z,N169CA,"31.930298,-104.161926",17225,194,258
1627579049,2021-07-29T17:17:29Z,N169CA,"31.928787,-104.166046",17250,188,246
1627579054,2021-07-29T17:17:34Z,N169CA,"31.925524,-104.170517",17225,181,220
1627579057,2021-07-29T17:17:37Z,N169CA,"31.923477,-104.171982",17225,176,209
1627579058,2021-07-29T17:17:38Z,N169CA,"31.923065,-104.172195",17225,183,227
1627579060,2021-07-29T17:17:40Z,N169CA,"31.921148,-104.172981",17250,171,197
1627579061,2021-07-29T17:17:41Z,N169CA,"31.920404,-104.173203",17250,171,195
1627579067,2021-07-29T17:17:47Z,N169CA,"31.916401,-104.173149",17250,164,171
1627579067,2021-07-29T17:17:47Z,N169CA,"31.916016,-104.17308",17250,164,169
1627579099,2021-07-29T17:18:19Z,N169CA,"31.911699,-104.148262",17225,174,65
1627579118,2021-07-29T17:18:38Z,N169CA,"31.919519,-104.133011",17200,183,55
1627579121,2021-07-29T17:18:41Z,N169CA,"31.921143,-104.130287",17200,183,54
1627579123,2021-07-29T17:18:43Z,N169CA,"31.922686,-104.1278",17200,183,54
1627579158,2021-07-29T17:19:18Z,N169CA,"31.939453,-104.100624",17225,182,54
1627579190,2021-07-29T17:19:50Z,N169CA,"31.955038,-104.073875",17225,184,55
1627579223,2021-07-29T17:20:23Z,N169CA,"31.971704,-104.046356",17225,184,54
1627579254,2021-07-29T17:20:54Z,N169CA,"31.986135,-104.022758",17225,185,54
1627579289,2021-07-29T17:21:29Z,N169CA,"32.004246,-103.992096",17250,183,55
1627579323,2021-07-29T17:22:03Z,N169CA,"32.020203,-103.965164",17250,186,53
1627579356,2021-07-29T17:22:36Z,N169CA,"32.037048,-103.937531",17225,186,54
1627579388,2021-07-29T17:23:08Z,N169CA,"32.053402,-103.910095",17225,186,53
1627579422,2021-07-29T17:23:42Z,N169CA,"32.070164,-103.882851",17275,185,55
1627579452,2021-07-29T17:24:12Z,N169CA,"32.085251,-103.857437",17275,187,54
1627579485,2021-07-29T17:24:45Z,N169CA,"32.10173,-103.830246",17275,187,54
1627579518,2021-07-29T17:25:18Z,N169CA,"32.118439,-103.802345",17275,187,55
1627579552,2021-07-29T17:25:52Z,N169CA,"32.135193,-103.774437",17300,187,54
1627579584,2021-07-29T17:26:24Z,N169CA,"32.151306,-103.747574",17300,187,54
1627579617,2021-07-29T17:26:57Z,N169CA,"32.167969,-103.71991",17325,187,54
1627579651,2021-07-29T17:27:31Z,N169CA,"32.185043,-103.691544",17325,188,54
1627579683,2021-07-29T17:28:03Z,N169CA,"32.201252,-103.664635",17325,189,54
1627579714,2021-07-29T17:28:34Z,N169CA,"32.216904,-103.638428",17325,188,55
1627579744,2021-07-29T17:29:04Z,N169CA,"32.232117,-103.612961",17300,189,54
1627579777,2021-07-29T17:29:37Z,N169CA,"32.249111,-103.584984",17325,188,55
1627579810,2021-07-29T17:30:10Z,N169CA,"32.265591,-103.557182",17300,189,54
1627579836,2021-07-29T17:30:36Z,N169CA,"32.279369,-103.536057",17300,192,43
1627579839,2021-07-29T17:30:39Z,N169CA,"32.281464,-103.534035",17300,194,37
1627579841,2021-07-29T17:30:41Z,N169CA,"32.282486,-103.533195",17300,195,36
1627579844,2021-07-29T17:30:44Z,N169CA,"32.284927,-103.53109",17300,194,37
1627579846,2021-07-29T17:30:46Z,N169CA,"32.286026,-103.529991",17300,193,39
1627579853,2021-07-29T17:30:53Z,N169CA,"32.289825,-103.523674",17275,184,66
1627579855,2021-07-29T17:30:55Z,N169CA,"32.290169,-103.522209",17275,183,68
1627579856,2021-07-29T17:30:56Z,N169CA,"32.290237,-103.521805",17275,181,74
1627579861,2021-07-29T17:31:01Z,N169CA,"32.2901,-103.516037",17275,174,101
1627579864,2021-07-29T17:31:04Z,N169CA,"32.289238,-103.513519",17275,172,112
1627579867,2021-07-29T17:31:07Z,N169CA,"32.288261,-103.511841",17275,171,122
1627579874,2021-07-29T17:31:14Z,N169CA,"32.283047,-103.508141",17225,171,142
1627579883,2021-07-29T17:31:23Z,N169CA,"32.276203,-103.509369",17175,179,204
1627579889,2021-07-29T17:31:29Z,N169CA,"32.27206,-103.512627",17225,179,216
1627579890,2021-07-29T17:31:30Z,N169CA,"32.271744,-103.512909",17225,179,216
1627579892,2021-07-29T17:31:32Z,N169CA,"32.269775,-103.514778",17250,179,220
1627579895,2021-07-29T17:31:35Z,N169CA,"32.268242,-103.516434",17250,179,221
1627579896,2021-07-29T17:31:36Z,N169CA,"32.267715,-103.517082",17250,180,223
1627579898,2021-07-29T17:31:38Z,N169CA,"32.266296,-103.51873",17250,180,225
1627579901,2021-07-29T17:31:41Z,N169CA,"32.264332,-103.521309",17250,181,228
1627579904,2021-07-29T17:31:44Z,N169CA,"32.262863,-103.523346",17250,181,230
1627579905,2021-07-29T17:31:45Z,N169CA,"32.26268,-103.523674",17250,182,231
1627579907,2021-07-29T17:31:47Z,N169CA,"32.261211,-103.525963",17250,183,233
1627579910,2021-07-29T17:31:50Z,N169CA,"32.259724,-103.528427",17275,183,235
1627579913,2021-07-29T17:31:53Z,N169CA,"32.258331,-103.530815",17275,183,235
1627579916,2021-07-29T17:31:56Z,N169CA,"32.256866,-103.533287",17275,183,235
1627579918,2021-07-29T17:31:58Z,N169CA,"32.256409,-103.534111",17275,183,235
1627579921,2021-07-29T17:32:01Z,N169CA,"32.254623,-103.537079",17250,183,235
1627579922,2021-07-29T17:32:02Z,N169CA,"32.253983,-103.538231",17250,184,235
1627579925,2021-07-29T17:32:05Z,N169CA,"32.25246,-103.540817",17250,185,235
1627579928,2021-07-29T17:32:08Z,N169CA,"32.251648,-103.542244",17250,185,235
1627579959,2021-07-29T17:32:39Z,N169CA,"32.236084,-103.568115",17225,185,234
1627579991,2021-07-29T17:33:11Z,N169CA,"32.219742,-103.595139",17275,185,235
1627580025,2021-07-29T17:33:45Z,N169CA,"32.202988,-103.623215",17250,188,233
1627580058,2021-07-29T17:34:18Z,N169CA,"32.186405,-103.649956",17250,187,235
1627580088,2021-07-29T17:34:48Z,N169CA,"32.170994,-103.676186",17250,188,235
1627580121,2021-07-29T17:35:21Z,N169CA,"32.154934,-103.703087",17275,187,234
1627580151,2021-07-29T17:35:51Z,N169CA,"32.139221,-103.728737",17275,189,234
1627580184,2021-07-29T17:36:24Z,N169CA,"32.122906,-103.755783",17300,187,235
1627580215,2021-07-29T17:36:55Z,N169CA,"32.107498,-103.781845",17325,188,234
1627580247,2021-07-29T17:37:27Z,N169CA,"32.090698,-103.80954",17325,187,234
1627580284,2021-07-29T17:38:04Z,N169CA,"32.072678,-103.840027",17325,189,235
1627580320,2021-07-29T17:38:40Z,N169CA,"32.054054,-103.870461",17325,188,233
1627580350,2021-07-29T17:39:10Z,N169CA,"32.038692,-103.896027",17325,190,235
1627580383,2021-07-29T17:39:43Z,N169CA,"32.021942,-103.924515",17325,189,234
1627580417,2021-07-29T17:40:17Z,N169CA,"32.005455,-103.951736",17325,190,234
1627580449,2021-07-29T17:40:49Z,N169CA,"31.988045,-103.980492",17250,193,233
1627580481,2021-07-29T17:41:21Z,N169CA,"31.972635,-104.006332",17275,192,235
1627580516,2021-07-29T17:41:56Z,N169CA,"31.954201,-104.037048",17275,191,233
1627580549,2021-07-29T17:42:29Z,N169CA,"31.936745,-104.065468",17300,193,234
1627580582,2021-07-29T17:43:02Z,N169CA,"31.919861,-104.09436",17300,193,235
1627580613,2021-07-29T17:43:33Z,N169CA,"31.904205,-104.120071",17300,193,236
1627580631,2021-07-29T17:43:51Z,N169CA,"31.898987,-104.138474",17300,195,249
1627580633,2021-07-29T17:43:53Z,N169CA,"31.898525,-104.139519",17300,192,243
1627580637,2021-07-29T17:43:57Z,N169CA,"31.89587,-104.143272",17325,198,255
1627580639,2021-07-29T17:43:59Z,N169CA,"31.894196,-104.144562",17325,182,215
1627580643,2021-07-29T17:44:03Z,N169CA,"31.891022,-104.145828",17325,178,199
1627580643,2021-07-29T17:44:03Z,N169CA,"31.891401,-104.145737",17325,178,199
1627580645,2021-07-29T17:44:05Z,N169CA,"31.889307,-104.145905",17300,174,181
1627580656,2021-07-29T17:44:16Z,N169CA,"31.88237,-104.141548",17325,164,131
1627580686,2021-07-29T17:44:46Z,N169CA,"31.885117,-104.115562",17375,176,67
1627580694,2021-07-29T17:44:54Z,N169CA,"31.888563,-104.108124",17350,181,56
1627580700,2021-07-29T17:45:00Z,N169CA,"31.891251,-104.103699",17350,181,54
1627580704,2021-07-29T17:45:04Z,N169CA,"31.892944,-104.101006",17350,181,53
1627580706,2021-07-29T17:45:06Z,N169CA,"31.894455,-104.098648",17350,182,52
1627580710,2021-07-29T17:45:10Z,N169CA,"31.896244,-104.095848",17375,181,53
1627580715,2021-07-29T17:45:15Z,N169CA,"31.898943,-104.09137",17350,182,55
1627580748,2021-07-29T17:45:48Z,N169CA,"31.914505,-104.06514",17300,186,54
1627580779,2021-07-29T17:46:19Z,N169CA,"31.930134,-104.039185",17350,184,54
1627580811,2021-07-29T17:46:51Z,N169CA,"31.946045,-104.012344",17325,185,55
1627580846,2021-07-29T17:47:26Z,N169CA,"31.962767,-103.984306",17275,188,55
1627580878,2021-07-29T17:47:58Z,N169CA,"31.979572,-103.956673",17250,190,53
1627580911,2021-07-29T17:48:31Z,N169CA,"31.996378,-103.928925",17200,189,55
1627580941,2021-07-29T17:49:01Z,N169CA,"32.011459,-103.90358",17175,189,55
1627580974,2021-07-29T17:49:34Z,N169CA,"32.028259,-103.875565",17175,189,56
1627581005,2021-07-29T17:50:05Z,N169CA,"32.04414,-103.848938",17150,190,53
1627581039,2021-07-29T17:50:39Z,N169CA,"32.061264,-103.820801",17200,189,54
1627581071,2021-07-29T17:51:11Z,N169CA,"32.07761,-103.793617",17150,191,55
1627581101,2021-07-29T17:51:41Z,N169CA,"32.093021,-103.768166",17150,190,55
1627581137,2021-07-29T17:52:17Z,N169CA,"32.110977,-103.737579",17225,186,54
1627581171,2021-07-29T17:52:51Z,N169CA,"32.127979,-103.70948",17300,186,55
1627581201,2021-07-29T17:53:21Z,N169CA,"32.143066,-103.684624",17300,186,53
1627581233,2021-07-29T17:53:53Z,N169CA,"32.158237,-103.659088",17375,184,55
1627581265,2021-07-29T17:54:25Z,N169CA,"32.174484,-103.632126",17325,188,54
1627581297,2021-07-29T17:54:57Z,N169CA,"32.190594,-103.605446",17300,188,54
1627581328,2021-07-29T17:55:28Z,N169CA,"32.206604,-103.578606",17325,186,55
1627581359,2021-07-29T17:55:59Z,N169CA,"32.221504,-103.553314",17350,187,55
1627581391,2021-07-29T17:56:31Z,N169CA,"32.238171,-103.525848",17325,188,53
1627581416,2021-07-29T17:56:56Z,N169CA,"32.251858,-103.506683",17300,195,36
1627581418,2021-07-29T17:56:58Z,N169CA,"32.253857,-103.505165",17300,196,32
1627581419,2021-07-29T17:56:59Z,N169CA,"32.254322,-103.504829",17300,196,31
1627581422,2021-07-29T17:57:02Z,N169CA,"32.256603,-103.503098",17300,195,33
1627581423,2021-07-29T17:57:03Z,N169CA,"32.257629,-103.502197",17300,194,36
1627581425,2021-07-29T17:57:05Z,N169CA,"32.258698,-103.501076",17300,193,41
1627581431,2021-07-29T17:57:11Z,N169CA,"32.261539,-103.496254",17300,182,64
1627581432,2021-07-29T17:57:12Z,N169CA,"32.26181,-103.495438",17325,180,68
1627581434,2021-07-29T17:57:14Z,N169CA,"32.262222,-103.493515",17350,177,76
1627581438,2021-07-29T17:57:18Z,N169CA,"32.26236,-103.490166",17350,172,91
1627581440,2021-07-29T17:57:20Z,N169CA,"32.262005,-103.487846",17350,171,100
1627581441,2021-07-29T17:57:21Z,N169CA,"32.261627,-103.486542",17350,169,110
1627581443,2021-07-29T17:57:23Z,N169CA,"32.260979,-103.485161",17350,169,114
1627581449,2021-07-29T17:57:29Z,N169CA,"32.257397,-103.481178",17325,169,111
1627581450,2021-07-29T17:57:30Z,N169CA,"32.256977,-103.480896",17325,169,151
1627581453,2021-07-29T17:57:33Z,N169CA,"32.25531,-103.480225",17325,168,162
1627581455,2021-07-29T17:57:35Z,N169CA,"32.252739,-103.479836",17325,170,176
1627581458,2021-07-29T17:57:38Z,N169CA,"32.250179,-103.48011",17350,171,188
1627581461,2021-07-29T17:57:41Z,N169CA,"32.247852,-103.480843",17350,175,197
1627581464,2021-07-29T17:57:44Z,N169CA,"32.245514,-103.48204",17325,178,204
1627581465,2021-07-29T17:57:45Z,N169CA,"32.244736,-103.482475",17325,178,205
1627581468,2021-07-29T17:57:48Z,N169CA,"32.243664,-103.483253",17325,179,211
1627581470,2021-07-29T17:57:50Z,N169CA,"32.241474,-103.4851",17325,182,217
1627581472,2021-07-29T17:57:52Z,N169CA,"32.240311,-103.486221",17325,183,220
1627581476,2021-07-29T17:57:56Z,N169CA,"32.237888,-103.489021",17325,186,226
1627581479,2021-07-29T17:57:59Z,N169CA,"32.236214,-103.491432",17325,187,232
1627581482,2021-07-29T17:58:02Z,N169CA,"32.234818,-103.49379",17325,188,235
1627581484,2021-07-29T17:58:04Z,N169CA,"32.233887,-103.495384",17325,189,235
1627581485,2021-07-29T17:58:05Z,N169CA,"32.233383,-103.496262",17325,190,236
1627581487,2021-07-29T17:58:07Z,N169CA,"32.232605,-103.497635",17325,190,236
1627581488,2021-07-29T17:58:08Z,N169CA,"32.231781,-103.499008",17325,189,235
1627581493,2021-07-29T17:58:13Z,N169CA,"32.229218,-103.503242",17300,190,234
1627581494,2021-07-29T17:58:14Z,N169CA,"32.228714,-103.504066",17300,190,233
1627581496,2021-07-29T17:58:16Z,N169CA,"32.227753,-103.505547",17300,191,233
1627581497,2021-07-29T17:58:17Z,N169CA,"32.227322,-103.506348",17300,190,233
1627581498,2021-07-29T17:58:18Z,N169CA,"32.226997,-103.506851",17300,190,233
1627581499,2021-07-29T17:58:19Z,N169CA,"32.226158,-103.508194",17300,190,234
1627581500,2021-07-29T17:58:20Z,N169CA,"32.225647,-103.509033",17300,190,234
1627581503,2021-07-29T17:58:23Z,N169CA,"32.224182,-103.511482",17300,191,235
1627581535,2021-07-29T17:58:55Z,N169CA,"32.208069,-103.538452",17300,192,234
1627581568,2021-07-29T17:59:28Z,N169CA,"32.190548,-103.567047",17275,194,235
1627581600,2021-07-29T18:00:00Z,N169CA,"32.174393,-103.594574",17250,194,234
1627581634,2021-07-29T18:00:34Z,N169CA,"32.157166,-103.62233",17200,194,233
1627581665,2021-07-29T18:01:05Z,N169CA,"32.140411,-103.650787",17225,191,236
1627581697,2021-07-29T18:01:37Z,N169CA,"32.124756,-103.677208",17225,192,234
1627581730,2021-07-29T18:02:10Z,N169CA,"32.107357,-103.705391",17225,191,233
1627581761,2021-07-29T18:02:41Z,N169CA,"32.091156,-103.733238",17200,191,236
1627581792,2021-07-29T18:03:12Z,N169CA,"32.075043,-103.759933",17225,192,234
1627581824,2021-07-29T18:03:44Z,N169CA,"32.059128,-103.786499",17225,191,234
1627581857,2021-07-29T18:04:17Z,N169CA,"32.042358,-103.813934",17225,190,234
1627581888,2021-07-29T18:04:48Z,N169CA,"32.026428,-103.840904",17200,191,234
1627581920,2021-07-29T18:05:20Z,N169CA,"32.010086,-103.867599",17250,190,233
1627581953,2021-07-29T18:05:53Z,N169CA,"31.992792,-103.895966",17200,193,235
1627581984,2021-07-29T18:06:24Z,N169CA,"31.977524,-103.922371",17200,193,234
1627582015,2021-07-29T18:06:55Z,N169CA,"31.961243,-103.948845",17225,190,234
1627582050,2021-07-29T18:07:30Z,N169CA,"31.943024,-103.978561",17200,191,234
1627582083,2021-07-29T18:08:03Z,N169CA,"31.926819,-104.006577",17225,190,235
1627582113,2021-07-29T18:08:33Z,N169CA,"31.911163,-104.032394",17175,192,234
1627582149,2021-07-29T18:09:09Z,N169CA,"31.892519,-104.063232",17200,191,234
1627582182,2021-07-29T18:09:42Z,N169CA,"31.875528,-104.091812",17175,193,234
1627582195,2021-07-29T18:09:55Z,N169CA,"31.87001,-104.102768",17150,197,247
1627582197,2021-07-29T18:09:57Z,N169CA,"31.869141,-104.105843",17150,198,252
1627582200,2021-07-29T18:10:00Z,N169CA,"31.868271,-104.108864",17175,196,251
1627582204,2021-07-29T18:10:04Z,N169CA,"31.867172,-104.111992",17200,192,245
1627582211,2021-07-29T18:10:11Z,N169CA,"31.86375,-104.117264",17200,185,224
1627582213,2021-07-29T18:10:13Z,N169CA,"31.861633,-104.11908",17200,182,218
1627582217,2021-07-29T18:10:17Z,N169CA,"31.858612,-104.120506",17200,178,205
1627582235,2021-07-29T18:10:35Z,N169CA,"31.846664,-104.115288",17200,165,126
1627582237,2021-07-29T18:10:37Z,N169CA,"31.845932,-104.113693",17200,165,126
1627582255,2021-07-29T18:10:55Z,N169CA,"31.848633,-104.098152",17225,175,56
1627582257,2021-07-29T18:10:57Z,N169CA,"31.850006,-104.095787",17225,176,55
1627582259,2021-07-29T18:10:59Z,N169CA,"31.850922,-104.094193",17225,178,55
1627582264,2021-07-29T18:11:04Z,N169CA,"31.852903,-104.090919",17200,179,55
1627582267,2021-07-29T18:11:07Z,N169CA,"31.854263,-104.088593",17175,180,54
1627582299,2021-07-29T18:11:39Z,N169CA,"31.870127,-104.062721",17250,178,54
1627582331,2021-07-29T18:12:11Z,N169CA,"31.885303,-104.037163",17275,178,55
1627582368,2021-07-29T18:12:48Z,N169CA,"31.902668,-104.008469",17325,179,54
1627582399,2021-07-29T18:13:19Z,N169CA,"31.917938,-103.982903",17350,179,55
1627582435,2021-07-29T18:13:55Z,N169CA,"31.935534,-103.953308",17300,184,54
1627582467,2021-07-29T18:14:27Z,N169CA,"31.950989,-103.928032",17300,185,53
1627582499,2021-07-29T18:14:59Z,N169CA,"31.966553,-103.902817",17300,186,55
1627582530,2021-07-29T18:15:30Z,N169CA,"31.982254,-103.875565",17300,186,55
1627582565,2021-07-29T18:16:05Z,N169CA,"31.999969,-103.846344",17300,186,55
1627582597,2021-07-29T18:16:37Z,N169CA,"32.015652,-103.820015",17275,187,54
1627582628,2021-07-29T18:17:08Z,N169CA,"32.031326,-103.794601",17275,187,54
1627582658,2021-07-29T18:17:38Z,N169CA,"32.046707,-103.768341",17275,187,55
1627582692,2021-07-29T18:18:12Z,N169CA,"32.06332,-103.7407",17275,188,54
1627582724,2021-07-29T18:18:44Z,N169CA,"32.08017,-103.712784",17275,187,54
1627582755,2021-07-29T18:19:15Z,N169CA,"32.095814,-103.688011",17275,190,44
1627582758,2021-07-29T18:19:18Z,N169CA,"32.097107,-103.686714",17275,192,39
1627582761,2021-07-29T18:19:21Z,N169CA,"32.099861,-103.68454",17275,195,32
1627582764,2021-07-29T18:19:24Z,N169CA,"32.102142,-103.6828",17250,195,32
1627582769,2021-07-29T18:19:29Z,N169CA,"32.105728,-103.679382",17250,192,41
1627582775,2021-07-29T18:19:35Z,N169CA,"32.108597,-103.674187",17250,184,65
1627582776,2021-07-29T18:19:36Z,N169CA,"32.108917,-103.673256",17250,183,68
1627582779,2021-07-29T18:19:39Z,N169CA,"32.10936,-103.67086",17250,180,79
1627582780,2021-07-29T18:19:40Z,N169CA,"32.109451,-103.66935",17250,178,85
1627582782,2021-07-29T18:19:42Z,N169CA,"32.109421,-103.66787",17250,177,89
1627582785,2021-07-29T18:19:45Z,N169CA,"32.108871,-103.664963",17250,172,104
1627582788,2021-07-29T18:19:48Z,N169CA,"32.107918,-103.662506",17250,170,117
1627582792,2021-07-29T18:19:52Z,N169CA,"32.105682,-103.659424",17250,169,137
1627582793,2021-07-29T18:19:53Z,N169CA,"32.104656,-103.658585",17250,169,144
1627582794,2021-07-29T18:19:54Z,N169CA,"32.104378,-103.658417",17250,169,144
1627582799,2021-07-29T18:19:59Z,N169CA,"32.101227,-103.657104",17250,170,167
1627582800,2021-07-29T18:20:00Z,N169CA,"32.100048,-103.657013",17250,171,174
1627582803,2021-07-29T18:20:03Z,N169CA,"32.098526,-103.657104",17250,173,184
1627582806,2021-07-29T18:20:06Z,N169CA,"32.095413,-103.658203",17250,177,202
1627582808,2021-07-29T18:20:08Z,N169CA,"32.093216,-103.659683",17250,180,211
1627582810,2021-07-29T18:20:10Z,N169CA,"32.09288,-103.659927",17225,181,212
1627582813,2021-07-29T18:20:13Z,N169CA,"32.090881,-103.661606",17225,182,215
1627582815,2021-07-29T18:20:15Z,N169CA,"32.088875,-103.663292",17225,182,217
1627582821,2021-07-29T18:20:21Z,N169CA,"32.085068,-103.667488",17250,186,226
1627582824,2021-07-29T18:20:24Z,N169CA,"32.08329,-103.669853",17225,187,229
1627582827,2021-07-29T18:20:27Z,N169CA,"32.08168,-103.672157",17225,187,231
1627582830,2021-07-29T18:20:30Z,N169CA,"32.079987,-103.674736",17225,188,233
1627582834,2021-07-29T18:20:34Z,N169CA,"32.078568,-103.677048",17250,188,234
1627582836,2021-07-29T18:20:36Z,N169CA,"32.07692,-103.679733",17250,189,234
1627582839,2021-07-29T18:20:39Z,N169CA,"32.0755,-103.682098",17250,190,235
1627582843,2021-07-29T18:20:43Z,N169CA,"32.073841,-103.684929",17250,190,235
1627582845,2021-07-29T18:20:45Z,N169CA,"32.072479,-103.68721",17225,190,235
1627582881,2021-07-29T18:21:21Z,N169CA,"32.054077,-103.717804",17300,189,234
1627582914,2021-07-29T18:21:54Z,N169CA,"32.037048,-103.745438",17325,189,234
1627582944,2021-07-29T18:22:24Z,N169CA,"32.022076,-103.771477",17300,192,235
1627582978,2021-07-29T18:22:58Z,N169CA,"32.005268,-103.799164",17300,194,234
1627583008,2021-07-29T18:23:28Z,N169CA,"31.989162,-103.825623",17300,194,234
1627583042,2021-07-29T18:24:02Z,N169CA,"31.971588,-103.854584",17300,193,234
1627583070,2021-07-29T18:24:30Z,N169CA,"31.957031,-103.879356",17300,194,235
1627583106,2021-07-29T18:25:06Z,N169CA,"31.938885,-103.90976",17325,192,234
1627583138,2021-07-29T18:25:38Z,N169CA,"31.922499,-103.93689",17325,194,234
1627583171,2021-07-29T18:26:11Z,N169CA,"31.904902,-103.966202",17325,193,234
1627583202,2021-07-29T18:26:42Z,N169CA,"31.889328,-103.991913",17350,195,235
1627583235,2021-07-29T18:27:15Z,N169CA,"31.872162,-104.021133",17350,195,235
1627583267,2021-07-29T18:27:47Z,N169CA,"31.854767,-104.049263",17350,195,235
1627583297,2021-07-29T18:28:17Z,N169CA,"31.839962,-104.076515",17400,195,247
1627583300,2021-07-29T18:28:20Z,N169CA,"31.839125,-104.079536",17425,197,252
1627583303,2021-07-29T18:28:23Z,N169CA,"31.838333,-104.08255",17400,197,251
1627583315,2021-07-29T18:28:35Z,N169CA,"31.832611,-104.092331",17450,184,221
1627583322,2021-07-29T18:28:42Z,N169CA,"31.827896,-104.095238",17450,176,199
1627583328,2021-07-29T18:28:48Z,N169CA,"31.823111,-104.095741",17450,170,175
1627583358,2021-07-29T18:29:18Z,N169CA,"31.81757,-104.073875",17425,175,62
1627583390,2021-07-29T18:29:50Z,N169CA,"31.833118,-104.047363",17425,181,55
1627583421,2021-07-29T18:30:21Z,N169CA,"31.848129,-104.022728",17350,187,54
1627583460,2021-07-29T18:31:00Z,N169CA,"31.86738,-103.989914",17300,190,54
1627583493,2021-07-29T18:31:33Z,N169CA,"31.884567,-103.961922",17300,191,55
1627583526,2021-07-29T18:32:06Z,N169CA,"31.901596,-103.933357",17250,196,54
1627583560,2021-07-29T18:32:40Z,N169CA,"31.919083,-103.904518",17250,196,55
1627583593,2021-07-29T18:33:13Z,N169CA,"31.93634,-103.875626",17250,195,55
1627583623,2021-07-29T18:33:43Z,N169CA,"31.951584,-103.849808",17250,196,54
1627583656,2021-07-29T18:34:16Z,N169CA,"31.969528,-103.820908",17225,197,54
1627583686,2021-07-29T18:34:46Z,N169CA,"31.985437,-103.794235",17225,196,54
1627583718,2021-07-29T18:35:18Z,N169CA,"32.002102,-103.767105",17225,199,44
1627583719,2021-07-29T18:35:19Z,N169CA,"32.003448,-103.765762",17225,200,39
1627583722,2021-07-29T18:35:22Z,N169CA,"32.005779,-103.763794",17225,201,33
1627583725,2021-07-29T18:35:25Z,N169CA,"32.008301,-103.762024",17225,202,31
1627583728,2021-07-29T18:35:28Z,N169CA,"32.010483,-103.760155",17225,201,37
1627583731,2021-07-29T18:35:31Z,N169CA,"32.01202,-103.758362",17225,198,44
1627583736,2021-07-29T18:35:36Z,N169CA,"32.014484,-103.75354",17250,188,67
1627583738,2021-07-29T18:35:38Z,N169CA,"32.014812,-103.752136",17275,186,73
1627583739,2021-07-29T18:35:39Z,N169CA,"32.015076,-103.750488",17275,184,80
1627583740,2021-07-29T18:35:40Z,N169CA,"32.015121,-103.749496",17275,183,84
1627583745,2021-07-29T18:35:45Z,N169CA,"32.014435,-103.744827",17275,181,106
1627583746,2021-07-29T18:35:46Z,N169CA,"32.013973,-103.743675",17250,180,115
1627583747,2021-07-29T18:35:47Z,N169CA,"32.013741,-103.743164",17250,180,117
1627583750,2021-07-29T18:35:50Z,N169CA,"32.012344,-103.741203",17225,179,131
1627583752,2021-07-29T18:35:52Z,N169CA,"32.011089,-103.739975",17225,179,131
1627583753,2021-07-29T18:35:53Z,N169CA,"32.010391,-103.73941",17225,179,138
1627583755,2021-07-29T18:35:55Z,N169CA,"32.00885,-103.738571",17225,178,155
1627583757,2021-07-29T18:35:57Z,N169CA,"32.006851,-103.737953",17225,179,160
1627583759,2021-07-29T18:35:59Z,N169CA,"32.005501,-103.737785",17250,178,174
1627583769,2021-07-29T18:36:09Z,N169CA,"31.998611,-103.740028",17300,186,207
1627583771,2021-07-29T18:36:11Z,N169CA,"31.996353,-103.741753",17275,188,215
1627583777,2021-07-29T18:36:17Z,N169CA,"31.992554,-103.745766",17275,190,224
1627583779,2021-07-29T18:36:19Z,N169CA,"31.990511,-103.748268",17300,191,227
1627583783,2021-07-29T18:36:23Z,N169CA,"31.988789,-103.750679",17300,193,230
1627583785,2021-07-29T18:36:25Z,N169CA,"31.987152,-103.753067",17300,193,231
1627583788,2021-07-29T18:36:28Z,N169CA,"31.986275,-103.754494",17300,194,232
1627583790,2021-07-29T18:36:30Z,N169CA,"31.984552,-103.75724",17325,193,234
1627583791,2021-07-29T18:36:31Z,N169CA,"31.983994,-103.758179",17325,193,234
1627583795,2021-07-29T18:36:35Z,N169CA,"31.982271,-103.760994",17325,194,234
1627583797,2021-07-29T18:36:37Z,N169CA,"31.980875,-103.763237",17325,194,234
1627583801,2021-07-29T18:36:41Z,N169CA,"31.97937,-103.765701",17325,195,234
1627583804,2021-07-29T18:36:44Z,N169CA,"31.977585,-103.768669",17325,196,235
1627583833,2021-07-29T18:37:13Z,N169CA,"31.961929,-103.795036",17275,201,234
1627583866,2021-07-29T18:37:46Z,N169CA,"31.943773,-103.824722",17275,203,235
1627583899,2021-07-29T18:38:19Z,N169CA,"31.926502,-103.853592",17250,202,234
1627583929,2021-07-29T18:38:49Z,N169CA,"31.909557,-103.881508",17250,202,235
1627583961,2021-07-29T18:39:21Z,N169CA,"31.893078,-103.909142",17300,201,234
1627583993,2021-07-29T18:39:53Z,N169CA,"31.875341,-103.938347",17300,202,235
1627584026,2021-07-29T18:40:26Z,N169CA,"31.857838,-103.968216",17300,201,233
1627584059,2021-07-29T18:40:59Z,N169CA,"31.839775,-103.997871",17325,201,234
1627584092,2021-07-29T18:41:32Z,N169CA,"31.821993,-104.02758",17300,202,234
1627584119,2021-07-29T18:41:59Z,N169CA,"31.808899,-104.052834",17350,206,252
1627584123,2021-07-29T18:42:03Z,N169CA,"31.807934,-104.056557",17375,205,253
1627584124,2021-07-29T18:42:04Z,N169CA,"31.807526,-104.058159",17400,205,253
1627584125,2021-07-29T18:42:05Z,N169CA,"31.807003,-104.0597",17400,203,249
1627584128,2021-07-29T18:42:08Z,N169CA,"31.806061,-104.062225",17400,202,246
1627584135,2021-07-29T18:42:15Z,N169CA,"31.802395,-104.067711",17375,195,223
1627584136,2021-07-29T18:42:16Z,N169CA,"31.801346,-104.06871",17375,194,221
1627584137,2021-07-29T18:42:17Z,N169CA,"31.800339,-104.069534",17375,191,214
1627584140,2021-07-29T18:42:20Z,N169CA,"31.798391,-104.07074",17375,192,216
1627584144,2021-07-29T18:42:24Z,N169CA,"31.795784,-104.071693",17375,192,216
1627584150,2021-07-29T18:42:30Z,N169CA,"31.790726,-104.071732",17375,181,188
1627584163,2021-07-29T18:42:43Z,N169CA,"31.782656,-104.063454",17350,173,116
1627584166,2021-07-29T18:42:46Z,N169CA,"31.78212,-104.060959",17325,173,116
1627584180,2021-07-29T18:43:00Z,N169CA,"31.785965,-104.048492",17275,192,53
1627584185,2021-07-29T18:43:05Z,N169CA,"31.789127,-104.043777",17250,192,52
1627584189,2021-07-29T18:43:09Z,N169CA,"31.790909,-104.041023",17250,192,52
1627584192,2021-07-29T18:43:12Z,N169CA,"31.792572,-104.038452",17250,192,53
1627584195,2021-07-29T18:43:15Z,N169CA,"31.794388,-104.03553",17275,190,54
1627584197,2021-07-29T18:43:17Z,N169CA,"31.795458,-104.033745",17275,190,54
1627584231,2021-07-29T18:43:51Z,N169CA,"31.812403,-104.005104",17325,191,54
1627584261,2021-07-29T18:44:21Z,N169CA,"31.828045,-103.979202",17275,193,55
1627584294,2021-07-29T18:44:54Z,N169CA,"31.845474,-103.950821",17275,194,54
1627584326,2021-07-29T18:45:26Z,N169CA,"31.861376,-103.923767",17275,195,55
1627584360,2021-07-29T18:46:00Z,N169CA,"31.879578,-103.893417",17300,193,55
1627584393,2021-07-29T18:46:33Z,N169CA,"31.896057,-103.865898",17275,195,55
1627584424,2021-07-29T18:47:04Z,N169CA,"31.912582,-103.838707",17300,195,54
1627584460,2021-07-29T18:47:40Z,N169CA,"31.931717,-103.807457",17275,196,55
1627584493,2021-07-29T18:48:13Z,N169CA,"31.94759,-103.777138",17300,193,64
1627584496,2021-07-29T18:48:16Z,N169CA,"31.948475,-103.774666",17300,192,67
1627584499,2021-07-29T18:48:19Z,N169CA,"31.949432,-103.771584",17275,192,69
1627584501,2021-07-29T18:48:21Z,N169CA,"31.950211,-103.768997",17275,191,71
1627584505,2021-07-29T18:48:25Z,N169CA,"31.95108,-103.765648",17275,191,72
1627584508,2021-07-29T18:48:28Z,N169CA,"31.951767,-103.762901",17275,191,74
1627584511,2021-07-29T18:48:31Z,N169CA,"31.952362,-103.760269",17275,190,75
1627584514,2021-07-29T18:48:34Z,N169CA,"31.953037,-103.757126",17275,190,76
1627584517,2021-07-29T18:48:37Z,N169CA,"31.953735,-103.753761",17275,190,77
1627584520,2021-07-29T18:48:40Z,N169CA,"31.954193,-103.751205",17275,190,77
1627584523,2021-07-29T18:48:43Z,N169CA,"31.954834,-103.747742",17250,190,77
1627584556,2021-07-29T18:49:16Z,N169CA,"31.959368,-103.713799",17250,187,84
1627584591,2021-07-29T18:49:51Z,N169CA,"31.961697,-103.678314",17250,187,85
1627584622,2021-07-29T18:50:22Z,N169CA,"31.963604,-103.646309",17250,187,85
1627584656,2021-07-29T18:50:56Z,N169CA,"31.965363,-103.612442",17225,188,87
1627584688,2021-07-29T18:51:28Z,N169CA,"31.966864,-103.578934",17225,187,86
1627584722,2021-07-29T18:52:02Z,N169CA,"31.96826,-103.54541",17200,186,86
1627584755,2021-07-29T18:52:35Z,N169CA,"31.96933,-103.511559",17200,184,89
1627584788,2021-07-29T18:53:08Z,N169CA,"31.969345,-103.47863",17175,184,90
1627584823,2021-07-29T18:53:43Z,N169CA,"31.96994,-103.444412",17150,184,87
1627584853,2021-07-29T18:54:13Z,N169CA,"31.97068,-103.414474",17200,182,89
1627584884,2021-07-29T18:54:44Z,N169CA,"31.970993,-103.382118",17175,184,89
1627584918,2021-07-29T18:55:18Z,N169CA,"31.971518,-103.349289",17175,184,88
1627584951,2021-07-29T18:55:51Z,N169CA,"31.971497,-103.316032",17150,184,91
1627584990,2021-07-29T18:56:30Z,N169CA,"31.970993,-103.276871",17150,182,90
1627585022,2021-07-29T18:57:02Z,N169CA,"31.970673,-103.245667",17150,181,90
1627585054,2021-07-29T18:57:34Z,N169CA,"31.97049,-103.214249",17150,184,90
1627585085,2021-07-29T18:58:05Z,N169CA,"31.970123,-103.18354",17200,181,90
1627585119,2021-07-29T18:58:39Z,N169CA,"31.969849,-103.149704",17225,181,90
1627585152,2021-07-29T18:59:12Z,N169CA,"31.969517,-103.117058",17225,182,90
1627585184,2021-07-29T18:59:44Z,N169CA,"31.968912,-103.085106",17225,180,90
1627585216,2021-07-29T19:00:16Z,N169CA,"31.968018,-103.054283",17200,181,92
1627585252,2021-07-29T19:00:52Z,N169CA,"31.966415,-103.018692",17200,183,92
1627585282,2021-07-29T19:01:22Z,N169CA,"31.9655,-102.988365",17175,182,92
1627585315,2021-07-29T19:01:55Z,N169CA,"31.964117,-102.95546",17175,183,93
1627585349,2021-07-29T19:02:29Z,N169CA,"31.961746,-102.922287",17200,181,95
1627585380,2021-07-29T19:03:00Z,N169CA,"31.958588,-102.890976",17225,183,97
1627585413,2021-07-29T19:03:33Z,N169CA,"31.95433,-102.859497",17225,182,100
1627585445,2021-07-29T19:04:05Z,N169CA,"31.950211,-102.827805",17225,181,96
1627585482,2021-07-29T19:04:42Z,N169CA,"31.946915,-102.790886",17225,185,94
1627585515,2021-07-29T19:05:15Z,N169CA,"31.945356,-102.758095",17200,186,91
1627585545,2021-07-29T19:05:45Z,N169CA,"31.944937,-102.726929",17225,187,90
1627585578,2021-07-29T19:06:18Z,N169CA,"31.945633,-102.693382",17275,186,88
1627585612,2021-07-29T19:06:52Z,N169CA,"31.946411,-102.659378",17250,187,87
1627585645,2021-07-29T19:07:25Z,N169CA,"31.948196,-102.625656",17275,187,84
1627585679,2021-07-29T19:07:59Z,N169CA,"31.951176,-102.591621",17325,185,84
1627585712,2021-07-29T19:08:32Z,N169CA,"31.953968,-102.558441",17325,187,84
1627585745,2021-07-29T19:09:05Z,N169CA,"31.957031,-102.524246",17325,188,83
1627585776,2021-07-29T19:09:36Z,N169CA,"31.960739,-102.493431",17300,189,79
1627585809,2021-07-29T19:10:09Z,N169CA,"31.967375,-102.460342",17300,191,75
1627585839,2021-07-29T19:10:39Z,N169CA,"31.97459,-102.42952",17275,192,74
1627585875,2021-07-29T19:11:15Z,N169CA,"31.98381,-102.393021",17275,194,72
1627585906,2021-07-29T19:11:46Z,N169CA,"31.99205,-102.362366",17250,194,72
1627585923,2021-07-29T19:12:03Z,N169CA,"31.997635,-102.345886",17250,195,60
1627585927,2021-07-29T19:12:07Z,N169CA,"31.999878,-102.341988",17250,197,54
1627585928,2021-07-29T19:12:08Z,N169CA,"32.000195,-102.341568",17250,197,54
1627585931,2021-07-29T19:12:11Z,N169CA,"32.002895,-102.337761",17225,198,49
1627585933,2021-07-29T19:12:13Z,N169CA,"32.003448,-102.337044",17225,198,48
1627585938,2021-07-29T19:12:18Z,N169CA,"32.006012,-102.333832",17250,198,46
1627585939,2021-07-29T19:12:19Z,N169CA,"32.007111,-102.332481",17250,198,46
1627585945,2021-07-29T19:12:25Z,N169CA,"32.011093,-102.32798",17250,199,42
1627585948,2021-07-29T19:12:28Z,N169CA,"32.013275,-102.32576",17250,200,40
1627585954,2021-07-29T19:12:34Z,N169CA,"32.016815,-102.322762",17250,201,34
1627585957,2021-07-29T19:12:37Z,N169CA,"32.020584,-102.320435",17250,203,26
1627585959,2021-07-29T19:12:39Z,N169CA,"32.022678,-102.319374",17250,203,23
1627585963,2021-07-29T19:12:43Z,N169CA,"32.025799,-102.317802",17250,203,23
1627585966,2021-07-29T19:12:46Z,N169CA,"32.028358,-102.316406",17275,203,24
1627585969,2021-07-29T19:12:49Z,N169CA,"32.031105,-102.314888",17275,202,26
1627585973,2021-07-29T19:12:53Z,N169CA,"32.034348,-102.312927",17275,202,27
1627585975,2021-07-29T19:12:55Z,N169CA,"32.035995,-102.311882",17275,202,27
1627585978,2021-07-29T19:12:58Z,N169CA,"32.038513,-102.310287",17275,203,28
1627586008,2021-07-29T19:13:28Z,N169CA,"32.06369,-102.294197",17250,204,28
1627586038,2021-07-29T19:13:58Z,N169CA,"32.089481,-102.279915",17200,208,12
1627586043,2021-07-29T19:14:03Z,N169CA,"32.093391,-102.279633",17200,212,359
1627586045,2021-07-29T19:14:05Z,N169CA,"32.095535,-102.279968",17200,212,352
1627586048,2021-07-29T19:14:08Z,N169CA,"32.098709,-102.281013",17200,215,341
1627586049,2021-07-29T19:14:09Z,N169CA,"32.099724,-102.281479",17200,215,338
1627586053,2021-07-29T19:14:13Z,N169CA,"32.102516,-102.283333",17200,217,327
1627586055,2021-07-29T19:14:15Z,N169CA,"32.105392,-102.286179",17150,218,317
1627586058,2021-07-29T19:14:18Z,N169CA,"32.10638,-102.287537",17150,219,312
1627586063,2021-07-29T19:14:23Z,N169CA,"32.109695,-102.295517",17100,216,285
1627586069,2021-07-29T19:14:29Z,N169CA,"32.110107,-102.300072",17150,212,275
1627586070,2021-07-29T19:14:30Z,N169CA,"32.110058,-102.301323",17175,212,275
1627586073,2021-07-29T19:14:33Z,N169CA,"32.109467,-102.305679",17175,206,256
1627586075,2021-07-29T19:14:35Z,N169CA,"32.109009,-102.307159",17175,205,251
1627586076,2021-07-29T19:14:36Z,N169CA,"32.108688,-102.308205",17175,212,275
1627586083,2021-07-29T19:14:43Z,N169CA,"32.105484,-102.313583",17125,199,227
1627586084,2021-07-29T19:14:44Z,N169CA,"32.104385,-102.314682",17125,198,222
1627586086,2021-07-29T19:14:46Z,N169CA,"32.102921,-102.315948",17125,202,240
1627586087,2021-07-29T19:14:47Z,N169CA,"32.102097,-102.316574",17125,193,212
1627586089,2021-07-29T19:14:49Z,N169CA,"32.100513,-102.31752",17150,191,207
1627586090,2021-07-29T19:14:50Z,N169CA,"32.099396,-102.318138",17175,189,204
1627586093,2021-07-29T19:14:53Z,N169CA,"32.097061,-102.319138",17200,185,198
1627586099,2021-07-29T19:14:59Z,N169CA,"32.092072,-102.320068",17250,180,182
1627586102,2021-07-29T19:15:02Z,N169CA,"32.089527,-102.319824",17250,178,174
1627586105,2021-07-29T19:15:05Z,N169CA,"32.087219,-102.319138",17250,176,163
1627586112,2021-07-29T19:15:12Z,N169CA,"32.082405,-102.316795",17250,176,156
1627586113,2021-07-29T19:15:13Z,N169CA,"32.082127,-102.316681",17250,176,156
1627586118,2021-07-29T19:15:18Z,N169CA,"32.077888,-102.314499",17250,177,156
1627586121,2021-07-29T19:15:21Z,N169CA,"32.075684,-102.31337",17250,178,155
1627586122,2021-07-29T19:15:22Z,N169CA,"32.074261,-102.312592",17250,179,155
1627586123,2021-07-29T19:15:23Z,N169CA,"32.07312,-102.311996",17250,179,155
1627586127,2021-07-29T19:15:27Z,N169CA,"32.071152,-102.310951",17250,178,155
1627586129,2021-07-29T19:15:29Z,N169CA,"32.068909,-102.309685",17250,178,154
1627586130,2021-07-29T19:15:30Z,N169CA,"32.068253,-102.309341",17250,178,155
1627586133,2021-07-29T19:15:33Z,N169CA,"32.066578,-102.308441",17275,178,154
1627586164,2021-07-29T19:16:04Z,N169CA,"32.04414,-102.295715",17275,182,154
1627586199,2021-07-29T19:16:39Z,N169CA,"32.015182,-102.282997",17300,184,183
1627586205,2021-07-29T19:16:45Z,N169CA,"32.010296,-102.284958",17300,188,207
1627586208,2021-07-29T19:16:48Z,N169CA,"32.008118,-102.286835",17350,189,219
1627586211,2021-07-29T19:16:51Z,N169CA,"32.006241,-102.289413",17375,192,231
1627586214,2021-07-29T19:16:54Z,N169CA,"32.005035,-102.291855",17375,196,241
1627586220,2021-07-29T19:17:00Z,N169CA,"32.003593,-102.298187",17350,205,262
1627586223,2021-07-29T19:17:03Z,N169CA,"32.003677,-102.30172",17325,208,274
1627586229,2021-07-29T19:17:09Z,N169CA,"32.005508,-102.308151",17350,209,295
1627586233,2021-07-29T19:17:13Z,N169CA,"32.007385,-102.311333",17375,210,308
1627586238,2021-07-29T19:17:18Z,N169CA,"32.011276,-102.315071",17350,210,327
1627586242,2021-07-29T19:17:22Z,N169CA,"32.01458,-102.316742",17350,209,339
1627586243,2021-07-29T19:17:23Z,N169CA,"32.015991,-102.317215",17350,208,344
1627586245,2021-07-29T19:17:25Z,N169CA,"32.017502,-102.317596",17350,207,347
1627586248,2021-07-29T19:17:28Z,N169CA,"32.02063,-102.317802",17375,204,358
1627586251,2021-07-29T19:17:31Z,N169CA,"32.023285,-102.317581",17375,203,6
1627586252,2021-07-29T19:17:32Z,N169CA,"32.024277,-102.317322",17350,202,10
1627586253,2021-07-29T19:17:33Z,N169CA,"32.025288,-102.317017",17350,202,14
1627586255,2021-07-29T19:17:35Z,N169CA,"32.026932,-102.316277",17325,200,21
1627586257,2021-07-29T19:17:37Z,N169CA,"32.02858,-102.315346",17325,200,25
1627586258,2021-07-29T19:17:38Z,N169CA,"32.029083,-102.315018",17300,201,26
1627586259,2021-07-29T19:17:39Z,N169CA,"32.029953,-102.314522",17300,202,26
1627586260,2021-07-29T19:17:40Z,N169CA,"32.031097,-102.313858",17275,202,26
1627586263,2021-07-29T19:17:43Z,N169CA,"32.033661,-102.312378",17250,202,25
1627586264,2021-07-29T19:17:44Z,N169CA,"32.034878,-102.311691",17275,202,26
1627586266,2021-07-29T19:17:46Z,N169CA,"32.0359,-102.311081",17275,201,27
1627586268,2021-07-29T19:17:48Z,N169CA,"32.037857,-102.309845",17300,200,27
1627586269,2021-07-29T19:17:49Z,N169CA,"32.038605,-102.309357",17300,200,27
1627586270,2021-07-29T19:17:50Z,N169CA,"32.039345,-102.308945",17300,200,27
1627586273,2021-07-29T19:17:53Z,N169CA,"32.041534,-102.307541",17325,199,27
1627586275,2021-07-29T19:17:55Z,N169CA,"32.043442,-102.306427",17325,199,27
1627586278,2021-07-29T19:17:58Z,N169CA,"32.045975,-102.304855",17325,199,28
1627586281,2021-07-29T19:18:01Z,N169CA,"32.048401,-102.303261",17325,199,28
1627586311,2021-07-29T19:18:31Z,N169CA,"32.073029,-102.287827",17375,200,28
1627586339,2021-07-29T19:18:59Z,N169CA,"32.097473,-102.275681",16875,221,13
1627586341,2021-07-29T19:19:01Z,N169CA,"32.100422,-102.275032",16825,224,9
1627586344,2021-07-29T19:19:04Z,N169CA,"32.103607,-102.274643",16750,225,5
1627586350,2021-07-29T19:19:10Z,N169CA,"32.109592,-102.274643",16625,226,356
1627586353,2021-07-29T19:19:13Z,N169CA,"32.112106,-102.274979",16600,227,353
1627586359,2021-07-29T19:19:19Z,N169CA,"32.118851,-102.276566",16425,229,346
1627586362,2021-07-29T19:19:22Z,N169CA,"32.121918,-102.277603",16375,229,343
1627586365,2021-07-29T19:19:25Z,N169CA,"32.125233,-102.279015",16300,231,339
1627586366,2021-07-29T19:19:26Z,N169CA,"32.125763,-102.279251",16275,231,338
1627586369,2021-07-29T19:19:29Z,N169CA,"32.128399,-102.28064",16225,231,335
1627586372,2021-07-29T19:19:32Z,N169CA,"32.131474,-102.282433",16125,232,332
1627586375,2021-07-29T19:19:35Z,N169CA,"32.134232,-102.284256",16050,232,330
1627586378,2021-07-29T19:19:38Z,N169CA,"32.136978,-102.286285",15950,234,327
1627586384,2021-07-29T19:19:44Z,N169CA,"32.142654,-102.291008",15825,234,323
1627586388,2021-07-29T19:19:48Z,N169CA,"32.145721,-102.293808",15775,234,321
1627586392,2021-07-29T19:19:52Z,N169CA,"32.149017,-102.297104",15675,233,319
1627586401,2021-07-29T19:20:01Z,N169CA,"32.156158,-102.304962",15475,232,315
1627586408,2021-07-29T19:20:08Z,N169CA,"32.16124,-102.311172",15325,232,313
1627586411,2021-07-29T19:20:11Z,N169CA,"32.163452,-102.313995",15275,231,312
1627586417,2021-07-29T19:20:17Z,N169CA,"32.167828,-102.319931",15125,230,309
1627586418,2021-07-29T19:20:18Z,N169CA,"32.168839,-102.321388",15100,231,308
1627586423,2021-07-29T19:20:23Z,N169CA,"32.171413,-102.325592",15000,231,304
1627586429,2021-07-29T19:20:29Z,N169CA,"32.174698,-102.333252",14850,229,291
1627586433,2021-07-29T19:20:33Z,N169CA,"32.175743,-102.337196",14750,229,285
1627586436,2021-07-29T19:20:36Z,N169CA,"32.176392,-102.341324",14650,229,279
1627586442,2021-07-29T19:20:42Z,N169CA,"32.176487,-102.349136",14500,227,266
1627586445,2021-07-29T19:20:45Z,N169CA,"32.176117,-102.352699",14450,224,261
1627586448,2021-07-29T19:20:48Z,N169CA,"32.175568,-102.355553",14425,222,256
1627586450,2021-07-29T19:20:50Z,N169CA,"32.174377,-102.359619",14350,218,249
1627586455,2021-07-29T19:20:55Z,N169CA,"32.172577,-102.363708",14250,217,240
1627586458,2021-07-29T19:20:58Z,N169CA,"32.170856,-102.36657",14175,217,236
1627586463,2021-07-29T19:21:03Z,N169CA,"32.167736,-102.370216",14075,212,221
1627586466,2021-07-29T19:21:06Z,N169CA,"32.164764,-102.372696",14025,209,212
1627586471,2021-07-29T19:21:11Z,N169CA,"32.159542,-102.375366",13850,209,198
1627586478,2021-07-29T19:21:18Z,N169CA,"32.154327,-102.376373",13700,207,184
1627586480,2021-07-29T19:21:20Z,N169CA,"32.151398,-102.376266",13625,206,176
1627586489,2021-07-29T19:21:29Z,N169CA,"32.143063,-102.373573",13500,200,156
1627586491,2021-07-29T19:21:31Z,N169CA,"32.142151,-102.373077",13500,200,154
1627586493,2021-07-29T19:21:33Z,N169CA,"32.140045,-102.371704",13450,199,150
1627586498,2021-07-29T19:21:38Z,N169CA,"32.136978,-102.369286",13375,198,144
1627586500,2021-07-29T19:21:40Z,N169CA,"32.134918,-102.367355",13325,197,141
1627586504,2021-07-29T19:21:44Z,N169CA,"32.132446,-102.364944",13275,197,139
1627586508,2021-07-29T19:21:48Z,N169CA,"32.130112,-102.362587",13225,196,138
1627586511,2021-07-29T19:21:51Z,N169CA,"32.127842,-102.360237",13175,194,138
1627586514,2021-07-29T19:21:54Z,N169CA,"32.125698,-102.357994",13150,194,138
1627586517,2021-07-29T19:21:57Z,N169CA,"32.123749,-102.355942",13100,194,137
1627586518,2021-07-29T19:21:58Z,N169CA,"32.123337,-102.355553",13075,194,137
1627586520,2021-07-29T19:22:00Z,N169CA,"32.121555,-102.353622",13025,193,137
1627586523,2021-07-29T19:22:03Z,N169CA,"32.119461,-102.351265",12975,194,136
1627586563,2021-07-29T19:22:43Z,N169CA,"32.093903,-102.323196",12525,191,140
1627586588,2021-07-29T19:23:08Z,N169CA,"32.07198,-102.311417",12525,191,155
1627586594,2021-07-29T19:23:14Z,N169CA,"32.067032,-102.308754",12525,192,155
1627586635,2021-07-29T19:23:55Z,N169CA,"32.034164,-102.290512",12500,196,154
1627586650,2021-07-29T19:24:10Z,N169CA,"32.021851,-102.289253",12575,196,183
1627586653,2021-07-29T19:24:13Z,N169CA,"32.019836,-102.290405",12575,198,207
1627586655,2021-07-29T19:24:15Z,N169CA,"32.017838,-102.29213",12575,200,219
1627586671,2021-07-29T19:24:31Z,N169CA,"32.015259,-102.308311",12550,209,290
1627586686,2021-07-29T19:24:46Z,N169CA,"32.026962,-102.31601",12550,207,5
1627586689,2021-07-29T19:24:49Z,N169CA,"32.029709,-102.314941",12500,205,22
1627586693,2021-07-29T19:24:53Z,N169CA,"32.033478,-102.312546",12500,206,29
1627586725,2021-07-29T19:25:25Z,N169CA,"32.060062,-102.296165",12600,204,28
1627586746,2021-07-29T19:25:46Z,N169CA,"32.078682,-102.286865",12550,210,3
1627586749,2021-07-29T19:25:49Z,N169CA,"32.081009,-102.287086",12550,210,355
1627586753,2021-07-29T19:25:53Z,N169CA,"32.08429,-102.288101",12550,209,341
1627586755,2021-07-29T19:25:55Z,N169CA,"32.086502,-102.28933",12575,210,332
1627586761,2021-07-29T19:26:01Z,N169CA,"32.091476,-102.294304",12550,213,312
1627586764,2021-07-29T19:26:04Z,N169CA,"32.092987,-102.296997",12550,211,300
1627586770,2021-07-29T19:26:10Z,N169CA,"32.094696,-102.30368",12575,209,278
1627586773,2021-07-29T19:26:13Z,N169CA,"32.094696,-102.307045",12575,209,266
1627586777,2021-07-29T19:26:17Z,N169CA,"32.093903,-102.310677",12550,206,250
1627586780,2021-07-29T19:26:20Z,N169CA,"32.092529,-102.31353",12550,201,236
1627586783,2021-07-29T19:26:23Z,N169CA,"32.091019,-102.315559",12625,197,225
1627586785,2021-07-29T19:26:25Z,N169CA,"32.08873,-102.31749",12650,194,211
1627586792,2021-07-29T19:26:32Z,N169CA,"32.083466,-102.319077",12675,191,182
1627586795,2021-07-29T19:26:35Z,N169CA,"32.080544,-102.318474",12625,191,164
1627586801,2021-07-29T19:26:41Z,N169CA,"32.076027,-102.315338",12625,188,143
1627586803,2021-07-29T19:26:43Z,N169CA,"32.074028,-102.313599",12675,188,143
1627586807,2021-07-29T19:26:47Z,N169CA,"32.071747,-102.311752",12675,189,144
1627586810,2021-07-29T19:26:50Z,N169CA,"32.069466,-102.310234",12700,189,144
1627586813,2021-07-29T19:26:53Z,N169CA,"32.067417,-102.309059",12700,189,153
1627586815,2021-07-29T19:26:55Z,N169CA,"32.065041,-102.307716",12725,187,154
1627586818,2021-07-29T19:26:58Z,N169CA,"32.062576,-102.306313",12750,186,153
1627586825,2021-07-29T19:27:05Z,N169CA,"32.057602,-102.303482",12750,188,154
1627586828,2021-07-29T19:27:08Z,N169CA,"32.055592,-102.302391",12750,187,155
1627586831,2021-07-29T19:27:11Z,N169CA,"32.053024,-102.30101",12725,187,155
1627586833,2021-07-29T19:27:13Z,N169CA,"32.050644,-102.29969",12700,187,155
1627586840,2021-07-29T19:27:20Z,N169CA,"32.045975,-102.297104",12625,186,154
1627586870,2021-07-29T19:27:50Z,N169CA,"32.023315,-102.285736",12400,164,170
1627586873,2021-07-29T19:27:53Z,N169CA,"32.021347,-102.285515",12375,163,177
1627586892,2021-07-29T19:28:12Z,N169CA,"32.009457,-102.293587",12325,161,237
1627586894,2021-07-29T19:28:14Z,N169CA,"32.008759,-102.295242",12300,162,240
1627586921,2021-07-29T19:28:41Z,N169CA,"32.016209,-102.315674",12125,165,340
1627586924,2021-07-29T19:28:44Z,N169CA,"32.018555,-102.316223",12075,165,349
1627586927,2021-07-29T19:28:47Z,N169CA,"32.020844,-102.31633",12075,166,358
1627586930,2021-07-29T19:28:50Z,N169CA,"32.023376,-102.316292",12050,164,2
1627586933,2021-07-29T19:28:53Z,N169CA,"32.025333,-102.31601",12050,163,7
1627586940,2021-07-29T19:29:00Z,N169CA,"32.030319,-102.314354",12050,161,20
1627586943,2021-07-29T19:29:03Z,N169CA,"32.032059,-102.313477",12050,159,24
1627586945,2021-07-29T19:29:05Z,N169CA,"32.033524,-102.312599",12075,159,27
1627586946,2021-07-29T19:29:06Z,N169CA,"32.034504,-102.311974",12075,158,27
1627586953,2021-07-29T19:29:13Z,N169CA,"32.039017,-102.309189",12075,159,27
1627586958,2021-07-29T19:29:18Z,N169CA,"32.042038,-102.307381",12075,159,26
1627586963,2021-07-29T19:29:23Z,N169CA,"32.04591,-102.305023",12100,159,27
1627587000,2021-07-29T19:30:00Z,N169CA,"32.070099,-102.290405",12125,165,20
1627587003,2021-07-29T19:30:03Z,N169CA,"32.072117,-102.28978",12125,165,12
1627587011,2021-07-29T19:30:11Z,N169CA,"32.079208,-102.290512",12125,168,341
1627587014,2021-07-29T19:30:14Z,N169CA,"32.081314,-102.291725",12125,168,330
1627587024,2021-07-29T19:30:24Z,N169CA,"32.085938,-102.297768",12125,167,298
1627587030,2021-07-29T19:30:30Z,N169CA,"32.086945,-102.303207",12125,165,272
1627587033,2021-07-29T19:30:33Z,N169CA,"32.086761,-102.305511",12125,163,262
1627587039,2021-07-29T19:30:39Z,N169CA,"32.084782,-102.310631",12125,159,234
1627587045,2021-07-29T19:30:45Z,N169CA,"32.081406,-102.313698",12125,156,208
1627587048,2021-07-29T19:30:48Z,N169CA,"32.079704,-102.314384",12125,156,195
1627587051,2021-07-29T19:30:51Z,N169CA,"32.077469,-102.314629",12100,155,181
1627587053,2021-07-29T19:30:53Z,N169CA,"32.075424,-102.31427",12100,155,169
1627587088,2021-07-29T19:31:28Z,N169CA,"32.053543,-102.301155",12225,152,154
1627587122,2021-07-29T19:32:02Z,N169CA,"32.031151,-102.291405",12150,159,185
1627587127,2021-07-29T19:32:07Z,N169CA,"32.027618,-102.29348",12125,159,185
1627587135,2021-07-29T19:32:15Z,N169CA,"32.024551,-102.300186",12075,169,257
1627587137,2021-07-29T19:32:17Z,N169CA,"32.024494,-102.301605",12075,169,257
1627587145,2021-07-29T19:32:25Z,N169CA,"32.027527,-102.30864",12050,169,312
1627587159,2021-07-29T19:32:39Z,N169CA,"32.037762,-102.309341",11975,170,19
1627587163,2021-07-29T19:32:43Z,N169CA,"32.04023,-102.308105",11975,170,23
1627587166,2021-07-29T19:32:46Z,N169CA,"32.04237,-102.306877",11975,170,26
1627587170,2021-07-29T19:32:50Z,N169CA,"32.045723,-102.304855",11975,169,27
1627587183,2021-07-29T19:33:03Z,N169CA,"32.05394,-102.299911",12100,161,28
1627587211,2021-07-29T19:33:31Z,N169CA,"32.072304,-102.289551",12175,162,10
1627587216,2021-07-29T19:33:36Z,N169CA,"32.077053,-102.289612",12175,166,353
1627587223,2021-07-29T19:33:43Z,N169CA,"32.081451,-102.290955",12175,166,341
1627587225,2021-07-29T19:33:45Z,N169CA,"32.083832,-102.292328",12175,167,331
1627587231,2021-07-29T19:33:51Z,N169CA,"32.087013,-102.296112",12150,167,306
1627587234,2021-07-29T19:33:54Z,N169CA,"32.088089,-102.298645",12150,166,292
1627587239,2021-07-29T19:33:59Z,N169CA,"32.088551,-102.302498",12125,167,272
1627587242,2021-07-29T19:34:02Z,N169CA,"32.088039,-102.305473",12100,165,259
1627587245,2021-07-29T19:34:05Z,N169CA,"32.086967,-102.307823",12100,161,237
1627587264,2021-07-29T19:34:24Z,N169CA,"32.074539,-102.311501",12150,152,171
1627587267,2021-07-29T19:34:27Z,N169CA,"32.07291,-102.311134",12175,153,167
1627587296,2021-07-29T19:34:56Z,N169CA,"32.053356,-102.300987",12150,156,155
1627587298,2021-07-29T19:34:58Z,N169CA,"32.052704,-102.300652",12150,156,155
1627587331,2021-07-29T19:35:31Z,N169CA,"32.030964,-102.287422",12125,159,142
1627587337,2021-07-29T19:35:37Z,N169CA,"32.027939,-102.283501",12050,164,125
1627587355,2021-07-29T19:35:55Z,N169CA,"32.024635,-102.267242",11750,184,87
1627587366,2021-07-29T19:36:06Z,N169CA,"32.027287,-102.255081",11450,198,69
1627587370,2021-07-29T19:36:10Z,N169CA,"32.028442,-102.251732",11350,201,66
1627587375,2021-07-29T19:36:15Z,N169CA,"32.030918,-102.245888",11200,205,61
1627587379,2021-07-29T19:36:19Z,N169CA,"32.032501,-102.242752",11100,208,58
1627587385,2021-07-29T19:36:25Z,N169CA,"32.035667,-102.23703",10950,209,56
1627587394,2021-07-29T19:36:34Z,N169CA,"32.040573,-102.228607",10775,210,55
1627587400,2021-07-29T19:36:40Z,N169CA,"32.043686,-102.223114",10650,209,56
1627587413,2021-07-29T19:36:53Z,N169CA,"32.050369,-102.211304",10425,209,56
1627587424,2021-07-29T19:37:04Z,N169CA,"32.056824,-102.1996",10150,210,58
1627587436,2021-07-29T19:37:16Z,N169CA,"32.062637,-102.187576",9850,213,61
1627587448,2021-07-29T19:37:28Z,N169CA,"32.067764,-102.176254",9575,215,62
1627587467,2021-07-29T19:37:47Z,N169CA,"32.077057,-102.156647",9200,213,60
1627587479,2021-07-29T19:37:59Z,N169CA,"32.082314,-102.145889",8950,213,60
1627587490,2021-07-29T19:38:10Z,N169CA,"32.088364,-102.133301",8650,210,61
1627587503,2021-07-29T19:38:23Z,N169CA,"32.093948,-102.120834",8325,208,62
1627587521,2021-07-29T19:38:41Z,N169CA,"32.102097,-102.102562",7800,204,61
1627587544,2021-07-29T19:39:04Z,N169CA,"32.115505,-102.080811",6900,210,43
1627587548,2021-07-29T19:39:08Z,N169CA,"32.11734,-102.078972",6825,209,40
1627587552,2021-07-29T19:39:12Z,N169CA,"32.120865,-102.075844",6700,208,37
1627587644,2021-07-29T19:40:44Z,N169CA,"32.170158,-102.10144",4175,173,230
1627587650,2021-07-29T19:40:50Z,N169CA,"32.166641,-102.105286",4050,170,224
1627587744,2021-07-29T19:42:24Z,N169CA,"32.096878,-102.121162",3550,140,165
1627587750,2021-07-29T19:42:30Z,N169CA,"32.093159,-102.119934",3575,127,164
1627587756,2021-07-29T19:42:36Z,N169CA,"32.089828,-102.119019",3500,123,167
1627587762,2021-07-29T19:42:42Z,N169CA,"32.086456,-102.118088",3450,123,165
1627587795,2021-07-29T19:43:15Z,N169CA,"32.067928,-102.111923",3300,114,166
1627587819,2021-07-29T19:43:39Z,N169CA,"32.056137,-102.108139",3025,112,163
1627587822,2021-07-29T19:43:42Z,N169CA,"32.054241,-102.107552",2975,113,164
