time,release_scfh
8/3/2021 15:49,0
8/3/2021 15:49,0
8/3/2021 15:49,0
8/3/2021 15:49,0
8/3/2021 15:49,0
8/3/2021 15:49,0
8/3/2021 15:50,0
8/3/2021 15:50,0
8/3/2021 15:50,0
8/3/2021 15:50,0
8/3/2021 15:50,0
8/3/2021 15:50,0
8/3/2021 15:51,0
8/3/2021 15:51,0
8/3/2021 15:51,0
8/3/2021 15:51,0
8/3/2021 15:51,0
8/3/2021 15:51,0
8/3/2021 15:52,0
8/3/2021 15:52,0
8/3/2021 15:52,0
8/3/2021 15:52,0
8/3/2021 15:52,0
8/3/2021 15:52,18916.36
8/3/2021 15:53,38028.96
8/3/2021 15:53,24591.03
8/3/2021 15:53,22488
8/3/2021 15:53,24240.84
8/3/2021 15:53,25304.09
8/3/2021 15:53,26372.55
8/3/2021 15:54,26616.59
8/3/2021 15:54,26971.41
8/3/2021 15:54,27090.19
8/3/2021 15:54,27249.8
8/3/2021 15:54,27345.21
8/3/2021 15:54,27605.25
8/3/2021 15:55,27837.67
8/3/2021 15:55,28019.27
8/3/2021 15:55,28256.38
8/3/2021 15:55,28445.22
8/3/2021 15:55,28724.15
8/3/2021 15:55,28318.19
8/3/2021 15:56,28940.16
8/3/2021 15:56,28907.5
8/3/2021 15:56,28917.1
8/3/2021 15:56,29362
8/3/2021 15:56,29379.13
8/3/2021 15:56,29585.88
8/3/2021 15:57,29650.54
8/3/2021 15:57,29581.63
8/3/2021 15:57,29816.71
8/3/2021 15:57,30055.76
8/3/2021 15:57,29954.95
8/3/2021 15:57,30134.41
8/3/2021 15:58,30174.81
8/3/2021 15:58,30133.15
8/3/2021 15:58,30264.29
8/3/2021 15:58,30399.75
8/3/2021 15:58,30450.57
8/3/2021 15:58,30421.57
8/3/2021 15:59,30591
8/3/2021 15:59,30657.89
8/3/2021 15:59,30641.2
8/3/2021 15:59,30668.1
8/3/2021 15:59,30663.44
8/3/2021 15:59,30853.19
8/3/2021 16:00,30902.22
8/3/2021 16:00,30949.09
8/3/2021 16:00,30883.36
8/3/2021 16:00,31048.1
8/3/2021 16:00,30974.83
8/3/2021 16:00,30971.55
8/3/2021 16:01,31034.47
8/3/2021 16:01,31082.43
8/3/2021 16:01,31051.56
8/3/2021 16:01,31084.34
8/3/2021 16:01,31104.39
8/3/2021 16:01,31074.88
8/3/2021 16:02,31048.88
8/3/2021 16:02,31133.03
8/3/2021 16:02,30840.23
8/3/2021 16:02,30944
8/3/2021 16:02,30967.62
8/3/2021 16:02,30922.66
8/3/2021 16:03,30992.38
8/3/2021 16:03,30922.49
8/3/2021 16:03,30892.25
8/3/2021 16:03,30901.57
8/3/2021 16:03,30958.47
8/3/2021 16:03,30940.59
8/3/2021 16:04,31259.64
8/3/2021 16:04,30895.53
8/3/2021 16:04,30929.02
8/3/2021 16:04,31008.19
8/3/2021 16:04,31106.49
8/3/2021 16:04,30914.19
8/3/2021 16:05,30979.01
8/3/2021 16:05,30940.25
8/3/2021 16:05,30598.09
8/3/2021 16:05,30827.64
8/3/2021 16:05,30743.18
8/3/2021 16:05,30915.87
8/3/2021 16:06,30772.51
8/3/2021 16:06,30714.8
8/3/2021 16:06,30774
8/3/2021 16:06,30740.52
8/3/2021 16:06,30807.34
8/3/2021 16:06,30723.15
8/3/2021 16:07,30231.88
8/3/2021 16:07,30757.35
8/3/2021 16:07,30760.57
8/3/2021 16:07,30594.97
8/3/2021 16:07,30680.82
8/3/2021 16:07,30748.29
8/3/2021 16:08,30747.67
8/3/2021 16:08,30579.72
8/3/2021 16:08,30594.48
8/3/2021 16:08,30538.66
8/3/2021 16:08,30516.6
8/3/2021 16:08,30559.94
8/3/2021 16:09,30456.71
8/3/2021 16:09,30550.37
8/3/2021 16:09,30637.43
8/3/2021 16:09,30733.18
8/3/2021 16:09,30699.22
8/3/2021 16:09,30743.99
8/3/2021 16:10,30656.82
8/3/2021 16:10,30663.94
8/3/2021 16:10,30543.61
8/3/2021 16:10,30735.87
8/3/2021 16:10,30633.6
8/3/2021 16:10,30644.52
8/3/2021 16:11,30623.52
8/3/2021 16:11,30638.7
8/3/2021 16:11,30686.79
8/3/2021 16:11,30636.26
8/3/2021 16:11,30573.32
8/3/2021 16:11,30301.25
8/3/2021 16:12,36377.34
8/3/2021 16:12,45942.93
8/3/2021 16:12,52373.63
8/3/2021 16:12,52547.54
8/3/2021 16:12,52184.95
8/3/2021 16:12,52562.14
8/3/2021 16:13,52307.54
8/3/2021 16:13,52339.03
8/3/2021 16:13,52317.26
8/3/2021 16:13,52181.17
8/3/2021 16:13,52551.75
8/3/2021 16:13,52505.09
8/3/2021 16:14,52124.7
8/3/2021 16:14,45041.51
8/3/2021 16:14,45251.96
8/3/2021 16:14,44979.16
8/3/2021 16:14,45010.87
8/3/2021 16:14,44991.46
8/3/2021 16:15,45088.33
8/3/2021 16:15,44949.04
8/3/2021 16:15,44961.76
8/3/2021 16:15,45027.38
8/3/2021 16:15,45003.64
8/3/2021 16:15,44719.25
8/3/2021 16:16,44838.02
8/3/2021 16:16,44881.23
8/3/2021 16:16,44908.22
8/3/2021 16:16,44834.13
8/3/2021 16:16,45173.79
8/3/2021 16:16,45031.84
8/3/2021 16:17,44854.2
8/3/2021 16:17,45026.02
8/3/2021 16:17,44820.57
8/3/2021 16:17,44659.16
8/3/2021 16:17,44553.8
8/3/2021 16:17,44664.5
8/3/2021 16:18,44575.25
8/3/2021 16:18,44632.05
8/3/2021 16:18,44584.57
8/3/2021 16:18,43493.88
8/3/2021 16:18,42482.08
8/3/2021 16:18,42260.45
8/3/2021 16:19,42267.07
8/3/2021 16:19,42171.04
8/3/2021 16:19,40166.52
8/3/2021 16:19,40080.96
8/3/2021 16:19,39976.01
8/3/2021 16:19,39877.2
8/3/2021 16:20,39772.15
8/3/2021 16:20,39866.58
8/3/2021 16:20,39974.49
8/3/2021 16:20,39919.56
8/3/2021 16:20,39843.6
8/3/2021 16:20,39789.28
8/3/2021 16:21,39737.39
8/3/2021 16:21,35872.31
8/3/2021 16:21,35892.66
8/3/2021 16:21,35916.86
8/3/2021 16:21,35729.63
8/3/2021 16:21,35565.62
8/3/2021 16:22,35762.3
8/3/2021 16:22,35752.38
8/3/2021 16:22,35632.44
8/3/2021 16:22,35839.59
8/3/2021 16:22,35793.31
8/3/2021 16:22,35702.26
8/3/2021 16:23,35583.78
8/3/2021 16:23,35672.25
8/3/2021 16:23,35514.61
8/3/2021 16:23,35389.18
8/3/2021 16:23,35282.23
8/3/2021 16:23,35449.79
8/3/2021 16:24,35385.36
8/3/2021 16:24,35351.05
8/3/2021 16:24,35330.22
8/3/2021 16:24,35518.06
8/3/2021 16:24,35259.38
8/3/2021 16:24,35318.79
8/3/2021 16:25,35301.25
8/3/2021 16:25,35235.7
8/3/2021 16:25,35485.61
8/3/2021 16:25,35236.22
8/3/2021 16:25,35210.44
8/3/2021 16:25,35303.53
8/3/2021 16:26,35263.13
8/3/2021 16:26,35278.39
8/3/2021 16:26,35173.29
8/3/2021 16:26,35283.54
8/3/2021 16:26,35272.43
8/3/2021 16:26,35277.76
8/3/2021 16:27,35137.13
8/3/2021 16:27,35125.52
8/3/2021 16:27,35138.21
8/3/2021 16:27,35019.07
8/3/2021 16:27,34986.94
8/3/2021 16:27,35213.49
8/3/2021 16:28,35010.99
8/3/2021 16:28,35057.39
8/3/2021 16:28,34947.46
8/3/2021 16:28,34901.32
8/3/2021 16:28,34882
8/3/2021 16:28,34771.49
8/3/2021 16:29,34813.29
8/3/2021 16:29,34776.56
8/3/2021 16:29,34608.95
8/3/2021 16:29,34574.32
8/3/2021 16:29,34600.98
8/3/2021 16:29,34769.13
8/3/2021 16:30,34784.93
8/3/2021 16:30,34536.46
8/3/2021 16:30,34689.52
8/3/2021 16:30,34657.08
8/3/2021 16:30,34702.55
8/3/2021 16:30,30523.44
8/3/2021 16:31,23926.22
8/3/2021 16:31,16914.73
8/3/2021 16:31,16619.37
8/3/2021 16:31,19283.28
8/3/2021 16:31,19405.95
8/3/2021 16:31,19572.32
8/3/2021 16:32,19540.13
8/3/2021 16:32,19457.28
8/3/2021 16:32,19398.62
8/3/2021 16:32,19296.34
8/3/2021 16:32,19286.78
8/3/2021 16:32,19431.19
8/3/2021 16:33,19462.92
8/3/2021 16:33,19578.87
8/3/2021 16:33,19531.58
8/3/2021 16:33,19421.48
8/3/2021 16:33,19586.35
8/3/2021 16:33,19489.84
8/3/2021 16:34,19235.93
8/3/2021 16:34,19232.57
8/3/2021 16:34,19247.82
8/3/2021 16:34,19180.66
8/3/2021 16:34,19232.96
8/3/2021 16:34,19050.32
8/3/2021 16:35,19162.31
8/3/2021 16:35,19121.76
8/3/2021 16:35,19063.25
8/3/2021 16:35,19133.54
8/3/2021 16:35,19055.38
8/3/2021 16:35,18944.66
8/3/2021 16:36,18907.56
8/3/2021 16:36,19017.96
8/3/2021 16:36,18861.72
8/3/2021 16:36,18882.06
8/3/2021 16:36,18926.71
8/3/2021 16:36,18821.89
8/3/2021 16:37,18902.38
8/3/2021 16:37,18911.88
8/3/2021 16:37,18841.04
8/3/2021 16:37,18956.38
8/3/2021 16:37,19963.25
8/3/2021 16:37,18979.81
8/3/2021 16:38,18936.62
8/3/2021 16:38,19011.04
8/3/2021 16:38,18938.94
8/3/2021 16:38,18967.99
8/3/2021 16:38,19005.03
8/3/2021 16:38,19030.82
8/3/2021 16:39,19235.74
8/3/2021 16:39,19133.7
8/3/2021 16:39,19044.81
8/3/2021 16:39,18797.82
8/3/2021 16:39,19060.57
8/3/2021 16:39,19092.78
8/3/2021 16:40,18859
8/3/2021 16:40,18987.63
8/3/2021 16:40,18927.26
8/3/2021 16:40,18893.41
8/3/2021 16:40,18965.64
8/3/2021 16:40,18957
8/3/2021 16:41,18815.22
8/3/2021 16:41,18935.77
8/3/2021 16:41,18836.7
8/3/2021 16:41,18855.81
8/3/2021 16:41,18731.24
8/3/2021 16:41,18827.13
8/3/2021 16:42,18897.22
8/3/2021 16:42,18954.59
8/3/2021 16:42,18976.24
8/3/2021 16:42,18815.2
8/3/2021 16:42,18746.27
8/3/2021 16:42,18831.62
8/3/2021 16:43,18825.17
8/3/2021 16:43,18876.95
8/3/2021 16:43,18772.2
8/3/2021 16:43,18920.76
8/3/2021 16:43,18765.46
8/3/2021 16:43,18855.52
8/3/2021 16:44,18789.48
8/3/2021 16:44,18759.4
8/3/2021 16:44,18737.78
8/3/2021 16:44,18712.73
8/3/2021 16:44,18769.4
8/3/2021 16:44,18773.22
8/3/2021 16:45,18676.44
8/3/2021 16:45,18767.63
8/3/2021 16:45,18820.52
8/3/2021 16:45,18858.83
8/3/2021 16:45,18712.74
8/3/2021 16:45,18702.54
8/3/2021 16:46,18676.58
8/3/2021 16:46,18609.25
8/3/2021 16:46,18683.53
8/3/2021 16:46,18597.19
8/3/2021 16:46,18578.63
8/3/2021 16:46,18539.5
8/3/2021 16:47,18520.64
8/3/2021 16:47,18395.2
8/3/2021 16:47,18247.28
8/3/2021 16:47,18537.46
8/3/2021 16:47,18412.77
8/3/2021 16:47,18382.62
8/3/2021 16:48,18541.29
8/3/2021 16:48,18293
8/3/2021 16:48,18273.24
8/3/2021 16:48,18462.68
8/3/2021 16:48,18437.35
8/3/2021 16:48,18425.43
8/3/2021 16:49,18449.21
8/3/2021 16:49,18607.92
8/3/2021 16:49,4419.83
8/3/2021 16:49,0
8/3/2021 16:49,331.83
8/3/2021 16:49,31910.9
8/3/2021 16:50,34597.05
8/3/2021 16:50,42506.16
8/3/2021 16:50,48384.67
8/3/2021 16:50,51121.86
8/3/2021 16:50,55915.88
8/3/2021 16:50,56049.81
8/3/2021 16:51,55980.36
8/3/2021 16:51,56337.61
8/3/2021 16:51,56372.45
8/3/2021 16:51,56267.8
8/3/2021 16:51,56463.33
8/3/2021 16:51,56785
8/3/2021 16:52,56497.49
8/3/2021 16:52,56394.01
8/3/2021 16:52,56485.09
8/3/2021 16:52,56666.18
8/3/2021 16:52,56761.4
8/3/2021 16:52,56872.31
8/3/2021 16:53,56819.54
8/3/2021 16:53,57266.97
8/3/2021 16:53,57108.93
8/3/2021 16:53,57353.88
8/3/2021 16:53,57281.88
8/3/2021 16:53,57377.48
8/3/2021 16:54,57613.68
8/3/2021 16:54,57131.5
8/3/2021 16:54,55835.25
8/3/2021 16:54,51185.52
8/3/2021 16:54,51040.95
8/3/2021 16:54,50176.85
8/3/2021 16:55,46516.63
8/3/2021 16:55,46397.11
8/3/2021 16:55,46691.33
8/3/2021 16:55,46531.62
8/3/2021 16:55,46563.34
8/3/2021 16:55,46303.05
8/3/2021 16:56,46346.61
8/3/2021 16:56,46397.61
8/3/2021 16:56,46244.43
8/3/2021 16:56,46222.95
8/3/2021 16:56,46410.09
8/3/2021 16:56,46118.43
8/3/2021 16:57,46229.3
8/3/2021 16:57,46307.83
8/3/2021 16:57,46193.1
8/3/2021 16:57,46264.68
8/3/2021 16:57,46094.4
8/3/2021 16:57,46065.34
8/3/2021 16:58,42069.93
8/3/2021 16:58,41935.38
8/3/2021 16:58,41881.59
8/3/2021 16:58,41977.1
8/3/2021 16:58,41791.04
8/3/2021 16:58,41579.55
8/3/2021 16:59,41553.46
8/3/2021 16:59,41569.19
8/3/2021 16:59,41458.65
8/3/2021 16:59,41581.79
8/3/2021 16:59,41547.12
8/3/2021 16:59,41513.3
8/3/2021 17:00,41592.89
8/3/2021 17:00,41553.67
8/3/2021 17:00,41417.14
8/3/2021 17:00,41314.42
8/3/2021 17:00,41491.61
8/3/2021 17:00,41453.59
8/3/2021 17:01,41123.78
8/3/2021 17:01,41464.33
8/3/2021 17:01,41369.8
8/3/2021 17:01,41243.27
8/3/2021 17:01,41245.91
8/3/2021 17:01,41223.3
8/3/2021 17:02,41367.98
8/3/2021 17:02,41257.47
8/3/2021 17:02,41075.99
8/3/2021 17:02,41805.85
8/3/2021 17:02,41141.45
8/3/2021 17:02,41232.95
8/3/2021 17:03,40963.3
8/3/2021 17:03,40861.81
8/3/2021 17:03,40915.73
8/3/2021 17:03,40829.84
8/3/2021 17:03,40968.9
8/3/2021 17:03,40794.09
8/3/2021 17:04,40900.38
8/3/2021 17:04,40812.91
8/3/2021 17:04,40733.63
8/3/2021 17:04,40861.06
8/3/2021 17:04,40523.37
8/3/2021 17:04,40560.36
8/3/2021 17:05,40538
8/3/2021 17:05,40618.04
8/3/2021 17:05,40548.45
8/3/2021 17:05,40513.8
8/3/2021 17:05,40465.84
8/3/2021 17:05,40425.23
8/3/2021 17:06,40453.62
8/3/2021 17:06,40575.28
8/3/2021 17:06,40365.65
8/3/2021 17:06,40383
8/3/2021 17:06,40329.73
8/3/2021 17:06,43559.07
8/3/2021 17:07,46859.74
8/3/2021 17:07,49881.8
8/3/2021 17:07,53015.12
8/3/2021 17:07,55555.13
8/3/2021 17:07,54454.43
8/3/2021 17:07,52731.58
8/3/2021 17:08,52556.45
8/3/2021 17:08,52316.21
8/3/2021 17:08,52442.68
8/3/2021 17:08,50354.74
8/3/2021 17:08,49422.46
8/3/2021 17:08,48508.53
8/3/2021 17:09,45961.1
8/3/2021 17:09,45712.59
8/3/2021 17:09,45632.54
8/3/2021 17:09,45790.77
8/3/2021 17:09,45663.2
8/3/2021 17:09,45664.88
8/3/2021 17:10,45546.13
8/3/2021 17:10,45785.68
8/3/2021 17:10,45501.74
8/3/2021 17:10,45535.47
8/3/2021 17:10,45500.56
8/3/2021 17:10,45379.29
8/3/2021 17:11,45545.2
8/3/2021 17:11,45508.64
8/3/2021 17:11,45143.8
8/3/2021 17:11,45409.05
8/3/2021 17:11,45139.22
8/3/2021 17:11,45157.2
8/3/2021 17:12,44923.53
8/3/2021 17:12,45184.41
8/3/2021 17:12,45179.45
8/3/2021 17:12,45082.76
8/3/2021 17:12,44923.47
8/3/2021 17:12,44783.58
8/3/2021 17:13,45029.14
8/3/2021 17:13,44874.51
8/3/2021 17:13,45008.57
8/3/2021 17:13,44971.52
8/3/2021 17:13,44993.5
8/3/2021 17:13,44971.4
8/3/2021 17:14,44856.8
8/3/2021 17:14,44705.54
8/3/2021 17:14,44638.57
8/3/2021 17:14,44561.14
8/3/2021 17:14,44679.35
8/3/2021 17:14,44841.64
8/3/2021 17:15,44726.31
8/3/2021 17:15,44698.19
8/3/2021 17:15,44708.92
8/3/2021 17:15,44606.8
8/3/2021 17:15,44469.97
8/3/2021 17:15,44253.67
8/3/2021 17:16,44511.9
8/3/2021 17:16,44272.57
8/3/2021 17:16,44198.62
8/3/2021 17:16,44350.78
8/3/2021 17:16,44083.72
8/3/2021 17:16,43902.65
8/3/2021 17:17,43970.96
8/3/2021 17:17,43865.44
8/3/2021 17:17,43876.15
8/3/2021 17:17,43923.47
8/3/2021 17:17,43566.85
8/3/2021 17:17,43903.48
8/3/2021 17:18,43829.55
8/3/2021 17:18,43786.31
8/3/2021 17:18,43732.02
8/3/2021 17:18,43790.5
8/3/2021 17:18,43530.37
8/3/2021 17:18,43907.08
8/3/2021 17:19,43721.73
8/3/2021 17:19,43668.86
8/3/2021 17:19,43478.72
8/3/2021 17:19,43617.31
8/3/2021 17:19,43535.13
8/3/2021 17:19,43531.68
8/3/2021 17:20,43472.34
8/3/2021 17:20,43352.11
8/3/2021 17:20,43338.13
8/3/2021 17:20,43348.91
8/3/2021 17:20,43435.65
8/3/2021 17:20,43284.87
8/3/2021 17:21,43440.2
8/3/2021 17:21,43051.3
8/3/2021 17:21,43115.23
8/3/2021 17:21,43245.38
8/3/2021 17:21,43151.69
8/3/2021 17:21,42918.12
8/3/2021 17:22,43019.84
8/3/2021 17:22,43042.67
8/3/2021 17:22,42997.35
8/3/2021 17:22,42983.56
8/3/2021 17:22,42971.3
8/3/2021 17:22,42992.72
8/3/2021 17:23,42966.99
8/3/2021 17:23,42847.3
8/3/2021 17:23,42673.13
8/3/2021 17:23,42629.99
8/3/2021 17:23,42670.36
8/3/2021 17:23,42616.24
8/3/2021 17:24,42644.21
8/3/2021 17:24,42634.01
8/3/2021 17:24,42427.32
8/3/2021 17:24,42419.69
8/3/2021 17:24,42419.15
8/3/2021 17:24,42487.63
8/3/2021 17:25,42231.93
8/3/2021 17:25,42382.7
8/3/2021 17:25,42172.27
8/3/2021 17:25,42285.52
8/3/2021 17:25,42298.28
8/3/2021 17:25,42296.34
8/3/2021 17:26,42160.5
8/3/2021 17:26,42106.45
8/3/2021 17:26,42063.95
8/3/2021 17:26,42087.13
8/3/2021 17:26,41912.16
8/3/2021 17:26,42035.21
8/3/2021 17:27,41958.62
8/3/2021 17:27,41860.98
8/3/2021 17:27,41901.93
8/3/2021 17:27,41766.52
8/3/2021 17:27,41649.56
8/3/2021 17:27,41798.54
8/3/2021 17:28,41690.76
8/3/2021 17:28,41756.72
8/3/2021 17:28,41543.33
8/3/2021 17:28,41736.93
8/3/2021 17:28,41642.76
8/3/2021 17:28,41541.57
8/3/2021 17:29,41519.29
8/3/2021 17:29,41579.33
8/3/2021 17:29,41409.48
8/3/2021 17:29,41333
8/3/2021 17:29,41611.98
8/3/2021 17:29,41386.03
8/3/2021 17:30,41225.16
8/3/2021 17:30,41291.43
8/3/2021 17:30,41233.93
8/3/2021 17:30,41330.23
8/3/2021 17:30,41112.48
8/3/2021 17:30,41117.67
8/3/2021 17:31,41080.17
8/3/2021 17:31,41060.86
8/3/2021 17:31,40991.1
8/3/2021 17:31,40937.93
8/3/2021 17:31,41069.32
8/3/2021 17:31,41137.16
8/3/2021 17:32,41019.39
8/3/2021 17:32,40932.37
8/3/2021 17:32,0
8/3/2021 17:32,40956.8
8/3/2021 17:32,40694.47
8/3/2021 17:32,40892.35
8/3/2021 17:33,40819.18
8/3/2021 17:33,40784.18
8/3/2021 17:33,40775.36
8/3/2021 17:33,40609.06
8/3/2021 17:33,40631.64
8/3/2021 17:33,40758.31
8/3/2021 17:34,40732.86
8/3/2021 17:34,40436.36
8/3/2021 17:34,40557.84
8/3/2021 17:34,40390.52
8/3/2021 17:34,40511.08
8/3/2021 17:34,40465.93
8/3/2021 17:35,40453.94
8/3/2021 17:35,913.53
8/3/2021 17:35,0
8/3/2021 17:35,0
8/3/2021 17:35,0
8/3/2021 17:36,0
8/3/2021 17:36,0
8/3/2021 17:36,0
8/3/2021 17:36,0
8/3/2021 17:36,0
8/3/2021 17:36,0
8/3/2021 17:37,0
8/3/2021 17:37,0
8/3/2021 17:37,0
8/3/2021 17:37,0
8/3/2021 17:37,0
8/3/2021 17:37,0
8/3/2021 17:38,0
8/3/2021 17:38,0
8/3/2021 17:38,0
8/3/2021 17:38,0
8/3/2021 17:38,0
8/3/2021 17:38,0
8/3/2021 17:39,0
8/3/2021 17:39,0
8/3/2021 17:39,0
8/3/2021 17:39,0
8/3/2021 17:39,0
8/3/2021 17:39,0
8/3/2021 17:40,0
8/3/2021 17:40,0
8/3/2021 17:40,0
8/3/2021 17:40,0
8/3/2021 17:40,0
8/3/2021 17:40,0
8/3/2021 17:41,0
8/3/2021 17:41,0
8/3/2021 17:41,0
8/3/2021 17:41,0
8/3/2021 17:41,0
8/3/2021 17:41,0
8/3/2021 17:42,0
8/3/2021 17:42,6
8/3/2021 17:42,0
8/3/2021 17:42,0
8/3/2021 17:42,0
8/3/2021 17:42,21136.4
8/3/2021 17:43,21149.5
8/3/2021 17:43,21429.1
8/3/2021 17:43,21560
8/3/2021 17:43,21564
8/3/2021 17:43,21630.4
8/3/2021 17:43,21741
8/3/2021 17:44,21221.3
8/3/2021 17:44,21863.3
8/3/2021 17:44,21980.3
8/3/2021 17:44,22961.3
8/3/2021 17:44,22024.5
8/3/2021 17:44,22186.5
8/3/2021 17:45,22251.8
8/3/2021 17:45,22288.6
8/3/2021 17:45,22452.3
8/3/2021 17:45,22567
8/3/2021 17:45,22603
8/3/2021 17:45,22746.5
8/3/2021 17:46,22812
8/3/2021 17:46,22952
8/3/2021 17:46,22225.2
8/3/2021 17:46,22892.3
8/3/2021 17:46,22916.8
8/3/2021 17:46,22932.3
8/3/2021 17:47,23165.9
8/3/2021 17:47,23088.2
8/3/2021 17:47,23244.1
8/3/2021 17:47,23169
8/3/2021 17:47,23176.2
8/3/2021 17:47,23301.6
8/3/2021 17:48,23309.8
8/3/2021 17:48,23388.6
8/3/2021 17:48,23362.8
8/3/2021 17:48,23369.5
8/3/2021 17:48,23358.83
8/3/2021 17:48,23619.8
8/3/2021 17:49,23629.9
8/3/2021 17:49,23433.2
8/3/2021 17:49,23464
8/3/2021 17:49,23399.1
8/3/2021 17:49,23443.8
8/3/2021 17:49,23693.5
8/3/2021 17:50,23607.2
8/3/2021 17:50,23565.3
8/3/2021 17:50,23671
8/3/2021 17:50,23211
8/3/2021 17:50,23621
8/3/2021 17:50,23653.2
8/3/2021 17:51,23669
8/3/2021 17:51,23709.8
8/3/2021 17:51,23249.1
8/3/2021 17:51,23853.5
8/3/2021 17:51,23923.2
8/3/2021 17:51,23783.8
8/3/2021 17:52,24029.1
8/3/2021 17:52,24019
8/3/2021 17:52,23922.6
8/3/2021 17:52,23961.6
8/3/2021 17:52,23939
8/3/2021 17:52,23873.2
8/3/2021 17:53,23954.8
8/3/2021 17:53,23857
8/3/2021 17:53,23872.2
8/3/2021 17:53,23254
8/3/2021 17:53,23850
8/3/2021 17:53,23899
8/3/2021 17:54,23915
8/3/2021 17:54,23711.1
8/3/2021 17:54,23820.2
8/3/2021 17:54,23885.3
8/3/2021 17:54,23850.6
8/3/2021 17:54,23000
8/3/2021 17:55,23989
8/3/2021 17:55,23852.8
8/3/2021 17:55,23959.2
8/3/2021 17:55,23915
8/3/2021 17:55,23915
8/3/2021 17:55,23822
8/3/2021 17:56,23879.8
8/3/2021 17:56,23809
8/3/2021 17:56,23771.5
8/3/2021 17:56,23623.1
8/3/2021 17:56,23753.7
8/3/2021 17:56,23623.8
8/3/2021 17:57,23539.2
8/3/2021 17:57,23691.2
8/3/2021 17:57,23693
8/3/2021 17:57,23202
8/3/2021 17:57,23692.3
8/3/2021 17:57,23733.8
8/3/2021 17:58,23586.1
8/3/2021 17:58,23608
8/3/2021 17:58,23613.7
8/3/2021 17:58,23608.3
8/3/2021 17:58,23633
8/3/2021 17:58,23693.8
8/3/2021 17:59,23611.6
8/3/2021 17:59,23633.7
8/3/2021 17:59,16469.4
8/3/2021 17:59,5255.1
8/3/2021 17:59,9153.7
8/3/2021 17:59,9172.7
8/3/2021 18:00,9126
8/3/2021 18:00,9109
8/3/2021 18:00,9109
8/3/2021 18:00,9109
8/3/2021 18:00,9109
8/3/2021 18:00,9109
8/3/2021 18:01,9109
8/3/2021 18:01,9109
8/3/2021 18:01,9109
8/3/2021 18:01,9109
8/3/2021 18:01,9109
8/3/2021 18:01,9109
8/3/2021 18:02,9109
8/3/2021 18:02,9109
8/3/2021 18:02,9109
8/3/2021 18:02,0
8/3/2021 18:03,0
8/3/2021 18:03,0
8/3/2021 18:03,0
8/3/2021 18:03,3006.7
8/3/2021 18:03,12457.6
8/3/2021 18:03,8268.3
8/3/2021 18:04,8169.1
8/3/2021 18:04,8190.2
8/3/2021 18:04,8181.3
8/3/2021 18:04,8199.8
8/3/2021 18:04,8201.1
8/3/2021 18:04,8205.5
8/3/2021 18:05,8242.9
8/3/2021 18:05,8270
8/3/2021 18:05,8243.6
8/3/2021 18:05,8218.5
8/3/2021 18:05,8283.7
8/3/2021 18:05,8277.8
8/3/2021 18:06,8295.3
8/3/2021 18:06,8707.4
8/3/2021 18:06,8254.6
8/3/2021 18:06,8282.8
8/3/2021 18:06,8287.3
8/3/2021 18:06,8275.5
8/3/2021 18:07,8318.9
8/3/2021 18:07,8329.6
8/3/2021 18:07,8282.3
8/3/2021 18:07,8303.2
8/3/2021 18:07,8300
8/3/2021 18:07,8203.4
8/3/2021 18:08,8305.9
8/3/2021 18:08,8262.8
8/3/2021 18:08,8240.4
8/3/2021 18:08,8258.4
8/3/2021 18:08,8262.2
8/3/2021 18:08,8239.1
8/3/2021 18:09,8227.3
8/3/2021 18:09,8216.7
8/3/2021 18:09,8150
8/3/2021 18:09,8137.7
8/3/2021 18:09,8160.7
8/3/2021 18:09,8184.3
8/3/2021 18:10,8120.3
8/3/2021 18:10,8110
8/3/2021 18:10,8142.2
8/3/2021 18:10,8115.6
8/3/2021 18:10,8113.5
8/3/2021 18:10,8065.2
8/3/2021 18:11,8076.7
8/3/2021 18:11,8096
8/3/2021 18:11,8116.7
8/3/2021 18:11,8113.4
8/3/2021 18:11,8094.8
8/3/2021 18:11,8065.1
8/3/2021 18:12,8096.8
8/3/2021 18:12,8091.4
8/3/2021 18:12,8052.5
8/3/2021 18:12,8040.5
8/3/2021 18:12,8025.4
8/3/2021 18:12,8074.4
8/3/2021 18:13,8059.3
8/3/2021 18:13,8015.8
8/3/2021 18:13,8051.8
8/3/2021 18:13,8037.2
8/3/2021 18:13,8025.6
8/3/2021 18:13,8042.7
8/3/2021 18:14,8012.1
8/3/2021 18:14,8043.7
8/3/2021 18:14,8025.7
8/3/2021 18:14,7997.7
8/3/2021 18:14,8015.7
8/3/2021 18:14,8012.9
8/3/2021 18:15,7995.8
8/3/2021 18:15,7992.6
8/3/2021 18:15,8024.5
8/3/2021 18:15,8015.4
8/3/2021 18:15,7976.7
8/3/2021 18:15,8033.5
8/3/2021 18:16,7963.2
8/3/2021 18:16,7968.4
8/3/2021 18:16,7957.6
8/3/2021 18:16,7931.4
8/3/2021 18:16,7921.4
8/3/2021 18:16,7949.7
8/3/2021 18:17,7898.1
8/3/2021 18:17,7899.6
8/3/2021 18:17,7940.9
8/3/2021 18:17,7921.1
8/3/2021 18:17,5158.7
8/3/2021 18:17,4503.2
8/3/2021 18:18,4244.9
8/3/2021 18:18,4159.5
8/3/2021 18:18,4171.5
8/3/2021 18:18,4142.4
8/3/2021 18:18,4123.9
8/3/2021 18:18,0
8/3/2021 18:19,4101.3
8/3/2021 18:19,4058.3
8/3/2021 18:19,4000.9
8/3/2021 18:19,3947.5
8/3/2021 18:19,3939.8
8/3/2021 18:19,3915.7
8/3/2021 18:20,3851.1
8/3/2021 18:20,3805.1
8/3/2021 18:20,3894.4
8/3/2021 18:20,3802.5
8/3/2021 18:20,3797.7
8/3/2021 18:20,3806.2
8/3/2021 18:21,3760.7
8/3/2021 18:21,3778.5
8/3/2021 18:21,3781.6
8/3/2021 18:21,3768.2
8/3/2021 18:21,3721.4
8/3/2021 18:21,3747.4
8/3/2021 18:22,3726.6
8/3/2021 18:22,3730.8
8/3/2021 18:22,3720.1
8/3/2021 18:22,3728.2
8/3/2021 18:22,3728
8/3/2021 18:22,3739.7
8/3/2021 18:23,3707.1
8/3/2021 18:23,3729.2
8/3/2021 18:23,3699.4
8/3/2021 18:23,3668.6
8/3/2021 18:23,3680.7
8/3/2021 18:23,3650.3
8/3/2021 18:24,3650.1
8/3/2021 18:24,3656.2
8/3/2021 18:24,3644.5
8/3/2021 18:24,3617.7
8/3/2021 18:24,3628.4
8/3/2021 18:24,3636.9
8/3/2021 18:25,3627.1
8/3/2021 18:25,3619.9
8/3/2021 18:25,3614.6
8/3/2021 18:25,3598.5
8/3/2021 18:25,3614.9
8/3/2021 18:25,3589
8/3/2021 18:26,3575.9
8/3/2021 18:26,3586.2
8/3/2021 18:26,3576.5
8/3/2021 18:26,3562.8
8/3/2021 18:26,3550.1
8/3/2021 18:26,3556.3
8/3/2021 18:27,3550.4
8/3/2021 18:27,3551.7
8/3/2021 18:27,3539.6
8/3/2021 18:27,3559.8
8/3/2021 18:27,3553.5
8/3/2021 18:27,3534.3
8/3/2021 18:28,3553.8
8/3/2021 18:28,3517.8
8/3/2021 18:28,3564.4
8/3/2021 18:28,3563.1
8/3/2021 18:28,3531.4
8/3/2021 18:28,3552.8
8/3/2021 18:29,3555.5
8/3/2021 18:29,3542.8
8/3/2021 18:29,3529.2
8/3/2021 18:29,3546.2
8/3/2021 18:29,3521
8/3/2021 18:29,3536.9
8/3/2021 18:30,3531.6
8/3/2021 18:30,3529.4
8/3/2021 18:30,3525.9
8/3/2021 18:30,3539.5
8/3/2021 18:30,3521.3
8/3/2021 18:30,3517.6
8/3/2021 18:31,3520.8
8/3/2021 18:31,3514.2
8/3/2021 18:31,3506
8/3/2021 18:31,3517.7
8/3/2021 18:31,3511.2
8/3/2021 18:31,3506.5
8/3/2021 18:32,3519.4
8/3/2021 18:32,3491.8
8/3/2021 18:32,3519.7
8/3/2021 18:32,3534.3
8/3/2021 18:32,3516.5
8/3/2021 18:32,3503.8
8/3/2021 18:33,3504.8
8/3/2021 18:33,3503.5
8/3/2021 18:33,3485.6
8/3/2021 18:33,3477
8/3/2021 18:33,3497.9
8/3/2021 18:33,3473.2
8/3/2021 18:34,3479.9
8/3/2021 18:34,3456.6
8/3/2021 18:34,3484.8
8/3/2021 18:34,3478.4
8/3/2021 18:34,3476
8/3/2021 18:34,3453.8
8/3/2021 18:35,3473.5
8/3/2021 18:35,3449.8
8/3/2021 18:35,3430.8
8/3/2021 18:35,3443.3
8/3/2021 18:35,3452.5
8/3/2021 18:35,3404.6
8/3/2021 18:36,3420.4
8/3/2021 18:36,3411
8/3/2021 18:36,3389.4
8/3/2021 18:36,7660.9
8/3/2021 18:36,11920.8
8/3/2021 18:36,15920.2
8/3/2021 18:37,23686.9
8/3/2021 18:37,24254.5
8/3/2021 18:37,24926.6
8/3/2021 18:37,27143.7
8/3/2021 18:37,27210
8/3/2021 18:37,27318.8
8/3/2021 18:38,27500.9
8/3/2021 18:38,27493.2
8/3/2021 18:38,27589.6
8/3/2021 18:38,27634
8/3/2021 18:38,27597.3
8/3/2021 18:38,27790
8/3/2021 18:39,27956.6
8/3/2021 18:39,28121.6
8/3/2021 18:39,28300
8/3/2021 18:39,28434.3
8/3/2021 18:39,28445.6
8/3/2021 18:39,28454.5
8/3/2021 18:40,28287.3
8/3/2021 18:40,28345.6
8/3/2021 18:40,28416.2
8/3/2021 18:40,28466.8
8/3/2021 18:40,28530.9
8/3/2021 18:40,28418.3
8/3/2021 18:41,28449.5
8/3/2021 18:41,28550.1
8/3/2021 18:41,28347.3
8/3/2021 18:41,28512.9
8/3/2021 18:41,28464.4
8/3/2021 18:41,28350.1
8/3/2021 18:42,28395.2
8/3/2021 18:42,28294.5
8/3/2021 18:42,28312.2
8/3/2021 18:42,28376.4
8/3/2021 18:42,28316.6
8/3/2021 18:42,28351.5
8/3/2021 18:43,28434.4
8/3/2021 18:43,28405.7
8/3/2021 18:43,28475.5
8/3/2021 18:43,28408.1
8/3/2021 18:43,28507.5
8/3/2021 18:43,28390.1
8/3/2021 18:44,28527.6
8/3/2021 18:44,28538.6
8/3/2021 18:44,28461.8
8/3/2021 18:44,28492.4
8/3/2021 18:44,28306.3
8/3/2021 18:44,28303.5
8/3/2021 18:45,28194
8/3/2021 18:45,28238.3
8/3/2021 18:45,28215.3
8/3/2021 18:45,28321.8
8/3/2021 18:45,28261
8/3/2021 18:45,28207
8/3/2021 18:46,28175.9
8/3/2021 18:46,28212.2
8/3/2021 18:46,26205.6
8/3/2021 18:46,28238.4
8/3/2021 18:46,28192.7
8/3/2021 18:46,28207.9
8/3/2021 18:47,28163.6
8/3/2021 18:47,28160.1
8/3/2021 18:47,28184.5
8/3/2021 18:47,27991
8/3/2021 18:47,28094.8
8/3/2021 18:47,28018.5
8/3/2021 18:48,28159.8
8/3/2021 18:48,28151.6
8/3/2021 18:48,28216.7
8/3/2021 18:48,28055.6
8/3/2021 18:48,28137.5
8/3/2021 18:48,28152.9
8/3/2021 18:49,28050.4
8/3/2021 18:49,29015.6
8/3/2021 18:49,28100.3
8/3/2021 18:49,28104.8
8/3/2021 18:49,28000.1
8/3/2021 18:49,28073.7
8/3/2021 18:50,28027.7
8/3/2021 18:50,28014.1
8/3/2021 18:50,27976.4
8/3/2021 18:50,27837.4
8/3/2021 18:50,47937.5
8/3/2021 18:50,27894.2
8/3/2021 18:51,27934.5
8/3/2021 18:51,27909.5
8/3/2021 18:51,27798.9
8/3/2021 18:51,27824
8/3/2021 18:51,27783.6
8/3/2021 18:51,27676.9
8/3/2021 18:52,27722.4
8/3/2021 18:52,27719.9
8/3/2021 18:52,27695.5
8/3/2021 18:52,27551.3
8/3/2021 18:52,27618.5
8/3/2021 18:52,27607.8
8/3/2021 18:53,27543.7
8/3/2021 18:53,27529.6
8/3/2021 18:53,27614.1
8/3/2021 18:53,27507.5
8/3/2021 18:53,27492.3
8/3/2021 18:53,27453
8/3/2021 18:54,27335.5
8/3/2021 18:54,27305.8
8/3/2021 18:54,27346
8/3/2021 18:54,27289.4
8/3/2021 18:54,27139.7
8/3/2021 18:54,27179.1
8/3/2021 18:55,27235
8/3/2021 18:55,27075.8
8/3/2021 18:55,27063.9
8/3/2021 18:55,27140.3
8/3/2021 18:55,27172.8
8/3/2021 18:55,27046.1
8/3/2021 18:56,27099.7
8/3/2021 18:56,27084
8/3/2021 18:56,27117.6
8/3/2021 18:56,27083.9
8/3/2021 18:56,23624.8
8/3/2021 18:56,10585
8/3/2021 18:57,11280.4
8/3/2021 18:57,14212.1
8/3/2021 18:57,14193.3
8/3/2021 18:57,14194.8
8/3/2021 18:57,14262.3
8/3/2021 18:57,14264.6
8/3/2021 18:58,14204
8/3/2021 18:58,14234.2
8/3/2021 18:58,14232.6
8/3/2021 18:58,14242
8/3/2021 18:58,14142.2
8/3/2021 18:58,14165.7
8/3/2021 18:59,14159.4
8/3/2021 18:59,14168.1
8/3/2021 18:59,14129
8/3/2021 18:59,14189.4
8/3/2021 18:59,14103
8/3/2021 18:59,14097.3
8/3/2021 19:00,14126.6
8/3/2021 19:00,14084.8
8/3/2021 19:00,14112.5
8/3/2021 19:00,14142.5
8/3/2021 19:00,14074
8/3/2021 19:00,14047.5
8/3/2021 19:01,14048.6
8/3/2021 19:01,14088.1
8/3/2021 19:01,14053.7
8/3/2021 19:01,13974.2
8/3/2021 19:01,13997.6
8/3/2021 19:01,14020.3
8/3/2021 19:02,13953.3
8/3/2021 19:02,13978.9
8/3/2021 19:02,13963.5
8/3/2021 19:02,13909.7
8/3/2021 19:02,13985.4
8/3/2021 19:02,13946.2
8/3/2021 19:03,13970
8/3/2021 19:03,13917.1
8/3/2021 19:03,13872.1
8/3/2021 19:03,13916.2
8/3/2021 19:03,13943.4
8/3/2021 19:03,13923.6
8/3/2021 19:04,13885.3
8/3/2021 19:04,13882.6
8/3/2021 19:04,13891.3
8/3/2021 19:04,13899.4
8/3/2021 19:04,14037.6
8/3/2021 19:04,14123.9
8/3/2021 19:05,14079.7
8/3/2021 19:05,14016.7
8/3/2021 19:05,14052
8/3/2021 19:05,14033.3
8/3/2021 19:05,14040.7
8/3/2021 19:05,14057.7
8/3/2021 19:06,13983.3
8/3/2021 19:06,14020.3
8/3/2021 19:06,13950.1
8/3/2021 19:06,13981.4
8/3/2021 19:06,13972.5
8/3/2021 19:06,13915.2
8/3/2021 19:07,13884.1
8/3/2021 19:07,13970.3
8/3/2021 19:07,13922.7
8/3/2021 19:07,13976.4
8/3/2021 19:07,14065.6
8/3/2021 19:07,14004.4
8/3/2021 19:08,14056.3
8/3/2021 19:08,14070.3
8/3/2021 19:08,14057.9
8/3/2021 19:08,14000.6
8/3/2021 19:08,14049.9
8/3/2021 19:08,13953
8/3/2021 19:09,13958.3
8/3/2021 19:09,14011.6
8/3/2021 19:09,14019.1
8/3/2021 19:09,14031.1
8/3/2021 19:09,13994.2
8/3/2021 19:09,13989.4
8/3/2021 19:10,13962.5
8/3/2021 19:10,13951.2
8/3/2021 19:10,15932.8
8/3/2021 19:10,13904.8
8/3/2021 19:10,13914.4
8/3/2021 19:10,13950
8/3/2021 19:11,13870.5
8/3/2021 19:11,13891.7
8/3/2021 19:11,13815
8/3/2021 19:11,13959.8
8/3/2021 19:11,13891.2
8/3/2021 19:11,13890.1
8/3/2021 19:12,13924.3
8/3/2021 19:12,13913.1
8/3/2021 19:12,13879.9
8/3/2021 19:12,13920.2
8/3/2021 19:12,13890.1
8/3/2021 19:12,13893.8
8/3/2021 19:13,13903.1
8/3/2021 19:13,7618.4
8/3/2021 19:13,4254.9
8/3/2021 19:13,1619.2
8/3/2021 19:13,1468
8/3/2021 19:13,1424
8/3/2021 19:14,1409.5
8/3/2021 19:14,1378.9
8/3/2021 19:14,1373.7
8/3/2021 19:14,1369.9
8/3/2021 19:14,1347.1
8/3/2021 19:14,1321.7
8/3/2021 19:15,1315.2
8/3/2021 19:15,1293.5
8/3/2021 19:15,1288
8/3/2021 19:15,1281.5
8/3/2021 19:15,1260.1
8/3/2021 19:15,1247.6
8/3/2021 19:16,1242.9
8/3/2021 19:16,1239.2
8/3/2021 19:16,1197.6
8/3/2021 19:16,1201.9
8/3/2021 19:16,1172.9
8/3/2021 19:16,1150.2
8/3/2021 19:17,1141.3
8/3/2021 19:17,1104
8/3/2021 19:17,1093
8/3/2021 19:17,1075.6
8/3/2021 19:17,1043.6
8/3/2021 19:17,1016.4
8/3/2021 19:18,1004.4
8/3/2021 19:18,998.2
8/3/2021 19:18,975.4
8/3/2021 19:18,952
8/3/2021 19:18,3146.3
8/3/2021 19:18,2613.7
8/3/2021 19:19,1565.8
8/3/2021 19:19,1213.9
8/3/2021 19:19,1186.4
8/3/2021 19:19,1200.2
8/3/2021 19:19,1184.4
8/3/2021 19:19,1177.4
8/3/2021 19:20,1170.5
8/3/2021 19:20,1167.7
8/3/2021 19:20,1159.8
8/3/2021 19:20,1161.2
8/3/2021 19:20,1151.7
8/3/2021 19:20,1136.2
8/3/2021 19:21,1152.7
8/3/2021 19:21,1145.9
8/3/2021 19:21,1138.6
8/3/2021 19:21,1153.6
8/3/2021 19:21,1100.7
8/3/2021 19:21,1126.9
8/3/2021 19:22,1099.5
8/3/2021 19:22,1116.5
8/3/2021 19:22,1126.9
8/3/2021 19:22,1121
8/3/2021 19:22,1120.8
8/3/2021 19:22,1105.4
8/3/2021 19:23,1101.4
8/3/2021 19:23,1088.9
8/3/2021 19:23,1091
8/3/2021 19:23,1083.2
8/3/2021 19:23,1095.2
8/3/2021 19:23,1077.2
8/3/2021 19:24,1078
8/3/2021 19:24,1074.9
8/3/2021 19:24,1068.9
8/3/2021 19:24,1058.6
8/3/2021 19:24,1056
8/3/2021 19:24,1048
8/3/2021 19:25,1046.2
8/3/2021 19:25,1041.9
8/3/2021 19:25,1060.3
8/3/2021 19:25,1051
8/3/2021 19:25,1053.6
8/3/2021 19:25,1037.8
8/3/2021 19:26,1045.7
8/3/2021 19:26,1039.2
8/3/2021 19:26,1035.8
8/3/2021 19:26,1034.7
8/3/2021 19:26,1015.1
8/3/2021 19:26,1038.5
8/3/2021 19:27,1047.6
8/3/2021 19:27,1036.9
8/3/2021 19:27,1015.3
8/3/2021 19:27,1015.9
8/3/2021 19:27,1010.4
8/3/2021 19:27,1025.6
8/3/2021 19:28,1015.3
8/3/2021 19:28,1017.1
8/3/2021 19:28,1010.2
8/3/2021 19:28,1003.4
8/3/2021 19:28,1010.3
8/3/2021 19:28,1001.6
8/3/2021 19:29,1008.2
8/3/2021 19:29,999.4
8/3/2021 19:29,989.4
8/3/2021 19:29,1006.1
8/3/2021 19:29,1000.4
8/3/2021 19:29,988.6
8/3/2021 19:30,992.3
8/3/2021 19:30,995.5
8/3/2021 19:30,995.1
8/3/2021 19:30,987.1
8/3/2021 19:30,990.1
8/3/2021 19:30,992.6
8/3/2021 19:31,974.8
8/3/2021 19:31,988.6
8/3/2021 19:31,985.2
8/3/2021 19:31,988.6
8/3/2021 19:31,644.7
8/3/2021 19:31,711.4
8/3/2021 19:32,696.8
8/3/2021 19:32,702.9
8/3/2021 19:32,707.3
8/3/2021 19:32,707.3
8/3/2021 19:32,696.1
8/3/2021 19:32,688.2
8/3/2021 19:33,689.8
8/3/2021 19:33,680.4
8/3/2021 19:33,685.4
8/3/2021 19:33,688.3
8/3/2021 19:33,685.6
8/3/2021 19:33,682.8
8/3/2021 19:34,685
8/3/2021 19:34,683.6
8/3/2021 19:34,686.5
8/3/2021 19:34,680.6
8/3/2021 19:34,683.5
8/3/2021 19:34,675.7
8/3/2021 19:35,679.8
8/3/2021 19:35,669
8/3/2021 19:35,665.4
8/3/2021 19:35,672.7
8/3/2021 19:35,668.1
8/3/2021 19:35,679.2
8/3/2021 19:36,660
8/3/2021 19:36,671.6
8/3/2021 19:36,664.5
8/3/2021 19:36,670.3
8/3/2021 19:36,647.4
8/3/2021 19:36,664.5
8/3/2021 19:37,655.3
8/3/2021 19:37,656.4
8/3/2021 19:37,653.8
8/3/2021 19:37,656.7
8/3/2021 19:37,663.5
8/3/2021 19:37,656.1
8/3/2021 19:38,658.2
8/3/2021 19:38,649.3
8/3/2021 19:38,657.6
8/3/2021 19:38,653.9
8/3/2021 19:38,649.4
8/3/2021 19:38,642.6
8/3/2021 19:39,642
8/3/2021 19:39,635
8/3/2021 19:39,646.3
8/3/2021 19:39,630.4
8/3/2021 19:39,647.7
8/3/2021 19:39,627.2
8/3/2021 19:40,640.6
8/3/2021 19:40,643.5
8/3/2021 19:40,634.3
8/3/2021 19:40,628.5
8/3/2021 19:40,627.4
8/3/2021 19:40,637.5
8/3/2021 19:41,632.9
8/3/2021 19:41,641.4
8/3/2021 19:41,624.3
8/3/2021 19:41,624.4
8/3/2021 19:41,631.7
8/3/2021 19:41,630.5
8/3/2021 19:42,627.4
8/3/2021 19:42,630.3
8/3/2021 19:42,638.9
8/3/2021 19:42,627.5
8/3/2021 19:42,640.4
8/3/2021 19:42,621.8
8/3/2021 19:43,620.7
8/3/2021 19:43,626.9
8/3/2021 19:43,624.9
8/3/2021 19:43,615.4
8/3/2021 19:43,626.5
8/3/2021 19:43,624
8/3/2021 19:44,617
8/3/2021 19:44,615.4
8/3/2021 19:44,615.6
8/3/2021 19:44,615.6
8/3/2021 19:44,619.5
8/3/2021 19:44,621.1
8/3/2021 19:45,619.3
8/3/2021 19:45,613.6
8/3/2021 19:45,620.9
8/3/2021 19:45,625.7
8/3/2021 19:45,609.2
8/3/2021 19:45,617.3
8/3/2021 19:46,619.3
8/3/2021 19:46,616.4
8/3/2021 19:46,609.2
8/3/2021 19:46,619
8/3/2021 19:46,612.2
8/3/2021 19:46,611.3
8/3/2021 19:47,607.9
8/3/2021 19:47,616.9
8/3/2021 19:47,611.6
8/3/2021 19:47,622.9
8/3/2021 19:47,607.1
8/3/2021 19:47,606.1
8/3/2021 19:48,610.5
8/3/2021 19:48,608.9
8/3/2021 19:48,609.4
8/3/2021 19:48,603.1
8/3/2021 19:48,600.1
8/3/2021 19:48,620.7
8/3/2021 19:49,600
8/3/2021 19:49,598
8/3/2021 19:49,17336.6
8/3/2021 19:49,20300.5
8/3/2021 19:49,20351.1
8/3/2021 19:49,20400.9
8/3/2021 19:50,22489.4
8/3/2021 19:50,24694.3
8/3/2021 19:50,24881.9
8/3/2021 19:50,24970.5
8/3/2021 19:50,25038.3
8/3/2021 19:50,25127.3
8/3/2021 19:51,25246
8/3/2021 19:51,25250.7
8/3/2021 19:51,25193.1
8/3/2021 19:51,25219.9
8/3/2021 19:51,25302.6
8/3/2021 19:51,25471
8/3/2021 19:52,25482
8/3/2021 19:52,25604.2
8/3/2021 19:52,25575
8/3/2021 19:52,25635.7
8/3/2021 19:52,25853.8
8/3/2021 19:52,25835.9
8/3/2021 19:53,25825.7
8/3/2021 19:53,25884.9
8/3/2021 19:53,25953.8
8/3/2021 19:53,25903.4
8/3/2021 19:53,25945.4
8/3/2021 19:53,25906.9
8/3/2021 19:54,26049.5
8/3/2021 19:54,26017.1
8/3/2021 19:54,26008.5
8/3/2021 19:54,25854.9
8/3/2021 19:54,25999.1
8/3/2021 19:54,25999.2
8/3/2021 19:55,25883.1
8/3/2021 19:55,25933
8/3/2021 19:55,25882.2
8/3/2021 19:55,25754.9
8/3/2021 19:55,25783.1
8/3/2021 19:55,25756.8
8/3/2021 19:56,25890.6
8/3/2021 19:56,25732.7
8/3/2021 19:56,25682.5
8/3/2021 19:56,25698.1
8/3/2021 19:56,25841.1
8/3/2021 19:56,25915.7
8/3/2021 19:57,25981.6
8/3/2021 19:57,25991.2
8/3/2021 19:57,25952.5
8/3/2021 19:57,25763.9
8/3/2021 19:57,25758.2
8/3/2021 19:57,25785.7
8/3/2021 19:58,25669.9
8/3/2021 19:58,25715.7
8/3/2021 19:58,25842.5
8/3/2021 19:58,25880.1
8/3/2021 19:58,25835.3
8/3/2021 19:58,25638.2
8/3/2021 19:59,25795.3
8/3/2021 19:59,25715.3
8/3/2021 19:59,25601
8/3/2021 19:59,25558.8
8/3/2021 19:59,25667.6
8/3/2021 19:59,25650.6
8/3/2021 20:00,25641.2
8/3/2021 20:00,25647.8
8/3/2021 20:00,25722.9
8/3/2021 20:00,25450.4
8/3/2021 20:00,25422.7
8/3/2021 20:00,25546.5
8/3/2021 20:01,25568.6
8/3/2021 20:01,25609.1
8/3/2021 20:01,25584.8
8/3/2021 20:01,25560.7
8/3/2021 20:01,25577.1
8/3/2021 20:01,25519.1
8/3/2021 20:02,25529.6
8/3/2021 20:02,25463.9
8/3/2021 20:02,25454
8/3/2021 20:02,25486.4
8/3/2021 20:02,25406
8/3/2021 20:02,25406.5
8/3/2021 20:03,25294.4
8/3/2021 20:03,25338.3
8/3/2021 20:03,25288.8
8/3/2021 20:03,25294.5
8/3/2021 20:03,25200.5
8/3/2021 20:03,25253.4
8/3/2021 20:04,25164.2
8/3/2021 20:04,25150.2
8/3/2021 20:04,25077.6
8/3/2021 20:04,25176.7
8/3/2021 20:04,25227.5
8/3/2021 20:04,25120.6
8/3/2021 20:05,25112.7
8/3/2021 20:05,25072.6
8/3/2021 20:05,24900.1
8/3/2021 20:05,24909.1
8/3/2021 20:05,24967.3
8/3/2021 20:05,24923.6
8/3/2021 20:06,24793.8
8/3/2021 20:06,24953.7
8/3/2021 20:06,24900.6
8/3/2021 20:06,24805.3
8/3/2021 20:06,24837.4
8/3/2021 20:06,24768.9
8/3/2021 20:07,24648.3
8/3/2021 20:07,24621.7
8/3/2021 20:07,24652.4
8/3/2021 20:07,24680.5
8/3/2021 20:07,24594.5
8/3/2021 20:07,24539.3
8/3/2021 20:08,24617.6
8/3/2021 20:08,24568.3
8/3/2021 20:08,11945.4
8/3/2021 20:08,11642.5
8/3/2021 20:08,11628.3
8/3/2021 20:08,11649.6
8/3/2021 20:09,11594.3
8/3/2021 20:09,11599.7
8/3/2021 20:09,11543.8
8/3/2021 20:09,11550.9
8/3/2021 20:09,11540.9
8/3/2021 20:09,11550.9
8/3/2021 20:10,11541.1
8/3/2021 20:10,11571.2
8/3/2021 20:10,11523.4
8/3/2021 20:10,11529.3
8/3/2021 20:10,11540.1
8/3/2021 20:10,11497.2
8/3/2021 20:11,11514.9
8/3/2021 20:11,11427.7
8/3/2021 20:11,11427.5
8/3/2021 20:11,11454.4
8/3/2021 20:11,11383.6
8/3/2021 20:11,11366.3
8/3/2021 20:12,11393
8/3/2021 20:12,11411.6
8/3/2021 20:12,11345.6
8/3/2021 20:12,11343.2
8/3/2021 20:12,11353.3
8/3/2021 20:12,11286.1
8/3/2021 20:13,11299.7
8/3/2021 20:13,11334.7
8/3/2021 20:13,11359.8
8/3/2021 20:13,11311
8/3/2021 20:13,11322.4
8/3/2021 20:13,11304.2
8/3/2021 20:14,11252
8/3/2021 20:14,11314.5
8/3/2021 20:14,11291
8/3/2021 20:14,11333.4
8/3/2021 20:14,11219.6
8/3/2021 20:14,11250.1
8/3/2021 20:15,11246.9
8/3/2021 20:15,11223.9
8/3/2021 20:15,11217.1
8/3/2021 20:15,11233.3
8/3/2021 20:15,11214.3
8/3/2021 20:15,11206.6
8/3/2021 20:16,11190.6
8/3/2021 20:16,11145.8
8/3/2021 20:16,11145.2
8/3/2021 20:16,11150.9
8/3/2021 20:16,11098.6
8/3/2021 20:16,11089.2
8/3/2021 20:17,11107.8
8/3/2021 20:17,11101.8
8/3/2021 20:17,11092.1
8/3/2021 20:17,11093.2
8/3/2021 20:17,11073
8/3/2021 20:17,11045.8
8/3/2021 20:18,11041.8
8/3/2021 20:18,11023
8/3/2021 20:18,10971.1
8/3/2021 20:18,11025.8
8/3/2021 20:18,11087.2
8/3/2021 20:18,10991.4
8/3/2021 20:19,10983
8/3/2021 20:19,10939.6
8/3/2021 20:19,10935.5
8/3/2021 20:19,10970.4
8/3/2021 20:19,10846.9
8/3/2021 20:19,10911.3
8/3/2021 20:20,10865.7
8/3/2021 20:20,10874.6
8/3/2021 20:20,10842.9
8/3/2021 20:20,10865.2
8/3/2021 20:20,10909.9
8/3/2021 20:20,10845.2
8/3/2021 20:21,10848.4
8/3/2021 20:21,10796.8
8/3/2021 20:21,10778
8/3/2021 20:21,10827.3
8/3/2021 20:21,10769.8
8/3/2021 20:21,10840.4
8/3/2021 20:22,10832
8/3/2021 20:22,10829.9
8/3/2021 20:22,10838.4
8/3/2021 20:22,10831.2
8/3/2021 20:22,10755
8/3/2021 20:22,10802.6
8/3/2021 20:23,10768.3
8/3/2021 20:23,10760.4
8/3/2021 20:23,10780.1
8/3/2021 20:23,10691.4
8/3/2021 20:23,10722
8/3/2021 20:23,10706.3
8/3/2021 20:24,10675.7
8/3/2021 20:24,10660.9
8/3/2021 20:24,10684.6
8/3/2021 20:24,10661.7
8/3/2021 20:24,9598.3
8/3/2021 20:24,5737.7
8/3/2021 20:25,7470.6
8/3/2021 20:25,7766.3
8/3/2021 20:25,7730.9
8/3/2021 20:25,7744.8
8/3/2021 20:25,7756.1
8/3/2021 20:25,7768.9
8/3/2021 20:26,7743.2
8/3/2021 20:26,7724
8/3/2021 20:26,7756.2
8/3/2021 20:26,7723.2
8/3/2021 20:26,7798.3
8/3/2021 20:26,7717
8/3/2021 20:27,7747.1
8/3/2021 20:27,7722.2
8/3/2021 20:27,7704.2
8/3/2021 20:27,7711.6
8/3/2021 20:27,7696.8
8/3/2021 20:27,7898.9
8/3/2021 20:28,7738.7
8/3/2021 20:28,7666.5
8/3/2021 20:28,7674.9
8/3/2021 20:28,7687
8/3/2021 20:28,7678
8/3/2021 20:28,7688.2
8/3/2021 20:29,7677.6
8/3/2021 20:29,7643.9
8/3/2021 20:29,7665.4
8/3/2021 20:29,7650.9
8/3/2021 20:29,7643.2
8/3/2021 20:29,7671.3
8/3/2021 20:30,7647
8/3/2021 20:30,7687
8/3/2021 20:30,7637.4
8/3/2021 20:30,7656.2
8/3/2021 20:30,7682.4
8/3/2021 20:30,7616.5
8/3/2021 20:31,7638.1
8/3/2021 20:31,7616.7
8/3/2021 20:31,7658.5
8/3/2021 20:31,7672.6
8/3/2021 20:31,7609
8/3/2021 20:31,7639.2
8/3/2021 20:32,7589.2
8/3/2021 20:32,7629.9
8/3/2021 20:32,7609.3
8/3/2021 20:32,7587.7
8/3/2021 20:32,7698.8
8/3/2021 20:32,7588.9
8/3/2021 20:33,7604.7
8/3/2021 20:33,7565.6
8/3/2021 20:33,7573.2
8/3/2021 20:33,7613.4
8/3/2021 20:33,7590.6
8/3/2021 20:33,7546.8
8/3/2021 20:34,7561.9
8/3/2021 20:34,7566.8
8/3/2021 20:34,7563.3
8/3/2021 20:34,7583.1
8/3/2021 20:34,7540.1
8/3/2021 20:34,7530.5
8/3/2021 20:35,7548.8
8/3/2021 20:35,7555.6
8/3/2021 20:35,7532.7
8/3/2021 20:35,7516
8/3/2021 20:35,7518.1
8/3/2021 20:35,7477.6
8/3/2021 20:36,7502.2
8/3/2021 20:36,7475.6
8/3/2021 20:36,7505.2
8/3/2021 20:36,7495
8/3/2021 20:36,7479.1
8/3/2021 20:36,329.4
8/3/2021 20:37,0
8/3/2021 20:37,0
8/3/2021 20:37,0
8/3/2021 20:37,0
8/3/2021 20:37,0
8/3/2021 20:37,0
8/3/2021 20:38,0
8/3/2021 20:38,0
8/3/2021 20:38,0
8/3/2021 20:38,0
8/3/2021 20:38,0
8/3/2021 20:38,0
