,level_0,index,PerformerExperimentID,FacilityID,EquipmentUnitID,DateOfSurvey,Operator_Timestamp,StartTime,EndTime,SurveyTime,Gas,PlumeLength (hyperspectral technologies only),FacilityEmissionRate,FacilityEmissionRateUpper,FacilityEmissionRateLower,UncertaintyType,WindSpeed,WindDirection,TransitDirection,QC filter,NumberOfEmissionSourcesReported,Stanford_timestamp,Round 3 test set,WindType,OperatorSet,UnblindingStage,Notes,cr_quad_scfh,PipeSize_inch,MeterCode,cr_allmeters_scfh,Flag_field_recorded,cr_Coriolis_gps,cr_scfh_mean30,cr_scfh_mean60,cr_scfh_mean90,cr_scfh_mean300,cr_scfh_mean600,cr_scfh_mean900,TestLocation,Wind_MPS_mean300,cr_start,cr_end,cr_idx,PlumeLength_m,PlumeEstablished,PlumeDevelopTime,PlumeSteady,tc_Classification,Detection,cr_kgh_CH4_mean30,cr_kgh_CH4_lower30,cr_kgh_CH4_upper30,cr_kgh_CH4_mean60,cr_kgh_CH4_lower60,cr_kgh_CH4_upper60,cr_kgh_CH4_mean90,cr_kgh_CH4_lower90,cr_kgh_CH4_upper90,cr_kgh_CH4_mean300,cr_kgh_CH4_lower300,cr_kgh_CH4_upper300,cr_kgh_CH4_mean600,cr_kgh_CH4_lower600,cr_kgh_CH4_upper600,cr_kgh_CH4_mean900,cr_kgh_CH4_lower900,cr_kgh_CH4_upper900,PlumeDevelopIndex
0,2073,,,,,,,,,,,,,,,,,,,,,2021-10-21 18:30:00+00:00,,,SOOFIE,1,,-537.1,8.0,218645.0,0.0,False,,0.0,0.0,0.0,0.0,0.0,0.0,AZ,4.082133333333334,2021-10-21 18:27:30+00:00,2021-10-21 18:35:08+00:00,2035.0,668.2550000000001,True,2.5,False,ER,0.0,0.0,0.0,0.0,0.0,0.0,0.0,0.0,0.0,0.0,0.0,0.0,0.0,0.0,0.0,0.0,0.0,0.0,0.0,< 5
1,1780,,,,,,2021-10-18 17:15:00+00:00,,,,,,396.84,,,,7.8,234.0,,,,2021-10-18 17:15:00+00:00,,,SOOFIE,1,,38987.32,4.0,218645.0,38987.32,False,,9226.475333333334,4613.237666666667,3075.4917777777778,922.6475333333334,461.3237666666667,307.5491777777778,AZ,7.523166666666666,2021-10-17 17:56:00+00:00,2021-10-18 17:16:37+00:00,2003.0,0.0,False,1399.0,False,NE,-1.0,166.4170939232863,152.83875730130052,180.3461295092698,83.25748657236433,72.21475918185371,94.30889050042067,55.45215288744236,44.84204652993482,65.9272021903395,16.626013006972215,6.794470406728854,26.305821407807127,8.371645231952776,-1.1153584325118964,18.053594024914865,5.580151942306599,-4.0403932016585316,15.089584616176273,> 15
2,1781,,,,,,2021-10-18 17:30:00+00:00,,,,,,271.88,,,,7.7,216.0,,,,2021-10-18 17:30:00+00:00,,,SOOFIE,1,,23027.2,4.0,218645.0,23027.2,False,,22966.571666666667,22996.97766666667,22959.250666666667,23202.166633333334,23403.306583333335,23140.27025555555,AZ,7.759466666666667,2021-10-18 17:16:37+00:00,2021-10-18 17:41:57+00:00,2004.0,6812.3,True,13.383333333333333,True,TP,1.0,414.42770893876116,389.6997920371753,439.457260872235,414.96412593638485,388.97345634444736,440.3887257743215,414.19721184833895,389.1906327530114,439.27007521528066,418.57462146887286,392.79299521027696,444.43714887229714,422.13703911286035,396.60208947957307,447.74026113721135,417.4068290341829,391.5498764937541,442.99388038062045,< 15
3,1782,,,,,,2021-10-18 17:45:00+00:00,,,,,,252.52,,,,9.4,213.0,,,,2021-10-18 17:45:00+00:00,,,SOOFIE,1,,82769.66,4.0,218645.0,82769.66,False,,82683.59266666666,83090.913,83233.26822222222,73756.11493333333,48159.8309,39749.89508888889,AZ,8.299966666666668,2021-10-18 17:41:57+00:00,2021-10-18 18:05:57+00:00,2005.0,1581.98,True,3.05,True,TP,1.0,1492.304827304923,1410.402222253928,1576.9064286942503,1498.6321313652118,1416.6337671368483,1582.9215603828798,1501.6575844103168,1418.985370698443,1589.1166692696288,1331.400110320992,1258.7701467673853,1406.246482318694,868.9066013078066,820.7060809787492,917.8767526821788,717.5998446154244,675.9082219143531,757.9744424729736,< 5
4,1783,,,,,,2021-10-18 18:00:00+00:00,,,,,,262.94,,,,8.5,216.0,,,,2021-10-18 18:00:00+00:00,,,SOOFIE,1,,78262.79,4.0,218645.0,78262.79,False,,78629.26599999999,78614.00433333333,78563.50822222221,78898.6141,79461.70846666668,80148.9379,AZ,7.881833333333333,2021-10-18 17:41:57+00:00,2021-10-18 18:05:57+00:00,2005.0,9392.744999999999,True,18.05,True,TP,1.0,1418.7245570978343,1341.6852695372388,1498.8678805741067,1418.3053185832493,1341.729721710675,1499.3392188786709,1417.213557907857,1339.173481787437,1497.8081092513783,1423.7527232432603,1347.2308010949318,1502.7914620528952,1433.9461441889189,1354.7544056207414,1516.3284920871527,1446.342550116904,1366.719444945324,1526.9812160635947,> 15
5,1784,,,,,,2021-10-18 18:15:00+00:00,,,,,,259.32,,,,7.3,219.0,,,,2021-10-18 18:15:00+00:00,,,SOOFIE,1,,31506.54,4.0,218645.0,31506.54,False,,31490.306999999997,31486.646666666667,31491.358333333334,31089.3873,31966.123766666664,47264.39173333334,AZ,7.8872333333333335,2021-10-18 18:05:57+00:00,2021-10-18 18:36:54+00:00,2006.0,4448.514999999999,True,9.05,True,TP,1.0,568.196837879456,535.0458002498466,602.1617245721045,568.296617316564,535.1789766293833,602.2759123280381,568.2217950153331,535.1610815400273,601.4577174000506,561.0969077526439,527.9065862296891,594.1588205974692,576.9637752261685,543.5814640163737,610.546597411825,852.5911297834847,805.4218440431971,900.5390182966698,< 10
6,1785,,,,,,2021-10-18 18:30:00+00:00,,,,,,164.82,,,,8.6,220.0,,,,2021-10-18 18:30:00+00:00,,,SOOFIE,1,,32403.42,4.0,218645.0,32403.42,False,,32545.821,32555.993333333332,32544.556999999997,32567.109566666662,32460.06408333334,32095.108533333336,AZ,8.613933333333334,2021-10-18 18:05:57+00:00,2021-10-18 18:36:54+00:00,2006.0,12155.79,True,24.05,True,TP,1.0,587.0521603488138,552.8269411281701,621.2110766716382,587.2746285264037,553.2084682480967,621.3529731397458,587.2670914895378,554.1768472609666,621.0716489385411,587.1945101698689,553.2312141754999,621.5260769000445,585.7908926780682,552.4556620450836,619.5508158887666,578.9073644140451,545.2411819023681,612.3278884742325,> 15
7,1786,,,,,,2021-10-18 18:45:00+00:00,,,,,,0.66,,,,9.0,220.0,,,,2021-10-18 18:45:00+00:00,,,SOOFIE,1,,0.0,4.0,218645.0,0.0,False,,0.0,0.0,0.0,0.0,0.0,0.0,AZ,7.920499999999999,2021-10-18 18:37:23+00:00,2021-10-18 18:56:23+00:00,2008.0,3622.385,True,7.616666666666668,False,FP,0.0,0.0,0.0,0.0,0.0,0.0,0.0,0.0,0.0,0.0,0.0,0.0,0.0,0.0,0.0,0.0,0.0,0.0,0.0,< 10
8,1787,,,,,,2021-10-18 19:00:00+00:00,,,,,,0.09,,,,8.6,223.0,,,,2021-10-18 19:00:00+00:00,,,SOOFIE,1,,21467.65,4.0,218645.0,21467.65,False,,21490.15166666667,21493.575833333332,21445.256555555556,16674.478799999997,8337.239400166667,5558.159600111112,AZ,9.629633333333334,2021-10-18 18:56:23+00:00,2021-10-18 19:27:44+00:00,2009.0,2149.775,True,3.6166666666666667,True,TP,1.0,387.8211463113543,363.90749044314754,411.7983599921719,387.7936148526741,363.5663069168731,411.80830547389377,386.8385399925682,362.7236112799235,411.144114096624,300.85492240714296,280.86159950240926,320.8824494685937,150.43226063367015,137.5258224242618,163.58580530044347,100.29146825826773,88.81065519675913,112.02414815911209,< 5
9,1788,,,,,,2021-10-18 19:15:00+00:00,,,,,,0,,,,7.9,242.0,,,,2021-10-18 19:15:00+00:00,,,SOOFIE,1,,20552.79,4.0,218645.0,20552.79,False,,20494.418,20481.933333333334,20481.532888888887,20590.224866666667,20802.551783333332,20873.916477777777,AZ,8.743566666666668,2021-10-18 18:56:23+00:00,2021-10-18 19:27:44+00:00,2009.0,9897.419999999998,True,18.616666666666667,True,FN,0.0,369.9203117113129,347.128771560469,393.270964177245,369.40218809442797,345.6197540107308,392.8616106177742,369.64767192322074,346.5347846673651,392.79387279522916,371.6473287383211,348.5811232362646,394.5531015728442,375.3672584867346,351.8307998136569,398.5484025786915,376.7096942840361,353.4428062963543,400.09516964352247,> 15
10,1878,,,,,,2021-10-19 17:45:00+00:00,,,,,,157.41,,,,2.1,327.0,,,,2021-10-19 17:45:00+00:00,,,SOOFIE,1,,0.0,8.0,218645.0,0.0,False,,0.0,0.0,0.0,0.0,7441.559316666667,11773.378611111111,AZ,2.8604,2021-10-19 17:40:00+00:00,2021-10-19 17:47:00+00:00,2011.0,858.055,True,5.0,False,FP,0.0,0.0,0.0,0.0,0.0,0.0,0.0,0.0,0.0,0.0,0.0,0.0,0.0,134.32654691694788,95.10830360012184,172.99100295725344,212.48376482944255,171.88324905322114,253.61365730919493,< 10
11,1879,,,,,,2021-10-19 18:00:00+00:00,,,,,,32.06,,,,1.8,9.0,,,,2021-10-19 18:00:00+00:00,,,SOOFIE,1,,243504.1,8.0,218645.0,243504.1,False,,250106.40666666668,257177.76333333334,257113.39222222223,310421.36926666665,307152.89914999995,271896.4565111111,AZ,2.8523666666666667,2021-10-19 17:59:44+00:00,2021-10-19 18:05:36+00:00,2014.0,56.3,False,0.26666666666666666,True,NE,-1.0,4512.504789275304,4267.278587062352,4761.054619316854,4641.490256615582,4388.135943188799,4900.461203568142,4640.555847437429,4388.819859825026,4900.3533924022,5602.366309597447,5301.999932000206,5911.801412652342,5541.007549437754,5237.900689987865,5851.027083549449,4904.530196298242,4637.75929603394,5181.908603219983,< 5
12,1880,,,,,,2021-10-19 18:15:00+00:00,,,,,,103,,,,4.0,24.0,,,,2021-10-19 18:15:00+00:00,,,SOOFIE,1,,414198.88,8.0,218645.0,414198.88,False,,408453.4413333333,404633.09966666665,387257.48399999994,368426.39570000005,356739.22914999997,333917.7711444444,AZ,2.6161666666666665,2021-10-19 18:05:36+00:00,2021-10-19 18:27:39+00:00,2015.0,1433.795,True,9.4,True,TP,1.0,7370.066104906285,6958.066877841395,7776.355893247359,7303.474364759505,6905.771461145293,7721.524793500635,6986.517423801561,6601.751212107566,7369.7431795559705,6646.950938755607,6290.081114680028,7018.7205372957305,6440.207421549721,6092.87099145363,6799.54354932008,6028.064157723405,5699.619580700323,6362.053093312334,< 10
13,1881,,,,,,2021-10-19 18:30:00+00:00,,,,,,117.49,,,,2.6,336.0,,,,2021-10-19 18:30:00+00:00,,,SOOFIE,1,,290667.1,8.0,218645.0,290667.1,False,,292932.9533333333,300270.80333333334,302603.4666666667,342321.41349999997,370478.90456666664,369189.90621111117,AZ,3.1522,2021-10-19 18:27:39+00:00,2021-10-19 18:33:10+00:00,2016.0,407.135,True,2.35,True,TP,1.0,5286.810982434046,4997.593190280247,5585.498891762121,5416.890443568141,5119.510562991867,5727.287923581938,5460.4325681105565,5159.28929965227,5772.470367456487,6174.088503207503,5840.149193176893,6527.955767370169,6684.748218486816,6320.942757461893,7066.192432754182,6661.495139423842,6295.789219489491,7034.205416626559,< 5
14,1882,,,,,,2021-10-19 18:45:00+00:00,,,,,,264.88,,,,2.4,339.0,,,,2021-10-19 18:45:00+00:00,,,SOOFIE,1,,0.0,2.0,218645.0,0.0,False,,0.0,0.0,0.0,0.0,0.0,0.0,AZ,2.0001666666666664,2021-10-19 18:33:10+00:00,2021-10-19 18:45:52+00:00,2017.0,1469.235,True,11.833333333333334,False,FP,0.0,0.0,0.0,0.0,0.0,0.0,0.0,0.0,0.0,0.0,0.0,0.0,0.0,0.0,0.0,0.0,0.0,0.0,0.0,< 15
15,1883,,,,,,2021-10-19 19:00:00+00:00,,,,,,933.34,,,,4.0,325.0,,,,2021-10-19 19:00:00+00:00,,,SOOFIE,1,,9253.3,2.0,218645.0,9253.3,False,,9269.992666666667,9293.405,9294.57388888889,11824.985866666666,7851.315616666667,8608.016722222223,AZ,2.5587666666666666,2021-10-19 18:57:05+00:00,2021-10-19 19:26:27+00:00,2021.0,402.07499999999993,True,2.9166666666666665,True,TP,1.0,167.3162996093062,157.71135911824751,177.16878747901183,167.6577340827962,158.0558540487506,177.27777990667937,167.73214939439976,158.0394387863889,177.25050880424553,213.42976619010233,201.21702356982718,225.42934546438528,141.7359952229354,133.4293844545004,149.91448906893407,155.31838208549706,146.27133402197035,164.42273047969567,< 5
16,1884,,,,,,,,,,,,,,,,,,,,,2021-10-19 19:15:00+00:00,,,SOOFIE,1,,8874.55,2.0,218645.0,8874.55,False,,8879.371333333334,8863.814666666667,8885.843333333334,8946.780799999999,9037.727733333335,9096.671455555555,AZ,4.122933333333334,2021-10-19 18:57:05+00:00,2021-10-19 19:26:27+00:00,2021.0,3179.7349999999997,True,17.916666666666668,True,ER,0.0,160.2404549548233,151.103854155866,169.56384111006219,159.96806078136075,150.6284540751852,169.21402507253615,160.28971855214448,151.21983404907152,169.53350096314384,161.4224131386802,152.22986106018138,170.62000584377915,163.12429172240655,153.74715321837328,172.62195277638693,164.10252839238626,154.69053780482193,173.5818599014045,> 15
17,1885,,,,,,2021-10-19 19:30:00+00:00,,,,,,126.5,,,,2.4,18.0,,,,2021-10-19 19:30:00+00:00,,,SOOFIE,1,,3748.82,2.0,218645.0,3748.82,False,,3730.8483333333334,3729.0191666666665,3730.067555555556,4891.861266666666,6821.13705,7496.092055555555,AZ,3.7949333333333333,2021-10-19 19:26:27+00:00,2021-10-19 19:42:23+00:00,2022.0,877.3449999999999,True,3.55,True,TP,1.0,67.28596508456036,62.72727401920946,71.97662185358158,67.30142413932137,62.67834879459228,72.03500216319148,67.31038352244393,62.63368656820162,71.93376346232243,88.29709165905177,82.73215333785312,93.90605683187106,123.01149982217026,115.63243062223665,130.47900355254936,135.2646304400751,127.38673788269458,143.23311325752184,< 5
18,1886,,,,,,2021-10-19 19:45:00+00:00,,,,,,24.19,,,,3.2,325.0,,,,2021-10-19 19:45:00+00:00,,,SOOFIE,1,,14115.04,2.0,218645.0,14115.04,False,,14143.547,14145.139833333333,14158.741666666667,10083.607466666666,6895.499016666667,5840.173255555556,AZ,2.5343,2021-10-19 19:42:23+00:00,2021-10-19 20:09:29+00:00,2023.0,340.82499999999993,True,2.6166666666666667,True,TP,1.0,255.13202369325484,241.15375174085023,269.4952767600102,255.253803231472,241.222547151028,269.2090662378317,255.587908595699,241.62312485107367,270.02887629232816,181.98727700666623,171.5509075646112,192.23843596383065,124.41140562693069,117.05669212063275,131.79504674582188,105.41461745404447,99.0369897342288,111.88809948533381,< 5
19,1887,,,,,,,,,,,,,,,,,,,,,2021-10-19 20:00:00+00:00,,,SOOFIE,1,,13631.13,2.0,218645.0,13631.13,False,,13665.400666666666,13657.079333333333,13659.96788888889,13705.084766666667,13771.901933333334,13860.378811111113,AZ,3.5149,2021-10-19 19:42:23+00:00,2021-10-19 20:09:29+00:00,2023.0,3570.985,True,17.616666666666667,True,ER,0.0,246.61100437429928,232.94597036400438,260.67213410178914,246.398488612901,232.3747433216787,260.17999907337366,246.40165171185592,232.65999255175484,260.08111979199884,247.30344525640132,233.6667778274309,261.14793653763627,248.48198583993474,234.61564583240244,262.27902824909717,250.07982566221804,236.1997486582836,264.17384986818666,> 15
20,1888,,,,,,2021-10-19 20:15:00+00:00,,,,,,1.7,,,,1.7,360.0,,,,2021-10-19 20:15:00+00:00,,,SOOFIE,1,,18212.64,2.0,218645.0,18212.64,False,,18171.286000000004,18209.988166666666,18226.500555555554,18314.1112,16184.782383333333,15320.1281,AZ,2.932933333333333,2021-10-19 20:09:29+00:00,2021-10-19 20:34:15+00:00,2024.0,1000.8,True,5.516666666666667,True,TP,1.0,327.7770147535692,309.92163970946757,346.332731717667,328.6122557826416,310.7729447719759,347.3826296022795,328.89793521013416,310.8857674519504,347.0560999600923,330.54971238919546,312.4010664494835,349.234073662705,292.12602684044066,276.1697228368492,308.57191217744844,276.3644285807508,261.37709635729755,292.11405416390653,< 10
21,1889,,,,,,2021-10-19 20:30:00+00:00,,,,,,0,,,,2.5,346.0,,,,2021-10-19 20:30:00+00:00,,,SOOFIE,1,,17676.0,2.0,218645.0,17676.0,True,,17676.0,17676.0,17680.133333333335,17698.94,17713.68991666667,17832.204944444442,AZ,3.8271,2021-10-19 20:09:29+00:00,2021-10-19 20:34:15+00:00,2024.0,4073.3100000000004,True,20.516666666666666,True,FN,0.0,318.6340085617268,300.8010630937469,336.8888688801085,319.26762632231555,299.5944589518298,339.4066071445141,320.91128882401085,294.18935501622576,347.12614951043906,170.42341833342786,-2864.2873260614642,3198.6638741299985,124.36620241037835,-4352.486837783668,4613.5014162602265,81.89757225169276,-4893.039726231945,5001.93231000284,> 15
22,1975,,,,,,2021-10-20 18:00:00+00:00,,,,,,2.27,,,,3.9,12.0,,,,2021-10-20 18:00:00+00:00,,,SOOFIE,1,,0.0,0.5,21175085.0,649.0496193737414,False,3.3936,648.8315864393692,649.1462041385292,649.3403299529045,652.8457512676604,657.4757316309136,863.1441054231946,AZ,3.2469,2021-10-19 20:34:15+00:00,2021-10-20 18:00:01+00:00,2025.0,16593.335,True,1285.75,True,TP,1.0,11.777357880952954,11.69900163554613,11.82751078986417,11.782529866186238,11.704641844268005,11.833212954167864,11.787000514166747,11.708121972809405,11.836731310618765,11.848870123914615,11.770964261973912,11.900263898809426,11.933171905562567,11.853966622009994,11.984178008704763,15.645515965695239,15.540927404372649,15.711638675322968,> 15
23,1976,,,,,,2021-10-20 18:15:00+00:00,,,,,,12.74,,,,3.7,350.0,,,,2021-10-20 18:15:00+00:00,,,SOOFIE,1,,0.0,0.5,21175085.0,1238.7904554589995,False,6.4771,1243.513227324001,1190.9605961466614,994.2988207358522,729.5640818518573,684.5052808802878,671.4797043703654,AZ,4.258666666666667,2021-10-20 18:00:01+00:00,2021-10-20 18:15:30+00:00,2026.0,3984.505,True,14.983333333333333,True,TP,1.0,22.510295807005093,22.359409685600504,22.605019432419986,21.56252330242383,21.417368629459087,21.65263040785964,18.01213790619154,17.892034710835375,18.08857201558558,13.235573247955527,13.146292891333712,13.290699998411077,12.422173857800912,12.338527429518123,12.47406153532418,12.186747259171598,12.105017340801444,12.237986425680026,< 15
24,1977,,,,,,2021-10-20 18:30:00+00:00,,,,,,1.83,,,,3.0,346.0,,,,2021-10-20 18:30:00+00:00,,,SOOFIE,1,,0.0,0.5,21175085.0,847.5552181325835,False,4.4315,843.4489312019039,839.2266150488391,835.1893931314839,1007.3269473385745,1071.716184883374,1112.2244196316267,AZ,4.755333333333333,2021-10-20 18:15:30+00:00,2021-10-20 18:47:03+00:00,2027.0,3823.1400000000003,True,14.5,True,TP,1.0,15.290413594827807,15.187863647869177,15.354696645597388,15.214127754028413,15.112172532370206,15.27817409152398,15.14046916057751,15.039799448622963,15.205006016539238,18.247833282809378,18.1255774960454,18.32468018088182,19.40843853614618,19.279816845233842,19.491598417317707,20.139129214526236,20.005962144438865,20.22572015085618,< 15
25,1978,,,,,,2021-10-20 18:45:00+00:00,,,,,,0,,,,1.5,342.0,,,,2021-10-20 18:45:00+00:00,,,SOOFIE,1,,0.0,0.5,21175085.0,796.1070958991038,False,4.1625,793.6239430354185,791.7668379540539,801.978259554893,835.2449639037437,843.4737308543807,845.3942269925907,AZ,3.2723,2021-10-20 18:15:30+00:00,2021-10-20 18:47:03+00:00,2027.0,7573.485000000001,True,29.5,True,FN,0.0,14.392267197708005,14.294675265180116,14.45169692282292,14.358529945858074,14.261383689796405,14.418039651943829,14.541234828802011,14.444439593774446,14.603106356513756,15.142976806331077,15.040795635996023,15.206013146657746,15.289265312259339,15.188308217302765,15.35514609845981,15.32486334479013,15.222735866821106,15.389951922822688,> 15
26,1979,,,,,,2021-10-20 19:00:00+00:00,,,,,,0,,,,2.8,335.0,,,,2021-10-20 19:00:00+00:00,,,SOOFIE,1,,0.0,0.5,21175085.0,1801.0285406997432,False,9.4168,1793.5676066910887,1783.104257172415,1751.9311790120992,1795.4950943337244,1692.9137863275253,1640.0152350619094,AZ,4.8358,2021-10-20 18:55:18+00:00,2021-10-20 19:47:53+00:00,2029.0,1358.095,True,4.7,True,FN,0.0,32.43426338809098,32.219319310138545,32.57323647386203,32.24541020455066,32.03176264667581,32.38361957064899,31.684759290659677,31.47298143126321,31.81870035272315,32.46961787974338,32.25386972505171,32.60816641215165,30.618357389183885,30.415085607952886,30.74918393973813,29.66465033701614,29.466868741256246,29.790551265655072,< 5
27,1980,,,,,,2021-10-20 19:15:00+00:00,,,,,,0,,,,1.5,349.0,,,,2021-10-20 19:15:00+00:00,,,SOOFIE,1,,0.0,0.5,21175085.0,1806.727998107021,False,9.4466,1810.8004963081048,1811.8661163367697,1812.6699268380012,1803.7320853336407,1765.885201808837,1779.456986945677,AZ,3.9493,2021-10-20 18:55:18+00:00,2021-10-20 19:47:53+00:00,2029.0,4864.264999999999,True,19.7,True,FN,0.0,32.74674911874025,32.52822054735085,32.88553087555096,32.76755644973514,32.54732188447968,32.90484203371901,32.781162483940626,32.56173026123082,32.919408681096066,32.62132833001275,32.401518610904986,32.75743716575467,31.936499314017755,31.723109068928828,32.071575548871905,32.18248793986208,31.96638491891829,32.317523693021336,> 15
28,1981,,,,,,2021-10-20 19:30:00+00:00,,,,,,248.68,,,,2.1,318.0,,,,2021-10-20 19:30:00+00:00,,,SOOFIE,1,,0.0,0.5,21175085.0,1746.3290501466759,False,9.1308,1741.0924345825395,1737.2787708006226,1733.6108873237542,1723.4821949834911,1750.492236022948,1745.4827593495563,AZ,3.3926333333333334,2021-10-20 18:55:18+00:00,2021-10-20 19:47:53+00:00,2029.0,7932.79,True,34.7,True,TP,1.0,31.488178105907107,31.278695461453893,31.62228022425193,31.421528155527096,31.21033499908918,31.55316884779378,31.355556459833785,31.144587659523957,31.486699298311052,31.169403471776395,30.96302934049676,31.30314662910214,31.65771413991716,31.44718818700332,31.792623779328842,31.569156301209446,31.357392640716615,31.701841862574433,> 15
29,1982,,,,,,2021-10-20 19:45:00+00:00,,,,,,202.34,,,,2.1,304.0,,,,2021-10-20 19:45:00+00:00,,,SOOFIE,1,,0.0,0.5,21175085.0,672.0387059628279,False,3.5138,671.3004540973214,670.8905266797733,670.7045824131303,671.6496255539172,672.0524127116262,732.3428754741185,AZ,2.8779333333333335,2021-10-20 18:55:18+00:00,2021-10-20 19:47:53+00:00,2029.0,10589.07,True,49.7,True,TP,1.0,12.183373286523516,12.101803907781484,12.234737694301051,12.174861744097484,12.094455107819972,12.227308170522436,12.172338292504413,12.091121670566514,12.223938116708373,12.18974659906988,12.108063530400596,12.24106607653181,12.196379692599097,12.115284324972231,12.24836618882925,13.285857379903801,13.196107826874446,13.341062132374217,> 15
30,1983,,,,,,2021-10-20 20:00:00+00:00,,,,,,44.6,,,,3.0,298.0,,,,2021-10-20 20:00:00+00:00,,,SOOFIE,1,,0.0,2.0,218645.0,0.0,False,,0.0,0.0,0.0,0.0,0.0,0.0,AZ,2.3847,2021-10-20 19:47:53+00:00,2021-10-20 20:09:51+00:00,2030.0,1881.2500000000002,True,12.116666666666667,False,FP,0.0,0.0,0.0,0.0,0.0,0.0,0.0,0.0,0.0,0.0,0.0,0.0,0.0,0.0,0.0,0.0,0.0,0.0,0.0,< 15
31,1984,,,,,,2021-10-20 20:15:00+00:00,,,,,,13.01,,,,2.7,265.0,,,,2021-10-20 20:15:00+00:00,,,SOOFIE,1,,2776.0,2.0,218645.0,2776.0,False,,2715.21,2780.7823333333336,2775.519111111111,2797.4791333333333,1464.7200500000001,976.4800333333334,AZ,2.4237,2021-10-20 20:09:51+00:00,2021-10-20 20:37:21+00:00,2031.0,737.4649999999999,True,5.15,True,TP,1.0,49.02945141464928,45.21947811254844,52.916338510596695,50.16720318610506,46.26973134227172,54.12031912403048,50.07977272006908,46.10469704744165,54.037940325286066,50.513454162189326,46.56807619976172,54.44032769044585,26.419042932724576,23.350531322764233,29.445384829644127,17.626904410639245,14.831969186590715,20.473738539851997,< 10
32,1985,,,,,,2021-10-20 20:30:00+00:00,,,,,,0.03,,,,3.0,285.0,,,,2021-10-20 20:30:00+00:00,,,SOOFIE,1,,2767.72,2.0,218645.0,2767.72,False,,2744.26,2737.3525,2766.072222222222,2807.782833333333,2821.301583333334,2808.821466666667,AZ,2.7228666666666665,2021-10-20 20:09:51+00:00,2021-10-20 20:37:21+00:00,2031.0,2737.3849999999998,True,20.15,True,TP,1.0,49.53755716404219,45.6143151221376,53.3872277310657,49.342324302397806,45.36906747078658,53.24462259685296,49.93314268631926,45.99462952388369,53.89319412833717,50.696881540213724,46.75989415214406,54.68213046912585,50.8846911073167,46.88221524460867,54.88375447910057,50.67813359855027,46.74641433797281,54.63335005485905,> 15
33,1986,,,,,,2021-10-20 20:45:00+00:00,,,,,,0,,,,3.0,292.0,,,,2021-10-20 20:45:00+00:00,,,SOOFIE,1,,10813.61,2.0,218645.0,10813.61,False,,10730.145333333332,10722.281833333333,10737.949888888888,10747.3369,9666.89845,7373.092022222222,AZ,3.087833333333333,2021-10-20 20:37:21+00:00,2021-10-21 17:43:41+00:00,2032.0,1459.67,True,7.650000000000001,True,FN,0.0,193.73936569400598,182.8217711443084,204.78626808568166,193.4629139953385,182.49007347892987,204.50833395066417,193.7212703870956,182.77385720270448,204.81226515117334,194.10565125103273,183.2752412129253,205.18527693673252,174.45073350681272,164.72356389350824,184.32944948096832,133.06167649709013,125.20051900845166,140.840366631995,< 10
34,2070,,,,,,,,,,,,,,,,,,,,,2021-10-21 17:45:00+00:00,,,SOOFIE,1,,57996.0,8.0,218645.0,57996.0,True,,57996.0,57996.0,51552.0,16839.7143,13761.669283333335,12749.975666666665,AZ,3.7290333333333328,2021-10-21 17:43:41+00:00,2021-10-21 17:55:38+00:00,2033.0,281.35999999999996,True,1.3166666666666667,True,ER,0.0,1045.1091989537902,970.8060195899222,1121.2257275583975,1046.9903802901756,968.1106712765691,1125.8082500825483,935.4474220136635,848.2060845999542,1023.9242335417905,139.9431961661832,-2727.871997773808,3078.941167146041,60.77348485268975,-3453.0988298922634,3558.0665841960804,31.548008560981764,-3463.525540753436,3525.303660771593,< 5
35,2071,,,,,,2021-10-21 18:00:00+00:00,,,,,,376.66,,,,3.1,9.0,,,,2021-10-21 18:00:00+00:00,,,SOOFIE,1,,231569.0,8.0,218645.0,231569.0,True,,231569.0,231569.0,231569.0,231569.0,171012.68333333332,132368.0011111111,AZ,3.858166666666667,2021-10-21 17:55:38+00:00,2021-10-21 18:27:30+00:00,2034.0,1004.3649999999999,True,4.366666666666666,True,TP,1.0,4174.616784351429,3933.1979683185164,4411.418188384952,4178.965497125107,3922.5425102840427,4439.053895204937,4200.339548766773,3862.0339452909852,4532.540838131309,2072.063006304679,-37040.04603647411,42494.03108156454,1042.9536561098405,-41876.28407225166,44391.265984146805,125.51197914828644,-36777.84562535362,36795.29142340863,< 5
36,2072,,,,,,,,,,,,,,,,,,,,,2021-10-21 18:15:00+00:00,,,SOOFIE,1,,231569.0,8.0,218645.0,231569.0,True,,231569.0,231569.0,231569.0,231569.0,231569.0,231569.0,AZ,3.9252666666666665,2021-10-21 17:55:38+00:00,2021-10-21 18:27:30+00:00,2034.0,4574.1900000000005,True,19.366666666666667,True,ER,0.0,4171.521466588114,3932.7493824287,4410.578152758428,4180.255896424123,3923.938151175314,4438.728347284803,4204.437196376115,3865.756238704504,4546.793121937271,2319.431220309732,-37751.515534601625,42669.06481238928,1621.8029695667353,-56725.6409820787,59786.59307200489,740.2714779611001,-63088.00666396708,65737.24182357707,> 15
37,2074,,,,,,2021-10-21 18:45:00+00:00,,,,,,3.32,,,,3.9,17.0,,,,2021-10-21 18:45:00+00:00,,,SOOFIE,1,,40672.6,8.0,218645.0,40672.6,False,,40512.21666666667,40643.600000000006,40684.56777777778,41230.36733333333,42209.34683333333,29593.448555555555,AZ,4.213966666666666,2021-10-21 18:35:08+00:00,2021-10-21 19:00:47+00:00,2036.0,2479.9500000000003,True,9.866666666666667,True,TP,1.0,730.9221083243326,673.5202105334224,789.5029374178699,733.284604985199,674.9737484228333,790.1172944235154,734.4650045586169,674.9198126245772,793.8133526579517,744.1698556665368,685.4583087558879,802.1454804365294,761.6987947334701,703.3069964693842,821.8610049669467,533.5720608276097,482.6430316032428,584.1816887137458,< 10
38,2075,,,,,,2021-10-21 19:00:00+00:00,,,,,,4.96,,,,2.7,11.0,,,,2021-10-21 19:00:00+00:00,,,SOOFIE,1,,51385.9,8.0,218645.0,51385.9,False,,53104.509999999995,46540.79000000001,43953.43111111111,40448.187666666665,39921.006166666666,39988.14388888889,AZ,4.1536,2021-10-21 18:35:08+00:00,2021-10-21 19:00:47+00:00,2036.0,6166.32,True,24.866666666666667,True,TP,1.0,958.2453947278731,891.2011153243568,1024.8189191619922,839.6719611379042,777.1109634206255,901.1425904564576,793.8294569258494,733.7441963265451,854.3453837837385,730.1571726364259,671.5099958057541,788.094829885275,720.6327521549366,663.0024302070791,776.9684398507219,722.143779365282,664.3833723542632,779.8606923206763,> 15
39,2076,,,,,,2021-10-21 19:15:00+00:00,,,,,,11.27,,,,2.1,313.0,,,,2021-10-21 19:15:00+00:00,,,SOOFIE,1,,51421.4,8.0,218645.0,51421.4,False,,51406.34,51333.431666666664,51360.82,51411.45866666667,51652.651333333335,50871.499,AZ,4.015300000000001,2021-10-21 19:00:47+00:00,2021-10-21 19:22:11+00:00,2037.0,3486.015,True,14.216666666666667,True,TP,1.0,927.8421313820195,860.7728476996538,994.4710636580037,926.2132419863176,861.2005871617472,992.0867311607606,926.76994806134,860.6057029708597,992.5546686399292,927.8636351745341,862.1239367381486,992.2717387095381,931.7173379975826,864.4156757200559,997.3694035029165,917.8043820797524,851.4297326550485,983.9139815838838,< 15
40,2077,,,,,,,,,,,,,,,,,,,,,2021-10-21 19:30:00+00:00,,,SOOFIE,1,,42311.1,8.0,218645.0,42311.1,False,,42160.14333333333,42130.668333333335,42180.43222222222,42392.431333333334,42751.48133333334,45110.95811111111,AZ,3.516266666666667,2021-10-21 19:22:11+00:00,2021-10-21 19:39:38+00:00,2038.0,1745.55,True,7.816666666666667,True,ER,0.0,760.6203473826195,700.0015268423672,819.2070359545914,759.7848810344029,700.7108252962763,818.4876028081908,761.448991570928,702.5543753837075,821.3843109879025,764.3679649523236,704.3363292735825,823.767199973992,770.7942050833075,711.4308718781589,830.4385714280921,813.8697837861783,752.309194156265,876.3255670018499,< 10
41,2078,,,,,,2021-10-21 19:45:00+00:00,,,,,,67.7,,,,3.1,332.0,,,,2021-10-21 19:45:00+00:00,,,SOOFIE,1,,-124.4,0.5,21175085.0,0.0,False,,0.0,0.0,0.0,0.0,0.0,0.0,AZ,3.5675666666666666,2021-10-21 19:39:38+00:00,2021-10-21 19:52:29+00:00,2039.0,1143.795,True,5.366666666666666,False,FP,0.0,0.0,0.0,0.0,0.0,0.0,0.0,0.0,0.0,0.0,0.0,0.0,0.0,0.0,0.0,0.0,0.0,0.0,0.0,< 10
42,2079,,,,,,2021-10-21 20:00:00+00:00,,,,,,0,,,,2.4,330.0,,,,2021-10-21 20:00:00+00:00,,,SOOFIE,1,,-124.4,0.5,21175085.0,1109.2903678594118,False,5.8,1109.2903678594116,1110.8841758592098,1110.7779219925565,1092.8422693014963,857.8830939712745,629.2991506402445,AZ,3.8524000000000003,2021-10-21 19:52:29+00:00,2021-10-21 20:07:40+00:00,2040.0,1635.875,True,7.516666666666667,True,FN,0.0,20.08872454252062,19.953366814470375,20.17254708087313,20.11782467447442,19.98193715662849,20.201431257546677,20.115111263638855,19.980032467287234,20.199505645905877,19.790509246715203,19.65852062542002,19.87446211678973,15.550619884834026,15.446616468482137,15.616291769099965,11.425456006738296,11.348839126637415,11.473501876852305,< 10
43,2080,,,,,,2021-10-21 20:15:00+00:00,,,,,,0,,,,2.0,303.0,,,,2021-10-21 20:15:00+00:00,,,SOOFIE,1,,-124.4,0.5,21175085.0,267.75974396606495,False,1.4,276.6850687649336,277.00383036489336,276.4725610316273,276.9400780449015,444.06678490372036,662.7478678626721,AZ,2.390933333333334,2021-10-21 20:07:40+00:00,2021-10-21 20:18:48+00:00,2041.0,1215.505,True,7.333333333333333,True,FN,0.0,5.060566683668413,5.026887120651455,5.082105594231659,5.066168339092151,5.032602974347329,5.08788423444108,5.056866282317394,5.023076550023443,5.0782531659115016,5.065710976100061,5.031459803823545,5.086728506616954,8.081600491680286,8.02801350155739,8.116198225184093,12.029122211156878,11.948480881757943,12.07973047222168,< 10
44,2081,,,,,,2021-10-21 20:30:00+00:00,,,,,,0,,,,2.4,294.0,,,,2021-10-21 20:30:00+00:00,,,SOOFIE,1,,-124.4,0.5,21175085.0,1606.5584637963898,False,8.4,1606.5584637963898,1604.6458941966323,1492.654318744159,1321.3305841525387,1286.2349319969867,1065.9600410382368,AZ,2.9711000000000003,2021-10-21 20:29:05+00:00,2021-10-22 17:45:55+00:00,2043.0,143.2,False,0.9166666666666666,True,NE,-1.0,29.059527104666405,28.867148435249288,29.18424325654718,29.02515518287058,28.83286515832817,29.14958339066047,27.004997608367585,26.82538326621951,27.12005006131807,23.914123673653524,23.754330945604778,24.0152633803807,23.280593910061896,23.125221992638483,23.37924390102607,19.30540571551207,19.176632725689863,19.38728085883982,< 5
45,2082,,,,,,2021-10-21 20:45:00+00:00,,,,,,0,,,,2.7,295.0,,,,2021-10-21 20:45:00+00:00,,,SOOFIE,1,,-124.4,0.5,21175085.0,1491.8042878109331,False,7.8,1502.6421822095592,1515.7114078079032,1530.0556798060854,1580.9300311596378,1594.6686561178967,1599.8007178772461,AZ,1.9351333333333331,2021-10-21 20:29:05+00:00,2021-10-22 17:45:55+00:00,2043.0,2374.665,True,15.916666666666668,True,FN,0.0,27.187128895028273,27.004419117653608,27.30105255457146,27.418187059022813,27.238689291235648,27.537896098328744,27.67828488494607,27.495814908351676,27.797846144112995,28.598404073915322,28.407752269056854,28.719800795409792,28.842652629021917,28.654020680814106,28.968774373498,28.938144560824277,28.746014176473395,29.06177838327621,> 15
46,2083,,,,,,2021-10-21 21:00:00+00:00,,,,,,0,,,,3.4,270.0,,,,2021-10-21 21:00:00+00:00,,,SOOFIE,1,,-124.4,0.5,21175085.0,0.0,False,,0.0,0.0,0.0,0.0,0.0,0.0,AZ,2.0785,2021-10-21 20:29:05+00:00,2021-10-22 17:45:55+00:00,2043.0,4619.82,True,30.91666666666667,False,TN,0.0,0.0,0.0,0.0,0.0,0.0,0.0,0.0,0.0,0.0,0.0,0.0,0.0,0.0,0.0,0.0,0.0,0.0,0.0,> 15
47,2162,,,,,,2021-10-22 16:45:00+00:00,,,,,,749.76,,,,2.1,312.0,,,,2021-10-22 16:45:00+00:00,,,SOOFIE,1,,-131.6,4.0,218645.0,-131.6,False,,-129.40000000000023,-128.37,-127.62000000000009,-126.247,-32.373537286835486,35.79472980150455,AZ,2.672833333333333,2021-10-21 20:29:05+00:00,2021-10-22 17:45:55+00:00,2043.0,7012.32,True,1215.9166666666667,True,FP,0.0,-2.3386021842273803,-12.023360250351102,7.345217745798233,-2.3509552980113346,-11.608924574468224,6.875546976542802,-2.3439526378590645,-11.908466974017742,7.2951929421591,-2.3682432051005646,-12.04211642143758,7.249368545242706,-0.5924844645651578,-10.238264260401534,8.95572724510158,0.6832921463528312,-8.736275847424183,10.367141789580229,> 15
48,2163,,,,,,2021-10-22 17:00:00+00:00,,,,,,757.48,,,,1.3,277.0,,,,2021-10-22 17:00:00+00:00,,,SOOFIE,1,,-122.9,4.0,218645.0,-122.9,False,,-124.11000000000023,-123.48666666666668,-122.26888888888898,-124.80766666666665,-124.63216666666668,-125.18833333333333,AZ,2.4610333333333334,2021-10-21 20:29:05+00:00,2021-10-22 17:45:55+00:00,2043.0,9279.895,True,1230.9166666666667,True,FP,0.0,-2.2553878423235783,-11.839045285518992,7.282349412092779,-2.2108301497401572,-11.8046630571314,7.30448687524308,-2.283851109124923,-11.878795589400843,7.3665062698763295,-2.220429978746717,-11.745259072316658,7.346892015133881,-2.297262012793784,-11.6398880597284,7.139314850123606,-2.246139476556863,-11.728786347546663,7.184412753761258,> 15
49,2164,,,,,,2021-10-22 17:15:00+00:00,,,,,,0,,,,2.0,306.0,,,,2021-10-22 17:15:00+00:00,,,SOOFIE,1,,-136.8,4.0,218645.0,-136.8,False,,-125.47000000000023,-126.48666666666666,-125.94333333333341,-123.80933333333331,-124.54366666666667,-124.6037777777778,AZ,2.0164666666666666,2021-10-21 20:29:05+00:00,2021-10-22 17:45:55+00:00,2043.0,11330.34,True,1245.9166666666667,True,TN,0.0,-2.2007929814874396,-11.702291523678605,7.466958626135048,-2.3318255029160393,-11.89637921581197,7.0747172448691185,-2.118357542640889,-11.683525056893012,7.366663656209267,-2.1832978839258637,-11.740764409450744,7.263887938913698,-2.125070361993176,-11.59381581348353,7.267898697050391,-2.2891464687960212,-11.704371386916248,7.235413734344506,> 15
50,2165,,,,,,2021-10-22 17:30:00+00:00,,,,,,686.69,,,,1.2,241.0,,,,2021-10-22 17:30:00+00:00,,,SOOFIE,1,,-124.2,4.0,218645.0,-124.2,False,,-125.13333333333357,-125.02833333333335,-124.88555555555563,-125.12366666666667,-125.25816666666665,-125.13044444444444,AZ,2.5559,2021-10-21 20:29:05+00:00,2021-10-22 17:45:55+00:00,2043.0,13416.654999999999,True,1260.9166666666667,True,FP,0.0,-2.2645181992262566,-11.928350260798657,7.356062873365672,-2.2626943225970586,-11.833086386099723,7.300766396455807,-2.293803100990782,-11.717124239592628,7.285015616657461,-2.3329865312437095,-11.648942525940086,7.153136262654596,-2.1917069340912416,-11.781108322730677,7.224659337393692,-2.2385038714523366,-11.890390856220144,7.523319311557564,> 15
51,2166,,,,,,2021-10-22 17:45:00+00:00,,,,,,0,,,,0.7,254.0,,,,2021-10-22 17:45:00+00:00,,,SOOFIE,1,,50070.1,4.0,218645.0,50070.1,False,,50297.78666666666,49274.996666666666,47532.59888888889,42943.956000000006,21412.306666666667,14233.791444444443,AZ,2.0252666666666665,2021-10-21 20:29:05+00:00,2021-10-22 17:45:55+00:00,2043.0,15261.395,True,1275.9166666666667,True,FN,0.0,907.9445784784335,857.2446403802904,958.741351708951,889.489338376306,840.3154614462163,939.87116212408,857.4834426475431,809.6841359670008,905.918656077177,775.076929519941,731.4657858206059,818.8473117201951,386.3897303667751,362.04363514141727,410.74530401666055,256.8442885686271,238.89870138011213,275.00994225076755,> 15
52,2167,,,,,,,,,,,,,,,,,,,,,2021-10-22 18:00:00+00:00,,,SOOFIE,1,,50832.2,4.0,218645.0,50832.2,False,,50894.689999999995,50953.52166666666,50974.061111111114,51618.47633333333,52181.96933333333,50731.755,AZ,1.890333333333333,2021-10-22 17:50:42+00:00,2021-10-22 18:04:47+00:00,2045.0,1175.78,True,9.3,True,ER,0.0,918.4342205474313,867.4724695788784,970.965346641286,919.214798813696,867.9404254742982,969.6894007671502,919.7909168535901,868.6979964891453,972.3787452572418,931.8004723184429,879.9553234068053,984.6226880555588,941.6605835356189,889.7391224146276,995.0848673268852,915.1558836746095,864.382552847181,967.3332177423883,< 10
53,2168,,,,,,,,,,,,,,,,,,,,,2021-10-22 18:15:00+00:00,,,SOOFIE,1,,68335.1,4.0,218645.0,68335.1,False,,68456.94333333333,68533.56833333333,68634.33444444444,69289.42333333334,70354.76766666667,64649.08277777778,AZ,1.486,2021-10-22 18:04:47+00:00,2021-10-22 18:16:57+00:00,2046.0,973.385,True,10.216666666666667,True,ER,0.0,1235.102728684927,1167.6177813407794,1303.1532242606268,1236.0669894960813,1168.3114833267412,1304.157264277743,1238.451934439516,1170.535086641934,1308.0938702444264,1249.9947886689915,1181.744819701398,1319.1317527569747,1269.7390853000172,1200.2874461862912,1341.7813839473672,1166.7363615487743,1102.9499545070673,1232.5699114341714,< 15
54,2169,,,,,,2021-10-22 18:30:00+00:00,,,,,,417.7,,,,1.7,157.0,,,,2021-10-22 18:30:00+00:00,,,SOOFIE,1,,94186.3,4.0,218645.0,94186.3,False,,93823.12000000001,93950.88166666667,94103.37222222223,94665.235,95926.82033333332,93306.83622222222,AZ,1.8120333333333334,2021-10-22 18:16:57+00:00,2021-10-22 18:42:34+00:00,2047.0,1457.605,True,13.05,True,TP,1.0,1692.537620054607,1600.8378069672824,1785.890779925375,1695.162180372382,1602.684924701724,1789.6439003806913,1697.5578804549355,1604.7916830929191,1791.0429525486181,1707.3190348727464,1613.0474566652354,1801.5112598749577,1731.3065950942516,1637.1253782606539,1830.8812424054238,1682.94288077864,1591.4814479130564,1776.2607087529689,< 15
55,2170,,,,,,,,,,,,,,,,,,,,,2021-10-22 18:45:00+00:00,,,SOOFIE,1,,17726.4,4.0,218645.0,17726.4,False,,17797.62,17845.681666666664,17879.442222222224,57196.06533333334,79382.82466666667,83921.80222222222,AZ,1.6862333333333333,2021-10-22 18:42:34+00:00,2021-10-22 18:55:35+00:00,2048.0,276.87499999999994,True,2.433333333333333,True,ER,0.0,321.0902011347959,299.87320296304654,341.6884686168541,321.96912306254745,300.7786699237195,342.96123242144114,322.77275519951183,301.9017803572645,343.93031323341484,1031.5441940824633,974.6713689384987,1090.1748864901167,1432.4140240815627,1354.2696700161325,1511.349916855991,1514.3247766099312,1431.2915877393027,1598.278466169898,< 5
56,2171,,,,,,,,,,,,,,,,,,,,,2021-10-22 19:00:00+00:00,,,SOOFIE,1,,54368.3,4.0,218645.0,54368.3,False,,54318.01333333333,54500.88333333333,54645.56888888888,51895.596000000005,35628.8115,29597.90811111111,AZ,1.2207333333333334,2021-10-22 18:55:35+00:00,2021-10-22 19:09:10+00:00,2049.0,336.13,True,4.416666666666667,True,ER,0.0,980.3258436766401,927.3369148752384,1036.0433217208956,982.8968842941655,928.9012301475591,1037.9176000228756,986.7253056337014,933.0513361569489,1041.5744143086836,936.2050740506597,883.2767703132363,987.8524481532796,643.09069341649,605.6752871005755,679.9903827922915,533.9751869987218,502.8400081882624,565.2610382355633,< 5
57,2172,,,,,,2021-10-22 19:15:00+00:00,,,,,,0,,,,1.7,239.0,,,,2021-10-22 19:15:00+00:00,,,SOOFIE,1,,60927.7,4.0,218645.0,60927.7,False,,60961.346666666665,61104.4,61298.1088888889,66726.44533333334,65406.20916666667,61981.985888888885,AZ,0.9594666666666668,2021-10-22 19:12:44+00:00,2021-10-22 19:24:51+00:00,2051.0,135.865,False,2.2666666666666666,True,NE,-1.0,1100.067746298021,1039.7792088298306,1162.8195317856462,1102.283199608041,1041.8104657903025,1164.2563462419328,1106.5192978961472,1045.665233575417,1168.815327694956,1203.8241706442561,1137.5501229471188,1271.0849633872149,1179.8516383550632,1115.304942408915,1247.493516376074,1118.289949468882,1056.7253680708932,1180.9991142870128,< 5
58,2173,,,,,,2021-10-22 19:30:00+00:00,,,,,,0,,,,1.5,201.0,,,,2021-10-22 19:30:00+00:00,,,SOOFIE,1,,36651.2,4.0,218645.0,36651.2,False,,36435.073333333334,36010.613333333335,35588.52333333333,34001.79866666666,45043.624833333335,50377.19655555555,AZ,1.2431999999999999,2021-10-22 19:24:51+00:00,2021-10-22 19:46:51+00:00,2052.0,380.18999999999994,True,5.15,True,FN,0.0,657.8152602475475,619.7852158961314,694.8500332803467,649.5965201836657,612.0574415196894,686.4697212428288,642.2707019196866,605.0883090592694,679.0637676266529,613.301148721022,578.4197918652928,648.8174897906928,812.5592685860935,766.0723914137882,859.0726673674375,909.259159600148,857.6425504295443,960.8990890607496,< 10
59,2174,,,,,,2021-10-22 19:45:00+00:00,,,,,,0,,,,4.0,202.0,,,,2021-10-22 19:45:00+00:00,,,SOOFIE,1,,38003.3,4.0,218645.0,38003.3,False,,38160.079999999994,38132.27333333333,38109.52333333333,38087.39633333334,37744.113000000005,37390.66188888889,AZ,1.3023333333333336,2021-10-22 19:24:51+00:00,2021-10-22 19:46:51+00:00,2052.0,1646.765,True,20.15,True,FN,0.0,688.4004897164035,649.2069456241005,727.3857910439033,688.2933850096515,649.8415754741012,726.7158100999578,687.6684581968262,648.3196751636151,727.4181059701433,687.0087155414695,647.1691238421646,726.2261304031281,681.1095799391949,642.7005491102667,719.9258447203471,674.7921941992955,636.5195477971018,713.2865975263682,> 15
60,2175,,,,,,2021-10-22 20:00:00+00:00,,,,,,58.17,,,,3.6,224.0,,,,2021-10-22 20:00:00+00:00,,,SOOFIE,1,,45683.7,4.0,218645.0,45683.7,False,,45610.38333333333,45636.005000000005,45674.69777777778,45730.14133333333,45701.62733333333,45407.07244444445,AZ,1.8751666666666664,2021-10-22 19:46:51+00:00,2021-10-22 20:03:52+00:00,2053.0,1257.45,True,13.15,True,TP,1.0,823.1459720304063,777.1295846835001,870.6743177081896,823.4076459727675,776.8920740318961,869.5070336329165,824.2145621318089,777.9003163929284,869.938774929897,825.1635377516883,777.9926440583063,871.8448578658565,824.6161242929628,778.69987766845,871.9878992647676,819.6556550068022,773.0501031686528,865.2403994833161,< 15
61,2176,,,,,,2021-10-22 20:15:00+00:00,,,,,,0.35,,,,2.5,226.0,,,,2021-10-22 20:15:00+00:00,,,SOOFIE,1,,15441.1,4.0,218645.0,15441.1,False,,15306.383333333333,15269.598333333333,15225.426666666668,15076.217333333334,15029.7075,21649.737333333334,AZ,0.9701333333333332,2021-10-22 20:03:52+00:00,2021-10-22 20:25:19+00:00,2054.0,738.155,True,11.133333333333333,True,TP,1.0,276.17035609517546,257.3436915742872,294.6481099559412,275.44252018689144,256.6181923908792,294.11872358629313,274.7883759848158,255.9269263977757,293.1951675154043,272.10118614706386,253.8110782517372,290.5415956335833,271.29397183085587,252.8534089890846,289.77276701652755,390.82945050138284,366.38684376838773,415.1580601756701,< 15
62,2177,,,,,,2021-10-22 20:30:00+00:00,,,,,,0,,,,3.4,226.0,,,,2021-10-22 20:30:00+00:00,,,SOOFIE,1,,29230.2,4.0,218645.0,29230.2,False,,29293.286666666667,29296.07333333333,29315.26,30097.771666666667,23722.98516666667,20999.077222222222,AZ,2.0741666666666667,2021-10-22 20:25:19+00:00,2021-10-22 20:56:46+00:00,2055.0,577.475,True,4.683333333333334,True,FN,0.0,528.5050234963365,497.48805404067537,559.9992417191278,529.1091515769089,498.11969690453685,559.8801311493563,528.8609827632612,497.90509567289985,559.8728371901302,542.7291776454607,511.0211969502271,574.253762868451,428.4121437091026,402.5623635518546,454.40679329462404,378.95323181049434,355.4777699066988,402.200038863283,< 5
63,2178,,,,,,2021-10-22 20:45:00+00:00,,,,,,0,,,,2.6,215.0,,,,2021-10-22 20:45:00+00:00,,,SOOFIE,1,,28172.4,4.0,218645.0,28172.4,False,,28238.97666666667,28239.56166666667,28234.803333333337,28488.26833333334,28757.97716666666,28927.292333333335,AZ,2.6374666666666666,2021-10-22 20:25:19+00:00,2021-10-22 20:56:46+00:00,2055.0,2751.87,True,19.683333333333334,True,FN,0.0,509.6479519970047,479.1542484543404,539.8269730448505,509.4986546971416,479.64886305778606,539.3591035694523,509.1217122811299,479.7348922893517,539.1619895660203,514.2369834851768,483.80744099040675,544.8858490677826,518.8658957713426,488.0520064874443,549.9585771978685,521.9717670896721,491.3980430758384,552.7046559746424,> 15
64,2179,,,,,,2021-10-22 21:00:00+00:00,,,,,,0,,,,3.2,227.0,,,,2021-10-22 21:00:00+00:00,,,SOOFIE,1,,12045.4,4.0,218645.0,12045.4,False,,13685.786666666669,14815.470000000001,15556.390000000001,19756.989,23812.414500000003,25237.376111111113,AZ,3.4538,2021-10-22 20:56:46+00:00,2021-10-23 18:26:42+00:00,2056.0,720.1199999999999,True,3.2333333333333334,False,FN,0.0,246.8962877933424,229.7940623827251,264.24864022309384,267.2804286077191,249.04970479331845,285.4242281222309,280.7804792900554,261.85590117700497,299.2176283995004,356.38505155450946,334.0963080868598,378.85387882564265,429.8520260217266,403.57312393698885,455.92807594222216,455.4314475949026,428.23949660338303,482.8649306084339,< 5
65,2264,,,,,,2021-10-23 18:15:00+00:00,,,,,,0.22,,,,5.2,205.0,,,,2021-10-23 18:15:00+00:00,,,SOOFIE,1,,-432.8,8.0,218645.0,-432.8,False,,-424.3266666666667,-419.42,-420.4155555555555,-423.02,-420.28349999999995,-418.77022222222223,AZ,4.272233333333333,2021-10-22 20:56:46+00:00,2021-10-23 18:26:42+00:00,2056.0,,False,1278.2333333333333,True,NE,-1.0,-7.768519563501359,-45.817173558182404,29.44735941092757,-7.643167075885768,-44.54732620034754,30.016778142836728,-7.51188897280524,-44.549809621607885,29.67029395016089,-7.809965866948383,-45.66233535864462,29.832396477960028,-7.558405648581527,-44.75691101336685,29.47351430395546,-7.453071595720329,-44.64918710198249,29.118928486457623,> 15
66,2265,,,,,,2021-10-23 18:30:00+00:00,,,,,,0,,,,5.3,210.0,,,,2021-10-23 18:30:00+00:00,,,SOOFIE,1,,223448.0,8.0,218645.0,223448.0,False,,223209.4,223993.88333333333,224588.86666666667,220088.69666666666,118961.25899999999,83205.34122222221,AZ,4.522266666666667,2021-10-23 18:26:42+00:00,2021-10-24 17:19:20+00:00,2057.0,839.315,True,3.3,True,FN,0.0,4027.463260365358,3804.5467493149804,4257.393565688885,4042.1105002753934,3822.0202221059126,4268.780291326191,4052.6779313851835,3826.265191866211,4280.892851220824,3972.335892145962,3756.302409334204,4194.779197889089,2145.6727728267338,2019.6065531226352,2271.3307848903255,1502.2619086961884,1409.7275092320895,1594.0362062290696,< 5
67,2266,,,,,,2021-10-23 18:45:00+00:00,,,,,,0,,,,4.3,206.0,,,,2021-10-23 18:45:00+00:00,,,SOOFIE,1,,224893.0,8.0,218645.0,224893.0,False,,224004.83333333334,223741.48333333334,223424.8111111111,220688.21,220665.90166666667,222371.4622222222,AZ,4.803733333333334,2021-10-23 18:26:42+00:00,2021-10-24 17:19:20+00:00,2057.0,5135.97,True,18.3,True,FN,0.0,4040.4915843551303,3819.999974898215,4269.458603385999,4036.641396592059,3815.4369341588053,4264.161692683761,4032.1814586520054,3811.8483401558115,4261.5571182408075,3983.321106782231,3766.6864025463883,4199.4938753455735,3979.6933994344204,3764.7893495398152,4202.578404053757,4011.936531715502,3792.8815838172336,4239.8324753366915,> 15
68,2356,,,,,,2021-10-24 17:15:00+00:00,,,,,,474.7,,,,2.5,252.0,,,,2021-10-24 17:15:00+00:00,,,SOOFIE,1,,-712.0,8.0,218645.0,-712.0,False,,-704.1833333333333,-704.8,-706.6866666666667,4796.942333333333,2050.9766666666665,1174.8196666666665,AZ,2.1773000000000002,2021-10-23 18:26:42+00:00,2021-10-24 17:19:20+00:00,2057.0,15007.630000000001,True,1368.3,True,FP,0.0,-12.667093524941558,-50.50956010225008,24.431503337381866,-12.767855777825877,-50.1939761102835,25.772084036049513,-12.725014755058698,-50.724550200807585,24.221117461577983,86.40207692235869,48.81331025160329,124.33069634869028,37.091880376865824,-1.3941626531098512,75.98427172509464,21.18283308291234,-16.890414775344873,58.945554009531676,> 15
69,2357,,,,,,2021-10-24 17:30:00+00:00,,,,,,205.6,,,,1.9,255.0,,,,2021-10-24 17:30:00+00:00,,,SOOFIE,1,,234085.0,8.0,218645.0,234085.0,False,,234651.43333333332,234698.01666666666,234945.8777777778,234850.02666666667,232732.30833333332,173970.89355555558,AZ,2.894066666666667,2021-10-24 17:19:20+00:00,2021-10-24 18:11:05+00:00,2058.0,1772.54,True,10.666666666666666,True,TP,1.0,4233.9717825883135,3999.9784907247285,4469.599995819569,4233.1722199117185,4000.905236717224,4473.017243249257,4238.416849521665,4005.052237505984,4479.072637071932,4238.422717922765,4006.1907178958986,4472.9530559676405,4199.56597128348,3969.102406202073,4432.377576868512,3138.004541640502,2960.664008967789,3314.005369054498,< 15
70,2358,,,,,,2021-10-24 17:45:00+00:00,,,,,,0.86,,,,2.1,228.0,,,,2021-10-24 17:45:00+00:00,,,SOOFIE,1,,-711.7,8.0,218645.0,0.0,False,,0.0,0.0,0.0,0.0,0.0,0.0,AZ,2.673166666666667,2021-10-24 17:19:20+00:00,2021-10-24 18:11:05+00:00,2058.0,4279.795,True,25.666666666666668,False,FP,0.0,0.0,0.0,0.0,0.0,0.0,0.0,0.0,0.0,0.0,0.0,0.0,0.0,0.0,0.0,0.0,0.0,0.0,0.0,> 15
71,2359,,,,,,2021-10-24 18:00:00+00:00,,,,,,0,,,,2.4,250.0,,,,2021-10-24 18:00:00+00:00,,,SOOFIE,1,,-710.2,8.0,218645.0,0.0,False,,0.0,0.0,0.0,0.0,0.0,0.0,AZ,2.2909,2021-10-24 17:19:20+00:00,2021-10-24 18:11:05+00:00,2058.0,6607.110000000001,True,40.666666666666664,False,TN,0.0,0.0,0.0,0.0,0.0,0.0,0.0,0.0,0.0,0.0,0.0,0.0,0.0,0.0,0.0,0.0,0.0,0.0,0.0,> 15
72,2360,,,,,,2021-10-24 18:15:00+00:00,,,,,,0,,,,0.9,229.0,,,,2021-10-24 18:15:00+00:00,,,SOOFIE,1,,219674.0,8.0,218645.0,219674.0,False,,221815.4,223130.25,223869.75555555554,217992.69666666666,120811.43333333333,80304.16644444445,AZ,2.2861333333333334,2021-10-24 18:11:05+00:00,2021-10-25 17:13:41+00:00,2059.0,523.285,True,3.916666666666667,True,FN,0.0,4002.9970506853037,3780.132657385691,4223.489558083619,4027.1845695454417,3808.2035737419046,4255.4268323947,4038.9056866935866,3817.458397769439,4269.395681132259,3933.7636957452332,3715.3983108477664,4156.381619329119,2180.1432203872096,2052.097030055497,2309.013766938929,1448.6538744208444,1359.0962646106625,1538.9464008459388,< 5
73,2361,,,,,,2021-10-24 18:30:00+00:00,,,,,,0,,,,1.9,262.0,,,,2021-10-24 18:30:00+00:00,,,SOOFIE,1,,145912.0,8.0,218645.0,145912.0,False,,212659.6,219974.8,222532.3111111111,225848.88,223757.88166666665,221379.10555555555,AZ,2.6029666666666667,2021-10-24 18:11:05+00:00,2021-10-25 17:13:41+00:00,2059.0,2731.575,True,18.916666666666668,False,FN,0.0,3836.1318882101864,3625.862405000259,4056.1004509412155,3968.487884935654,3749.988210500098,4192.271534603385,4014.8835216426746,3793.3230881873083,4239.111587346068,4073.434685529352,3848.5641175046026,4302.633485755006,4036.461769203776,3818.923570346958,4260.955699533531,3995.313242423422,3778.129189683153,4218.270421132972,> 15
74,2452,,,,,,2021-10-25 17:15:00+00:00,,,,,,0,,,,3.7,233.0,,,,2021-10-25 17:15:00+00:00,,,SOOFIE,1,,11267.0,2.0,218645.0,11267.0,True,,12040.3,12166.033333333333,11630.085555555555,3456.0027999999998,1373.2350666666666,722.3934888888889,AZ,5.7335,2021-10-25 17:13:41+00:00,2021-10-27 18:13:45+00:00,2060.0,419.12500000000006,True,1.3166666666666667,True,FN,0.0,217.0691435038225,204.23057941833036,229.8203224779941,219.59905482429787,205.26279624782077,233.71879593084256,211.04198249151864,193.463731338165,228.46794263789684,23.595798441185877,-571.8589191557346,616.2191552295602,7.963080576668654,-336.0751576255399,364.8582073347021,1.6295151456400423,-199.871281689226,207.4497794031618,< 5
75,2453,,,,,,2021-10-25 17:30:00+00:00,,,,,,0,,,,3.8,225.0,,,,2021-10-25 17:30:00+00:00,,,SOOFIE,1,,-29.9,2.0,218645.0,-29.9,False,,-29.993333333333336,931.3916666666667,4230.444444444444,8873.394999999999,9912.3545,10293.349666666665,AZ,4.047299999999999,2021-10-25 17:13:41+00:00,2021-10-27 18:13:45+00:00,2060.0,4525.825,True,16.31666666666667,False,TN,0.0,-0.5481910849684045,-3.0828098716857286,1.966969146075677,16.81185088631704,14.028273945479194,19.587193344260974,76.33889397407972,71.1901672445593,81.5185215204409,160.12335709208915,150.937643994635,169.26636014815315,178.76955270860438,168.60704005210522,189.01558165316146,185.74093775152772,175.23525875590013,196.08905954044198,> 15
76,2454,,,,,,2021-10-25 17:45:00+00:00,,,,,,0,,,,6.2,211.0,,,,2021-10-25 17:45:00+00:00,,,SOOFIE,1,,138.6,2.0,218645.0,138.6,False,,568.2166666666667,1053.7033333333334,919.701111111111,571.5239999999999,3280.3109999999997,2177.119444444444,AZ,,2021-10-25 17:13:41+00:00,2021-10-27 18:13:45+00:00,2060.0,,False,31.31666666666667,False,NE,-1.0,10.238017971193685,7.600996205919239,12.819247511122416,19.004864277933123,16.133118671588058,21.872923760280823,16.612528972269885,13.827577708152486,19.456290791145694,10.326734294833274,7.673179463473753,12.91896364839934,59.19625842876316,54.861166175178106,63.50364474995607,39.302699875426164,35.820611359554945,42.819760975457015,> 15
77,2647,,,,,,2021-10-27 18:00:00+00:00,,,,,,0,,,,2.4,13.0,,,,2021-10-27 18:00:00+00:00,,,SOOFIE,1,,-700.6,8.0,218645.0,-700.6,False,,-704.4566666666667,-700.8083333333333,-699.6566666666668,3883.373666666667,1590.3538333333331,824.980111111111,AZ,3.6334999999999997,2021-10-25 17:13:41+00:00,2021-10-27 18:13:45+00:00,2060.0,,False,2926.3166666666666,True,NE,-1.0,-12.595768042618557,-49.96603878263466,25.60640455175766,-12.56383982233246,-49.193704668103344,24.066765326998887,-12.27151831272705,-49.69174707785903,24.21494950454232,70.08647353215427,31.74697210233855,109.44456836856497,29.099177845538506,-7.893241682262689,67.09709829839908,14.784331616103588,-22.837516378201936,51.9131658870554,> 15
78,2648,,,,,,2021-10-27 18:15:00+00:00,,,,,,1.47,,,,3.0,2.0,,,,2021-10-27 18:15:00+00:00,,,SOOFIE,1,,196114.0,8.0,218645.0,196114.0,False,,194044.03333333333,191898.35,188343.17777777778,101978.802,50636.579333333335,33972.365666666665,AZ,3.3125666666666667,2021-10-27 18:13:45+00:00,2021-10-28 18:05:30+00:00,2061.0,222.69500000000002,True,1.25,True,TP,1.0,3501.401163308102,3304.2038858552655,3701.109722097019,3462.487042293535,3269.7647529960027,3656.4611164222356,3398.4114606095395,3208.3122888327252,3590.5809693553174,1840.3232012341753,1730.348500508624,1952.4214043397526,913.8352354534007,849.3267088788255,979.1433158704434,612.6401341266793,559.0160437872157,665.6549373609672,< 5
79,2649,,,,,,2021-10-27 18:30:00+00:00,,,,,,2.94,,,,2.3,316.0,,,,2021-10-27 18:30:00+00:00,,,SOOFIE,1,,191534.0,8.0,218645.0,191534.0,False,,190663.93333333332,189993.6,189640.11111111112,188848.23666666666,190419.285,192072.51333333334,AZ,3.833733333333333,2021-10-27 18:13:45+00:00,2021-10-28 18:05:30+00:00,2061.0,3564.135,True,16.250000000000004,True,TP,1.0,3440.9559259435073,3249.307615959413,3632.1622625530504,3428.275487459238,3235.93437338801,3624.2368918393686,3422.4767038458185,3230.9443465062113,3613.241991979914,3405.806951630206,3218.0019949645966,3596.1815062236533,3435.459605442451,3243.054813074444,3629.5245741109356,3466.7128128007093,3268.9315020510403,3660.3490284355935,> 15
80,2650,,,,,,,,,,,,,,,,,,,,,2021-10-27 18:45:00+00:00,,,SOOFIE,1,,-719.8,8.0,218645.0,-719.8,False,,-699.36,-693.4783333333332,-697.0855555555556,21408.521,106278.18383333334,135569.83033333332,AZ,3.9751999999999996,2021-10-27 18:13:45+00:00,2021-10-28 18:05:30+00:00,2061.0,7120.0,True,31.250000000000004,True,ER,0.0,-12.752221100867615,-50.615682146333576,24.77589477488918,-12.540119277557471,-49.88705204169846,24.45294874732359,-12.415251857931047,-50.51977664163936,24.62814782004714,386.5843353971197,339.81442113271027,432.7347084007039,1917.6675900337436,1802.5909679011095,2034.0674770160308,2445.7526122508198,2304.2144084569372,2590.406276513421,> 15
81,2651,,,,,,,,,,,,,,,,,,,,,2021-10-27 19:00:00+00:00,,,SOOFIE,1,,-718.4,8.0,218645.0,-718.4,False,,-723.9166666666666,-721.2,-721.5544444444445,-703.1423333333336,-703.4475,-702.9979999999999,AZ,3.5195999999999996,2021-10-27 18:13:45+00:00,2021-10-28 18:05:30+00:00,2061.0,10687.439999999999,True,46.25,True,ER,0.0,-13.275843843223667,-50.327591730686486,23.728307104696196,-12.751776207451526,-50.99424825369614,25.399219297706825,-13.588684241051388,-50.784469932447806,23.370933701471763,-12.719147754305677,-50.1443587218529,24.554603966909472,-12.432707659289674,-50.24269127521262,25.049312830017744,-12.901716131035148,-50.403986275560136,24.42247708306016,> 15
82,2652,,,,,,2021-10-27 19:15:00+00:00,,,,,,0,,,,1.7,214.0,,,,2021-10-27 19:15:00+00:00,,,SOOFIE,1,,-673.2,8.0,218645.0,-673.2,False,,-676.3733333333333,-683.5533333333334,-694.6455555555556,-700.7126666666668,13538.4295,8793.254333333334,AZ,3.01,2021-10-27 18:13:45+00:00,2021-10-28 18:05:30+00:00,2061.0,13255.865,True,61.25000000000001,True,TN,0.0,-12.319892804737895,-50.844859165657944,25.504341539945578,-12.231640135279278,-49.57050489445365,25.39116282656233,-12.696699830358298,-49.86977737395035,25.361155826060806,-12.429639615338928,-49.849026189921105,25.365395431600327,244.54214141317004,203.43913248266202,285.87555263210044,158.60401546127028,118.66828353423864,198.0613979234418,> 15
83,2740,,,,,,2021-10-28 17:15:00+00:00,,,,,,229.93,,,,3.6,12.0,,,,2021-10-28 17:15:00+00:00,,,SOOFIE,1,,4965.9,8.0,218645.0,4965.9,False,,4965.899999999999,4965.9,4965.9,2893.4116666666664,1091.7521666666667,4092.207111111111,AZ,4.349733333333334,2021-10-27 18:13:45+00:00,2021-10-28 18:05:30+00:00,2061.0,20308.235,True,1381.25,True,TP,1.0,89.7113654166956,51.01075595600016,129.17497345525987,89.68666006456021,50.837957126691464,127.8925106111234,89.52146259131472,51.194387940646784,128.58673590840579,52.17554928120981,13.455999339197914,91.11465893832002,19.705214273041516,-17.313165840066958,58.176566175125394,73.80940101361792,36.5524504394393,112.65200380764803,> 15
84,2741,,,,,,2021-10-28 17:30:00+00:00,,,,,,0.08,,,,4.1,4.0,,,,2021-10-28 17:30:00+00:00,,,SOOFIE,1,,-686.2,8.0,218645.0,-686.2,False,,-684.37,-669.1299999999999,-660.568888888889,-611.2443333333335,2162.5105,3096.9736666666663,AZ,4.348866666666667,2021-10-27 18:13:45+00:00,2021-10-28 18:05:30+00:00,2061.0,24303.945,True,1396.25,True,FP,0.0,-12.348282399159979,-50.07425629509856,25.94338167020893,-11.684776156239458,-49.68674243104405,25.359133842881768,-12.369752693954878,-48.40844233095213,24.67264479624893,-11.049433443909551,-48.56576524356554,27.214203288391523,39.29605903422202,1.8213535179057214,77.01385856595024,56.30464594339914,17.721191001479983,94.49824901363317,> 15
85,2742,,,,,,2021-10-28 17:45:00+00:00,,,,,,0,,,,4.8,10.0,,,,2021-10-28 17:45:00+00:00,,,SOOFIE,1,,-688.7,8.0,218645.0,-688.7,False,,-705.8633333333333,-701.7316666666667,-699.4377777777778,-697.258,-697.5205,-694.7888888888889,AZ,4.909233333333333,2021-10-27 18:13:45+00:00,2021-10-28 18:05:30+00:00,2061.0,28583.9,True,1411.25,True,TN,0.0,-12.922733406143271,-50.57458113713602,24.24662721191206,-12.224473456510207,-49.24177169064454,25.48140005390231,-12.879818529514045,-50.2573744759532,24.725832983247397,-12.493644014950714,-49.22583761155129,25.465791868499483,-12.834208076885563,-50.266068289847034,24.827236406151606,-12.773916988155264,-50.484327573042,24.72139046204003,> 15
86,2743,,,,,,2021-10-28 18:00:00+00:00,,,,,,0,,,,4.5,15.0,,,,2021-10-28 18:00:00+00:00,,,SOOFIE,1,,-722.0,8.0,218645.0,-722.0,False,,-714.5133333333334,-711.0816666666667,-705.9377777777778,-698.7136666666668,-698.5459999999998,-699.0152222222222,AZ,4.378966666666667,2021-10-27 18:13:45+00:00,2021-10-28 18:05:30+00:00,2061.0,32690.795000000002,True,1426.25,True,TN,0.0,-12.82963250752054,-50.22923901471523,24.715749340351373,-13.042109260717643,-50.90899342575707,23.974950517029757,-12.952007781852931,-50.987641132203905,24.77393556013726,-12.628661468810575,-50.4920240038371,24.364344775048487,-12.369047092148435,-49.61601484827438,25.011973530859073,-12.873577610898161,-50.20255977644857,24.216099164770963,> 15
87,2744,,,,,,,,,,,,,,,,,,,,,2021-10-28 18:15:00+00:00,,,SOOFIE,1,,115484.0,8.0,218645.0,115484.0,False,,115608.73333333334,115502.28333333334,115333.07777777778,114706.48,112767.54,105704.65666666666,AZ,5.055533333333334,2021-10-28 18:05:30+00:00,2021-10-29 18:09:15+00:00,2062.0,2737.115,True,9.5,True,ER,0.0,2085.949549520116,1964.2987853626992,2208.4015253854236,2084.6074908586343,1964.4946460017707,2206.5418145583,2080.7119648574835,1958.4456887465328,2205.016207923357,2068.218303711651,1945.7563441722737,2189.9296317219228,2034.9463940737455,1913.3752779514268,2156.264468466899,1907.458856752216,1792.696193256507,2021.834533140909,< 10
88,2838,,,,,,2021-10-29 17:45:00+00:00,,,,,,0,,,,5.6,4.0,,,,2021-10-29 17:45:00+00:00,,,SOOFIE,1,,-268.7,8.0,218645.0,-268.7,False,,-263.9800000000001,-265.30833333333334,-261.28333333333336,-262.75166666666684,-372.6185,5333.653,AZ,5.1633000000000004,2021-10-28 18:05:30+00:00,2021-10-29 18:09:15+00:00,2062.0,22677.305,True,1419.5,True,TN,0.0,-4.89623463910786,-43.042637950645165,32.77779689559867,-5.0900029643979705,-42.107476619440455,32.16097693128148,-4.525540152579773,-41.58782648326382,33.56906834812218,-4.723533346901069,-42.29219945475123,32.128048097043965,-6.728055103942332,-44.06965259210115,30.880634485170265,96.07771502694628,57.82926096894906,134.67956082415418,> 15
89,2839,,,,,,2021-10-29 18:00:00+00:00,,,,,,0,,,,4.5,350.0,,,,2021-10-29 18:00:00+00:00,,,SOOFIE,1,,-268.6,8.0,218645.0,-268.6,False,,-257.4466666666667,-245.80833333333334,-247.00444444444446,-257.16366666666687,-261.4363333333333,-263.75266666666664,AZ,4.700666666666667,2021-10-28 18:05:30+00:00,2021-10-29 18:09:15+00:00,2062.0,27327.090000000004,True,1434.5,True,TN,0.0,-4.527234418005679,-42.541609269164304,32.72107249985653,-4.194798180343585,-41.81007829258288,32.96955179985694,-4.162543094424757,-42.012506581684804,33.7724290990749,-4.608054739275031,-42.14319097111296,33.471934476312164,-4.849666067169286,-42.18511406531962,33.410849400687,-4.80037206154098,-43.22267689843712,32.348324418458404,> 15
90,2840,,,,,,2021-10-29 18:15:00+00:00,,,,,,0,,,,3.0,10.0,,,,2021-10-29 18:15:00+00:00,,,SOOFIE,1,,221680.0,8.0,218645.0,221680.0,False,,221845.26666666666,222613.16666666666,223341.2,229533.40333333332,138207.66766666668,94951.29633333333,AZ,5.201733333333333,2021-10-29 18:09:15+00:00,2021-11-02 18:14:40+00:00,2063.0,1787.325,True,5.75,True,FN,0.0,4001.723820434114,3783.2777628892104,4224.17679214065,4017.4671938114234,3796.070490190156,4243.951697278926,4029.0428593490706,3810.818241108437,4255.86653986743,4141.739202060568,3916.213325736683,4376.315791765846,2494.1225598512447,2351.971094333128,2637.4254800927833,1714.3238021294187,1610.882940074053,1818.5233900445485,< 10
91,2841,,,,,,2021-10-29 18:30:00+00:00,,,,,,0,,,,4.4,342.0,,,,2021-10-29 18:30:00+00:00,,,SOOFIE,1,,286564.0,8.0,218645.0,286564.0,False,,286514.3,286863.43333333335,287070.63333333336,285548.68666666665,282192.87833333336,270439.1788888889,AZ,5.225633333333334,2021-10-29 18:09:15+00:00,2021-11-02 18:14:40+00:00,2063.0,6300.549999999999,True,20.75,True,FN,0.0,5171.357557662072,4890.242189584739,5458.975943104061,5177.502000961431,4894.937487724403,5470.706669543269,5178.524539165526,4896.897969436146,5469.223297829839,5151.304310070891,4866.610935633578,5432.704230372371,5090.658748500432,4812.124993831317,5378.208383021579,4881.336329955169,4616.686790165269,5150.369531985609,> 15
92,2842,,,,,,2021-10-29 18:45:00+00:00,,,,,,0,,,,3.7,2.0,,,,2021-10-29 18:45:00+00:00,,,SOOFIE,1,,-253.4,8.0,218645.0,-253.4,False,,-266.9133333333333,-261.5566666666667,-253.53222222222223,-255.115,269.85383333333334,6211.4778888888895,AZ,4.7745,2021-10-29 18:09:15+00:00,2021-11-02 18:14:40+00:00,2063.0,10766.035,True,35.75,True,TN,0.0,-5.047472074153546,-43.13654772512034,32.732538139743646,-4.592178450858139,-41.28895970679428,32.474629726527986,-4.478664559554885,-41.527611620681725,32.48964677327035,-4.876271445260572,-42.57704869008385,32.87385804373428,5.022498795209341,-32.55482615922556,42.899565670906185,112.11283010000022,72.76842064481274,150.9778982003947,> 15
93,2843,,,,,,,,,,,,,,,,,,,,,2021-10-29 19:00:00+00:00,,,SOOFIE,1,,-272.6,8.0,218645.0,-272.6,False,,-275.34000000000003,-273.595,-266.5266666666667,-270.87899999999996,-267.98883333333333,-268.1252222222222,AZ,4.878833333333334,2021-10-29 18:09:15+00:00,2021-11-02 18:14:40+00:00,2063.0,15251.115000000002,True,50.75,True,ER,0.0,-4.964024292328262,-42.127847619965806,32.6509978520061,-4.8271519834536925,-41.494866240211145,33.29813318019626,-5.164538658155823,-43.199013896796465,32.40236734187278,-5.252986090716879,-43.07412572588837,30.994196659739544,-4.903842968230174,-42.953079343357,32.02008481088568,-5.070531850485678,-42.634370227112846,32.5401041051206,> 15
94,2844,,,,,,2021-10-29 19:15:00+00:00,,,,,,0,,,,3.0,15.0,,,,2021-10-29 19:15:00+00:00,,,SOOFIE,1,,-270.8,8.0,218645.0,-270.8,False,,-269.50333333333333,-261.23,-265.12666666666667,-262.24966666666666,-266.8351666666667,-266.70633333333336,AZ,4.646133333333333,2021-10-29 18:09:15+00:00,2021-11-02 18:14:40+00:00,2063.0,19579.375,True,65.75000000000001,True,TN,0.0,-5.203691342575286,-43.07491114806811,31.911515744586886,-4.705683021254644,-42.83878905086355,33.37385769004761,-4.853714921714282,-42.05889931596101,32.103643756632955,-4.620033282872687,-41.654304516777486,32.40028810797056,-4.662571952854799,-42.79175112385928,33.385118744631555,-4.773724907328053,-42.01861658194629,32.65344434979667,> 15
95,2845,,,,,,2021-10-29 19:30:00+00:00,,,,,,0,,,,3.5,16.0,,,,2021-10-29 19:30:00+00:00,,,SOOFIE,1,,-281.2,8.0,218645.0,-281.2,False,,-264.10333333333335,-264.0233333333333,-264.3088888888889,-270.8346666666667,-270.52616666666665,-268.5778888888889,AZ,5.2466333333333335,2021-10-29 18:09:15+00:00,2021-11-02 18:14:40+00:00,2063.0,23862.335,True,80.75,True,TN,0.0,-4.648701202206177,-41.72763820654992,32.964013079594835,-4.870159484486168,-42.24253797504942,31.89562868136104,-5.054371378367375,-42.6871282712439,32.15087404605272,-4.734145946870615,-41.31668823665807,32.43940656773402,-5.020685284878739,-42.230072179994536,32.98187962532649,-4.8925716242119295,-42.31805848212701,32.722809945423414,> 15
96,3224,,,,,,,,,,,,,,,,,,,,,2021-11-02 18:15:00+00:00,,,SOOFIE,1,,56271.4,4.0,218645.0,56271.4,False,,56055.956666666665,41235.50333333333,27560.772222222222,8105.584333333334,3916.983666666667,2521.390888888889,AZ,0.5934333333333334,2021-11-02 18:14:40+00:00,2021-11-03 17:38:37+00:00,2064.0,15.795000000000002,False,0.3333333333333333,False,NE,-1.0,1011.3622972107014,955.8100182046288,1067.1680145410385,744.1167515908418,702.1462245903347,786.2893333224222,497.35225794334013,467.7166550390158,526.9999603674347,146.30743620178265,133.25779842099152,159.42210758801826,70.72828805695056,59.96427257847678,81.51907791123212,45.4745281566595,35.39003832123266,55.656107181923986,< 5
97,3225,,,,,,,,,,,,,,,,,,,,,2021-11-02 18:30:00+00:00,,,SOOFIE,1,,62105.7,4.0,218645.0,62105.7,False,,61936.48333333333,61754.223333333335,61647.78444444445,61843.516333333326,58244.03783333333,57303.88555555556,AZ,1.0939333333333334,2021-11-02 18:14:40+00:00,2021-11-03 17:38:37+00:00,2064.0,898.355,True,15.333333333333336,True,ER,0.0,1117.4772754482428,1057.3857975135793,1180.4505456843015,1114.413713208147,1053.514860624305,1176.9527284055134,1112.0076619283993,1050.429522181608,1174.2537216905052,1115.9644127634401,1055.339960024506,1179.5361675106644,1050.9551349790074,992.3596738140244,1109.4100043973622,1034.418740234213,977.1756653887509,1090.4594989005898,> 15
98,3226,,,,,,,,,,,,,,,,,,,,,2021-11-02 18:45:00+00:00,,,SOOFIE,1,,,4.0,218645.0,,False,,,,,,,,AZ,0.9648999999999999,2021-11-02 18:14:40+00:00,2021-11-03 17:38:37+00:00,2064.0,1676.605,True,30.333333333333332,True,ER,0.0,,,,,,,,,,,,,,,,,,,> 15
99,3315,,,,,,2021-11-03 17:00:00+00:00,,,,,,0,,,,1.7,355.0,,,,2021-11-03 17:00:00+00:00,,,SOOFIE,1,,-16.8,2.0,218645.0,0.0,False,,0.0,0.0,0.0,0.0,0.0,0.0,AZ,2.0045,2021-11-02 18:14:40+00:00,2021-11-03 17:38:37+00:00,2064.0,0.0,False,1365.3333333333333,False,NE,-1.0,0.0,0.0,0.0,0.0,0.0,0.0,0.0,0.0,0.0,0.0,0.0,0.0,0.0,0.0,0.0,0.0,0.0,0.0,> 15
100,3316,,,,,,2021-11-03 17:15:00+00:00,,,,,,381.14,,,,3.9,23.0,,,,2021-11-03 17:15:00+00:00,,,SOOFIE,1,,6316.6,2.0,218645.0,6316.6,False,,6327.436666666666,6318.586666666667,6317.227777777778,6333.590333333334,4716.4675,3138.7115555555556,AZ,2.9348,2021-11-02 18:14:40+00:00,2021-11-03 17:38:37+00:00,2064.0,0.0,False,1380.3333333333333,True,NE,-1.0,114.15923664330899,107.21796097486548,121.03249944409787,114.01072106690062,107.18749845601573,120.90995160399652,113.98565667002313,107.12969576952365,120.83498738302558,114.20728377292173,107.23144721592298,121.12924578622882,85.06872443397096,79.5895387164254,90.77305516317413,56.629050842944814,52.43362667879242,60.91381356528431,> 15
101,3317,,,,,,2021-11-03 17:30:00+00:00,,,,,,315.17,,,,3.8,24.0,,,,2021-11-03 17:30:00+00:00,,,SOOFIE,1,,2640.0,2.0,218645.0,2640.0,False,,3342.0966666666664,3690.903333333333,3918.3288888888887,5515.2339999999995,5947.084666666667,6077.757,AZ,2.9348,2021-11-02 18:14:40+00:00,2021-11-03 17:38:37+00:00,2064.0,0.0,False,1395.3333333333333,False,NE,-1.0,60.28756452352479,55.96277199335295,64.63424856339414,66.5759563930288,61.992197517301136,71.1905480043579,70.73183593872375,65.9541155191653,75.5085901288857,99.53463720101435,93.23948272019418,105.67131385253485,107.33194002668827,100.8407400997342,113.80766586236157,109.61743053054386,102.95864157451877,116.19750594682196,> 15
102,3318,,,,,,2021-11-03 17:45:00+00:00,,,,,,148.12,,,,3.8,14.0,,,,2021-11-03 17:45:00+00:00,,,SOOFIE,1,,11154.2,4.0,308188.0,11154.2,False,,11194.923333333334,11210.161666666665,11224.024444444443,11191.425333333334,7519.342166666666,6737.821777777778,AZ,2.9348,2021-11-03 17:38:37+00:00,2021-11-03 18:12:22+00:00,2065.0,1440.0799999999995,True,6.383333333333334,True,TP,1.0,202.0286536972927,187.97633458798222,216.0687797044402,202.32216594152186,188.41960528603593,216.53277557245644,202.50853780889832,188.56923661553864,216.75533174569335,201.94373030504804,188.0077916625606,216.19704350112292,135.6742940247012,124.38305227708999,146.95824753898495,121.59092974227481,110.9059737106152,132.54137299663242,< 10
103,3319,,,,,,2021-11-03 18:00:00+00:00,,,,,,213.46,,,,3.0,20.0,,,,2021-11-03 18:00:00+00:00,,,SOOFIE,1,,11100.2,4.0,308188.0,11100.2,False,,11096.036666666665,11100.08,11094.704444444445,11120.082333333334,11158.073499999999,11189.667111111112,AZ,3.0157333333333334,2021-11-03 17:38:37+00:00,2021-11-03 18:12:22+00:00,2065.0,4397.359999999999,True,21.383333333333333,True,TP,1.0,200.18537745045688,186.36509509516188,214.26828887376482,200.22546258081994,186.1917046353918,214.05734942513504,200.25669184316448,186.26357293000316,214.01915819620265,200.68477100761174,186.55870389842644,214.67056422065068,201.27221114162137,187.16294023395332,215.22140208237983,201.80692661927176,187.68072926211514,215.81900737099429,> 15
104,3320,,,,,,,,,,,,,,,,,,,,,2021-11-03 18:15:00+00:00,,,SOOFIE,1,,78512.8,4.0,308188.0,78512.8,False,,78719.65333333334,78901.97666666665,79106.37777777777,55326.309,33173.013,25812.73433333333,AZ,2.882433333333333,2021-11-03 18:12:22+00:00,2021-11-03 18:33:26+00:00,2066.0,442.4,True,2.6333333333333333,True,ER,0.0,1420.4551647287994,1344.1095810570487,1499.7164586444205,1423.415166925576,1346.8684998233668,1501.6279496890584,1427.787704518241,1349.7852470267703,1506.5826591954205,998.4744345703618,943.8994615728524,1054.6508490243868,598.4436504708567,564.8500849840092,632.3950473319983,465.7592208962921,439.05356406623105,492.6802005341208,< 5
105,3321,,,,,,,,,,,,,,,,,,,,,2021-11-03 18:30:00+00:00,,,SOOFIE,1,,76282.9,4.0,308188.0,76282.9,False,,76310.83333333333,76342.17333333334,76375.65444444444,76549.14933333332,76788.65133333334,77211.35544444443,AZ,4.472966666666666,2021-11-03 18:12:22+00:00,2021-11-03 18:33:26+00:00,2066.0,3934.9000000000005,True,17.633333333333333,True,ER,0.0,1377.2306123770454,1301.3636222004168,1454.3194046475026,1377.9478933173625,1301.0826250451867,1455.4921734628963,1378.161646528704,1303.5314528616973,1455.7628066072696,1381.1864461755308,1305.9588952082631,1458.7728578789772,1385.6285283276343,1310.4353706542347,1463.958611269551,1392.6781322514928,1317.060214279624,1473.494735958234,> 15
106,3322,,,,,,2021-11-03 18:45:00+00:00,,,,,,205.83,,,,2.6,8.0,,,,2021-11-03 18:45:00+00:00,,,SOOFIE,1,,21578.7,4.0,308188.0,21578.7,False,,21561.029999999995,21521.795,21508.815555555553,21462.572333333334,19223.339833333335,25979.571111111112,AZ,4.604133333333333,2021-11-03 18:36:06+00:00,2021-11-03 19:03:15+00:00,2068.0,2402.92,True,8.9,True,TP,1.0,389.0413189330825,365.91733489263714,412.26988041343884,388.4445183892667,365.2069275459269,411.77283743401426,388.17863322551653,364.7271104958963,411.3337509254011,387.1098764255949,364.0513249388023,410.28740119360714,346.7596898954927,326.2550944956141,368.03040321235136,468.7874958918117,441.1606300451923,495.9630898976413,< 10
107,3323,,,,,,2021-11-03 19:00:00+00:00,,,,,,323.61,,,,2.0,27.0,,,,2021-11-03 19:00:00+00:00,,,SOOFIE,1,,21012.2,4.0,308188.0,21012.2,False,,21085.469999999998,21264.926666666663,21297.28888888889,21407.546000000002,21592.622333333333,21642.765111111108,AZ,4.4708,2021-11-03 18:36:06+00:00,2021-11-03 19:03:15+00:00,2068.0,6410.22,True,23.9,True,TP,1.0,380.4116870725595,357.59918441251375,403.1482349168923,383.74866933209876,361.2543308516095,406.5821490568594,384.26589775852773,361.265191131137,406.9998108663228,386.151393015663,363.41549873547496,409.08108103353266,389.45824158313764,366.7140697132818,412.4399694727527,390.3766403690204,367.0733655386508,413.25407524746095,> 15
108,3324,,,,,,2021-11-03 19:15:00+00:00,,,,,,229.71,,,,1.7,34.0,,,,2021-11-03 19:15:00+00:00,,,SOOFIE,1,,29051.5,4.0,308188.0,29051.5,False,,29031.63,29052.89833333333,29075.82222222222,29117.615,29256.061499999996,27577.249222222224,AZ,4.183766666666667,2021-11-03 19:03:15+00:00,2021-11-03 19:19:55+00:00,2069.0,2860.845,True,11.75,True,TP,1.0,523.8655291624656,493.74042221017703,554.0903470866273,524.1330329076864,494.2448654993986,554.333067241337,524.3666040122442,494.4430644805452,554.3539822261054,525.3415173409566,494.8377016657535,555.3446633723571,527.9756495199365,497.5168182255284,558.569887722622,497.57519351977396,469.3711618827669,526.3540912682396,< 15
109,3325,,,,,,,,,,,,,,,,,,,,,2021-11-03 19:30:00+00:00,,,SOOFIE,1,,17777.0,4.0,308188.0,17777.0,False,,17709.893333333333,17708.951666666668,17720.384444444444,17680.89633333333,17606.492166666663,21186.723777777777,AZ,4.2769,2021-11-03 19:19:55+00:00,2021-11-03 19:52:49+00:00,2070.0,2479.915,True,10.083333333333334,True,ER,0.0,319.6061130842207,299.92560631323624,338.8491927473917,319.49860291444253,299.7049986188096,338.90974497309327,319.68793239247276,300.0517935763847,339.6150782014879,319.254769537983,299.953315442306,338.927535932221,317.71973586129917,297.6988263983202,337.3480173703608,382.1809633166128,359.3827680223328,404.6236296682072,< 15
110,3326,,,,,,2021-11-03 19:45:00+00:00,,,,,,67.1,,,,3.5,23.0,,,,2021-11-03 19:45:00+00:00,,,SOOFIE,1,,17791.9,4.0,308188.0,17791.9,False,,17819.303333333333,17828.113333333335,17816.575555555555,17593.963,17405.254666666668,17521.232555555558,AZ,3.640566666666667,2021-11-03 19:19:55+00:00,2021-11-03 19:52:49+00:00,2070.0,5905.245,True,25.083333333333332,True,TP,1.0,321.47365855124343,301.68396557676004,341.1667024643151,321.69074261382985,302.32722521552824,341.67816042668613,321.4598531505377,301.9415561984451,341.2164718934048,317.4929221208431,298.355233811228,336.8393688605936,314.04503537048055,294.4221848303936,333.48042129143255,316.0973537292042,296.4039538270833,335.4234674372333,> 15
111,3327,,,,,,2021-11-03 20:00:00+00:00,,,,,,61.85,,,,1.3,39.0,,,,2021-11-03 20:00:00+00:00,,,SOOFIE,1,,42836.9,4.0,308188.0,42836.9,False,,42830.92333333334,42856.89833333333,42957.08666666667,43601.22233333333,37566.9865,30978.030444444445,AZ,4.1204,2021-11-03 19:52:49+00:00,2021-11-03 20:08:50+00:00,2071.0,1663.2099999999998,True,7.183333333333334,True,TP,1.0,773.0302422093451,730.7874703345861,816.7930637356501,773.5016975300485,731.8109364621605,816.3134577949905,775.3829617361995,732.2993845344276,819.0410763772143,787.1799235244165,744.4562913410196,830.4754887859241,678.0109384596452,640.0182940627827,715.2282836803779,558.5904525673261,526.4674439141389,590.1749659661012,< 10
112,3328,,,,,,,,,,,,,,,,,,,,,2021-11-03 20:15:00+00:00,,,SOOFIE,1,,33301.0,4.0,308188.0,33301.0,False,,33260.78666666667,33289.541666666664,33304.33111111111,33331.565,36715.29183333333,38678.44222222222,AZ,3.023833333333333,2021-11-03 20:08:50+00:00,2021-11-03 20:29:20+00:00,2072.0,1167.58,True,6.166666666666667,True,ER,0.0,600.4152688848786,565.6043834904414,634.2838696331,600.5229863263426,566.8708010976876,634.4774121614121,601.0920424592832,567.2147448192927,634.2089142550966,601.424128359958,568.0426749527372,635.5003551570704,662.5544662518183,625.2848296981754,700.3171376592364,698.2240675564854,659.3608991968346,737.3003444907204,< 10
113,3329,,,,,,2021-11-03 20:30:00+00:00,,,,,,0,,,,3.3,27.0,,,,2021-11-03 20:30:00+00:00,,,SOOFIE,1,,9205.9,4.0,308188.0,9205.9,False,,9225.41,9972.458333333334,12830.454444444445,26756.555333333334,29953.568000000003,31052.62266666667,AZ,2.5363333333333338,2021-11-03 20:29:20+00:00,2021-11-03 21:01:19+00:00,2073.0,125.81,False,0.6666666666666666,True,NE,-1.0,166.5542047993378,154.0638967803424,178.9101235572412,179.90384716061584,166.9410840745524,193.14888695873623,231.65079752162487,216.23075604041514,246.90974766550792,482.6590026751169,454.9931971417431,510.54500418466444,540.3621652932857,508.82849525087505,571.8944265529118,560.1928983071658,528.1494333422527,591.9804788059007,< 5
114,3330,,,,,,,,,,,,,,,,,,,,,2021-11-03 20:45:00+00:00,,,SOOFIE,1,,9387.8,4.0,308188.0,9387.8,False,,9368.769999999999,9364.013333333334,9360.626666666665,9357.528666666665,9334.714666666667,9304.940111111111,AZ,2.4130333333333334,2021-11-03 20:29:20+00:00,2021-11-03 21:01:19+00:00,2073.0,2635.9300000000003,True,15.666666666666668,True,ER,0.0,169.09503460352818,156.49180671938993,181.5224080508756,168.9914390176018,156.27726333808712,181.4987164521229,169.02360380482853,156.23197960743445,181.6835842452522,168.820089743591,156.3711019359774,181.47897408161145,168.47648365254543,156.13859710908514,181.16659652713813,167.86774780206648,155.12660327164537,180.26570493337493,> 15
115,3331,,,,,,,,,,,,,,,,,,,,,2021-11-03 21:00:00+00:00,,,SOOFIE,1,,9514.1,4.0,308188.0,9514.1,False,,9545.843333333334,9525.263333333334,9511.225555555555,9495.448333333334,9472.391333333335,9454.208666666667,AZ,3.033633333333333,2021-11-03 20:29:20+00:00,2021-11-03 21:01:19+00:00,2073.0,5260.995000000001,True,30.66666666666667,True,ER,0.0,172.1501598302792,159.12710930123018,185.21053927832924,171.8853112126262,159.02542432804654,184.52371045284215,171.54202727287196,158.9864006592447,184.2828967869578,171.30361336657623,159.00308500419212,183.93392705143208,170.86367937781628,158.32530113136028,183.4189652261099,170.6508770673994,158.00818848678767,182.96659409364574,> 15
116,3332,,,,,,2021-11-03 21:15:00+00:00,,,,,,0,,,,1.0,307.0,,,,2021-11-03 21:15:00+00:00,,,SOOFIE,1,,22977.3,4.0,308188.0,22977.3,False,,22938.63,22941.37,23009.243333333332,23156.523666666664,23301.339333333333,23043.578111111114,AZ,3.1216333333333335,2021-11-03 21:01:19+00:00,2021-11-03 21:29:52+00:00,2074.0,2122.4700000000003,True,13.683333333333334,True,FN,0.0,413.5865685042106,389.3748780082119,437.52435176664943,413.9820062623325,389.513749142084,438.6902122751783,415.18758958095,391.1937115468376,439.448789069176,417.8219256210525,393.080484306484,442.43307879073404,420.2993800278945,395.5661380967811,445.07688745809617,415.80272282666203,391.467296899316,440.3393360009207,< 15
117,3333,,,,,,,,,,,,,,,,,,,,,2021-11-03 21:30:00+00:00,,,SOOFIE,1,,28956.0,4.0,308188.0,28956.0,False,,26311.033333333333,24342.943333333336,23742.50666666666,22929.263000000003,22889.967,22889.12988888889,AZ,2.073366666666667,2021-11-03 21:29:52+00:00,2021-11-03 21:32:13+00:00,2075.0,25.87,False,0.13333333333333333,False,NE,-1.0,474.45758497658744,446.88368531229884,502.2101885469296,439.29403074857686,413.44873315279006,464.81777529829077,428.22888981765925,403.3017418575685,453.4410385775736,413.8394120588211,389.19305253246296,438.16486032193876,412.8409169544307,388.22104287589104,436.61908888047753,412.98043780109964,388.8187962002715,437.2051555874038,< 5
118,3410,,,,,,,,,,,,,,,,,,,,,2021-11-04 16:45:00+00:00,,,SOOFIE,1,,2530.2,4.0,308188.0,0.0,False,,0.0,0.0,0.0,0.0,0.0,0.0,AZ,1.8021,2021-11-03 21:32:13+00:00,2021-11-04 16:51:40+00:00,2076.0,5321.29,True,1152.7833333333333,False,ER,0.0,0.0,0.0,0.0,0.0,0.0,0.0,0.0,0.0,0.0,0.0,0.0,0.0,0.0,0.0,0.0,0.0,0.0,0.0,> 15
119,3411,,,,,,,,,,,,,,,,,,,,,2021-11-04 17:00:00+00:00,,,SOOFIE,1,,2530.2,4.0,308188.0,30057.9,False,,30160.460000000003,30208.601666666666,30246.37666666667,30065.663333333334,29098.400999999998,19324.442222222224,AZ,2.3695333333333335,2021-11-04 16:51:40+00:00,2021-11-04 17:14:17+00:00,2077.0,1257.805,True,8.333333333333334,True,ER,0.0,544.1958201111624,513.230198542967,575.5991574409328,545.1150024076155,514.1470478164686,576.5420169180211,546.0596650464167,515.2913464057024,577.1849225940429,542.5563260417864,511.7007485736499,573.1258543630071,524.9661685514594,494.06768897681394,555.0719078680451,348.80086968281233,327.71068741330924,369.88107236634664,< 10
120,3412,,,,,,,,,,,,,,,,,,,,,2021-11-04 17:15:00+00:00,,,SOOFIE,1,,2530.2,4.0,308188.0,61232.5,False,,61827.340000000004,58757.755,49116.201111111106,34757.453,31748.16,30951.292999999998,AZ,2.6863333333333332,2021-11-04 17:14:17+00:00,2021-11-04 17:31:58+00:00,2078.0,144.815,False,0.7166666666666667,True,NE,-1.0,1116.3694354125469,1054.9366016776885,1180.1539923978214,1060.221356377116,1002.6820763066365,1121.3184089162594,886.4851736234652,837.8053634575634,936.1788874472719,627.3349607729689,592.4671658203916,662.5732566161815,572.8909768961945,540.6373382824451,605.3373799280542,558.6763872303405,527.0603493196478,590.9188037582508,< 5
121,3413,,,,,,2021-11-04 17:30:00+00:00,,,,,,113.29,,,,4.0,30.0,,,,2021-11-04 17:30:00+00:00,,,SOOFIE,1,,2530.2,4.0,308188.0,59337.7,False,,59338.3,59374.68499999999,59374.118888888894,59480.89133333334,59714.034166666665,60057.793333333335,AZ,4.5965,2021-11-04 17:14:17+00:00,2021-11-04 17:31:58+00:00,2078.0,3638.3100000000004,True,15.716666666666669,True,TP,1.0,1070.966028821099,1011.8616608880434,1131.3047722236633,1071.25673250437,1012.2724298316539,1132.0530519259382,1071.7966345983,1013.201310082288,1132.368890733709,1073.4336181690294,1015.0904038342138,1131.8019107186524,1077.0988922769566,1019.267178137518,1139.579643318569,1084.3135124410544,1024.7669972335177,1145.5610329289227,> 15
122,3414,,,,,,2021-11-04 17:45:00+00:00,,,,,,372.59,,,,3.5,24.0,,,,2021-11-04 17:45:00+00:00,,,SOOFIE,1,,2530.2,4.0,308188.0,35887.3,False,,35927.276666666665,35913.16166666667,35854.27333333333,35895.178,35955.676,38611.341,AZ,4.483466666666667,2021-11-04 17:31:58+00:00,2021-11-04 17:53:34+00:00,2079.0,3841.33,True,13.033333333333333,True,TP,1.0,648.4482006617193,612.4078730959959,684.3932152225607,648.1299710375581,611.1903034366434,684.0360619559164,646.8418613456009,610.6847813336972,683.3229898198855,647.7524154329044,611.2739781116434,684.0628546636665,648.6927755822467,612.2583399968958,685.569317620965,696.8647163027197,657.7993760340514,736.4055948375128,< 15
123,3415,,,,,,2021-11-04 18:00:00+00:00,,,,,,72.46,,,,4.3,15.0,,,,2021-11-04 18:00:00+00:00,,,SOOFIE,1,,2530.2,4.0,308188.0,8902.1,False,,8898.81,8884.313333333332,8879.386666666667,8855.861333333332,16423.945833333335,22886.823777777776,AZ,4.3740000000000006,2021-11-04 17:53:34+00:00,2021-11-04 18:13:44+00:00,2080.0,1626.475,True,6.433333333333334,True,TP,1.0,160.5777095191236,148.41837875203214,172.81333936248828,160.2174093150281,148.16425939053045,172.12875989113405,160.31124551308406,148.35400521454315,172.46408868863563,159.76629850219138,147.8107838351328,172.0473680631102,296.4502010436162,277.91676082832436,315.19619294304255,413.016779330266,388.9474889215178,437.08625391059917,< 10
124,3416,,,,,,2021-11-04 18:15:00+00:00,,,,,,0,,,,3.7,5.0,,,,2021-11-04 18:15:00+00:00,,,SOOFIE,1,,2530.2,4.0,308188.0,13978.7,False,,14050.286666666665,13972.9,13591.19222222222,10454.742666666665,9770.225333333334,9502.491666666667,AZ,4.189,2021-11-04 18:13:44+00:00,2021-11-04 18:40:38+00:00,2081.0,325.04499999999996,True,1.2666666666666666,True,FN,0.0,253.599610161389,237.28308459804424,270.04661434159436,252.196646987448,235.95501637514786,268.81418547674156,245.1960521187061,229.2659132069169,260.92421972974137,188.61106568436276,175.13810165776908,202.01295735536743,176.36076953241746,163.50747240009724,189.0108047168343,171.41256055303361,158.88500419231605,184.0076979616837,< 5
125,3417,,,,,,2021-11-04 18:30:00+00:00,,,,,,0,,,,3.5,356.0,,,,2021-11-04 18:30:00+00:00,,,SOOFIE,1,,2530.2,4.0,308188.0,13858.5,False,,13883.606666666667,13879.098333333332,13873.332222222223,13880.264333333333,13892.041000000001,13887.618555555555,AZ,3.9122000000000003,2021-11-04 18:13:44+00:00,2021-11-04 18:40:38+00:00,2081.0,4067.265,True,16.26666666666667,True,FN,0.0,250.45753911016834,234.12283508617037,266.97784118416695,250.51829535929178,234.39260515878374,266.5341274794003,250.17349656667196,234.040051172018,266.56706499960416,250.37048717054807,234.23193434508786,266.79853299811504,250.44545912586753,233.9852406415158,266.8944417350752,250.56622737550066,234.49643283785056,266.65579764362127,> 15
126,3418,,,,,,,,,,,,,,,,,,,,,2021-11-04 18:45:00+00:00,,,SOOFIE,1,,2530.2,4.0,308188.0,41253.4,False,,41227.12,41265.566666666666,41235.804444444446,40641.07166666666,29768.881499999996,24457.43788888889,AZ,4.2702333333333335,2021-11-04 18:40:38+00:00,2021-11-04 18:55:40+00:00,2082.0,1120.115,True,4.366666666666666,True,ER,0.0,743.9004586388239,701.9650811415991,784.339171633762,744.8662578024207,703.4198250980318,786.2611111286375,744.3516584108717,702.7037310921784,785.8887138435657,733.249677334698,692.68729637378,774.1610913924711,537.1173540450953,506.7981268857628,567.6491677108036,441.1278772800583,415.23549883860994,467.2487606784806,< 5
127,3419,,,,,,,,,,,,,,,,,,,,,2021-11-04 19:00:00+00:00,,,SOOFIE,1,,2530.2,4.0,308188.0,19450.8,False,,19556.486666666668,19514.27,19496.30222222222,20543.744000000002,30113.831333333335,33567.933333333334,AZ,4.766933333333334,2021-11-04 18:55:40+00:00,2021-11-04 19:28:16+00:00,2083.0,1221.3300000000002,True,4.333333333333333,True,ER,0.0,352.8866294687834,331.5976964652661,373.95081123139704,352.154989751009,331.11422314666333,373.5566380134566,351.72379219898323,331.028804182646,372.55831372477564,370.70958293839584,348.17229942249725,393.20646250346164,543.5627008598535,512.6987987094964,574.7175358034169,605.5620149616616,571.795630221886,640.019780007265,< 5
128,3420,,,,,,2021-11-04 19:15:00+00:00,,,,,,186.33,,,,2.6,332.0,,,,2021-11-04 19:15:00+00:00,,,SOOFIE,1,,2530.2,4.0,308188.0,18916.3,False,,18935.056666666667,18961.471666666665,18950.144444444446,18962.45966666667,19166.588666666667,19365.278555555557,AZ,4.489433333333334,2021-11-04 18:55:40+00:00,2021-11-04 19:28:16+00:00,2083.0,5335.01,True,19.333333333333332,True,TP,1.0,341.60572934082217,320.61174525694804,362.03449986401347,342.1427611588266,321.251476230066,362.8715759240225,341.87876517480237,321.17127609254715,362.6058154930991,342.29439604343764,321.5031446354361,363.16611529323535,345.78919203953353,324.6320993119774,366.7184417971373,349.1366673573683,328.3154507766447,370.2926725047343,> 15
129,3421,,,,,,,,,,,,,,,,,,,,,2021-11-04 19:30:00+00:00,,,SOOFIE,1,,,0.5,21175085.0,218.03293437236718,True,1.14,218.0329343723677,218.03293437236718,218.03293437236715,10170.298032050829,14869.472849358748,16366.28523290583,AZ,4.223033333333333,2021-11-04 19:28:16+00:00,2021-11-04 19:57:13+00:00,2084.0,454.50000000000006,True,1.7333333333333334,True,ER,0.0,3.997438383366742,3.9107067337419563,4.082555792903597,4.004257993025121,3.8745924591745964,4.131904380831704,4.024962539554784,3.781058573615358,4.266043779378452,96.84594914368736,-1683.429043717339,1867.077668758256,72.27696606001636,-3722.9582812650597,3778.8579631542807,43.26161343763644,-4511.109002394401,4512.402190896943,< 5
130,3422,,,,,,,,,,,,,,,,,,,,,2021-11-04 19:45:00+00:00,,,SOOFIE,1,,,0.5,21175085.0,248.63404796848891,True,1.3,248.6340479684894,248.63404796848894,248.76155260847275,250.01109808031435,234.1909598743194,228.33105912839537,AZ,3.911133333333334,2021-11-04 19:28:16+00:00,2021-11-04 19:57:13+00:00,2084.0,3995.625,True,16.733333333333334,True,ER,0.0,4.550022164686785,4.4515255108373815,4.646097183813536,4.556098996701371,4.411666647508854,4.7035107847916775,4.581718551261615,4.302473076003695,4.853257999296966,2.522282137665472,-41.38402524104202,45.539238104416754,1.3145336736008453,-57.44584232498662,61.605151931047125,1.2925048527294727,-62.347794799664676,65.43634906028997,> 15
131,3423,,,,,,2021-11-04 20:00:00+00:00,,,,,,2.46,,,,2.0,7.0,,,,2021-11-04 20:00:00+00:00,,,SOOFIE,1,,,0.5,21175085.0,0.0,False,0.9,0.0,0.0,0.0,0.0,0.0,0.0,AZ,4.000333333333333,2021-11-04 19:57:13+00:00,2021-11-04 20:09:41+00:00,2085.0,704.975,True,2.783333333333333,False,FP,0.0,0.0,0.0,0.0,0.0,0.0,0.0,0.0,0.0,0.0,0.0,0.0,0.0,0.0,0.0,0.0,0.0,0.0,0.0,< 5
132,3424,,,,,,2021-11-04 20:15:00+00:00,,,,,,0,,,,2.5,6.0,,,,2021-11-04 20:15:00+00:00,,,SOOFIE,1,,,0.5,21175085.0,1740.438335779422,False,9.1,1737.2507197798263,1736.9319581798666,1737.250719779826,1746.2397968986868,1138.3933019357235,816.3059559498771,AZ,3.701333333333334,2021-11-04 20:09:41+00:00,2021-11-04 20:25:49+00:00,2086.0,1180.125,True,5.316666666666666,True,FN,0.0,31.418322440044633,31.20983218053797,31.552660505968973,31.41534646334492,31.204118333325688,31.546883894283624,31.419966606674198,31.209832180537965,31.552660505968973,31.581642587159678,31.37096264221483,31.715560925460196,20.611467741623816,20.475060584714637,20.699971461926395,14.799976989438075,14.701285670405882,14.862773791165823,< 10
133,3425,,,,,,,,,,,,,,,,,,,,,2021-11-04 20:30:00+00:00,,,SOOFIE,1,,38137.4,4.0,308188.0,38137.4,False,,38079.29,38137.65333333333,38217.74888888889,36870.503,19436.172612273975,13536.595733762584,AZ,2.9824333333333333,2021-11-04 20:25:49+00:00,2021-11-04 20:32:54+00:00,2087.0,719.9,True,4.183333333333334,True,ER,0.0,687.1666653989322,648.297587354796,725.5528413525263,688.2058811433376,649.0198642772751,727.4357337545199,689.5428681600449,650.7730132643468,727.6094393301697,665.2496330147783,628.8292433865637,702.4005951470533,350.81169054872873,329.68348196943526,371.8643691264469,244.29983076278,228.30841307427235,260.2446185154201,< 5
134,3426,,,,,,2021-11-04 20:45:00+00:00,,,,,,0,,,,0.5,343.0,,,,2021-11-04 20:45:00+00:00,,,SOOFIE,1,,64887.6,4.0,308188.0,64887.6,False,,64920.613333333335,64966.301666666666,64963.948888888895,65129.81133333334,65562.95383333333,60512.557555555555,AZ,2.8610333333333333,2021-11-04 20:32:54+00:00,2021-11-04 20:50:53+00:00,2088.0,2107.765,True,12.1,True,FN,0.0,1170.902577500879,1108.3681427683496,1236.2498838107394,1172.4010695199408,1108.3427886483669,1238.5819859736926,1172.2000923682904,1107.045192325795,1238.5885545642948,1175.4942388903173,1111.4438195344042,1242.6355039540065,1183.1308235603358,1118.5629088646815,1249.6207601891867,1091.8286893140128,1031.400049539776,1153.722886849467,< 15
135,3427,,,,,,,,,,,,,,,,,,,,,2021-11-04 21:00:00+00:00,,,SOOFIE,1,,-214.0,4.0,308188.0,0.0,False,,0.0,0.0,0.0,0.0,0.0,0.0,AZ,2.6237666666666666,2021-11-04 20:54:44+00:00,2021-11-05 14:00:05+00:00,2090.0,831.1599999999999,True,5.266666666666667,False,ER,0.0,0.0,0.0,0.0,0.0,0.0,0.0,0.0,0.0,0.0,0.0,0.0,0.0,0.0,0.0,0.0,0.0,0.0,0.0,< 10
136,3428,,,,,,2021-11-04 21:15:00+00:00,,,,,,0,,,,2.2,311.0,,,,2021-11-04 21:15:00+00:00,,,SOOFIE,1,,,4.0,308188.0,0.0,False,,0.0,0.0,0.0,0.0,0.0,0.0,AZ,2.0171666666666668,2021-11-04 20:54:44+00:00,2021-11-05 14:00:05+00:00,2090.0,2995.34,True,20.266666666666666,False,TN,0.0,0.0,0.0,0.0,0.0,0.0,0.0,0.0,0.0,0.0,0.0,0.0,0.0,0.0,0.0,0.0,0.0,0.0,0.0,> 15
137,3429,,,,,,2021-11-04 21:30:00+00:00,,,,,,0,,,,2.5,298.0,,,,2021-11-04 21:30:00+00:00,,,SOOFIE,1,,,4.0,308188.0,0.0,False,,0.0,0.0,0.0,0.0,0.0,0.0,AZ,2.3554333333333335,2021-11-04 20:54:44+00:00,2021-11-05 14:00:05+00:00,2090.0,5256.99,True,35.266666666666666,False,TN,0.0,0.0,0.0,0.0,0.0,0.0,0.0,0.0,0.0,0.0,0.0,0.0,0.0,0.0,0.0,0.0,0.0,0.0,0.0,> 15
