,Stanford_timestamp,cr_kgh_CH4_mean900,cr_kgh_CH4_lower900,cr_kgh_CH4_upper900,FacilityEmissionRate,FacilityEmissionRateUpper,FacilityEmissionRateLower,UnblindingStage,PipeSize_inch,MeterCode,PlumeEstablished,PlumeSteady,cr_kgh_CH4_mean300,cr_kgh_CH4_lower300,cr_kgh_CH4_upper300,cr_kgh_CH4_mean600,cr_kgh_CH4_lower600,cr_kgh_CH4_upper600,Operator_Timestamp,PlumeDevelopIndex,tc_Classification
0,2021-10-21 18:30:00+00:00,0.0,0.0,0.0,,,,1,8.0,218645.0,True,False,0.0,0.0,0.0,0.0,0.0,0.0,,< 5,ER
1,2021-10-18 17:15:00+00:00,5.580151942306599,-4.0403932016585316,15.089584616176273,396.84,,,1,4.0,218645.0,False,False,16.626013006972215,6.794470406728854,26.305821407807127,8.371645231952776,-1.1153584325118964,18.053594024914865,2021-10-18 17:15:00+00:00,> 15,NE
2,2021-10-18 17:30:00+00:00,417.4068290341829,391.5498764937541,442.99388038062045,271.88,,,1,4.0,218645.0,True,True,418.57462146887286,392.79299521027696,444.43714887229714,422.13703911286035,396.60208947957307,447.74026113721135,2021-10-18 17:30:00+00:00,< 15,TP
3,2021-10-18 17:45:00+00:00,717.5998446154244,675.9082219143531,757.9744424729736,252.52,,,1,4.0,218645.0,True,True,1331.400110320992,1258.7701467673853,1406.246482318694,868.9066013078066,820.7060809787492,917.8767526821788,2021-10-18 17:45:00+00:00,< 5,TP
4,2021-10-18 18:00:00+00:00,1446.342550116904,1366.719444945324,1526.9812160635947,262.94,,,1,4.0,218645.0,True,True,1423.7527232432603,1347.2308010949318,1502.7914620528952,1433.9461441889189,1354.7544056207414,1516.3284920871527,2021-10-18 18:00:00+00:00,> 15,TP
5,2021-10-18 18:15:00+00:00,852.5911297834847,805.4218440431971,900.5390182966698,259.32,,,1,4.0,218645.0,True,True,561.0969077526439,527.9065862296891,594.1588205974692,576.9637752261685,543.5814640163737,610.546597411825,2021-10-18 18:15:00+00:00,< 10,TP
6,2021-10-18 18:30:00+00:00,578.9073644140451,545.2411819023681,612.3278884742325,164.82,,,1,4.0,218645.0,True,True,587.1945101698689,553.2312141754999,621.5260769000445,585.7908926780682,552.4556620450836,619.5508158887666,2021-10-18 18:30:00+00:00,> 15,TP
7,2021-10-18 18:45:00+00:00,0.0,0.0,0.0,0.66,,,1,4.0,218645.0,True,False,0.0,0.0,0.0,0.0,0.0,0.0,2021-10-18 18:45:00+00:00,< 10,FP
8,2021-10-18 19:00:00+00:00,100.29146825826773,88.81065519675913,112.02414815911209,0.09,,,1,4.0,218645.0,True,True,300.85492240714296,280.86159950240926,320.8824494685937,150.43226063367015,137.5258224242618,163.58580530044347,2021-10-18 19:00:00+00:00,< 5,TP
9,2021-10-18 19:15:00+00:00,376.7096942840361,353.4428062963543,400.09516964352247,0,,,1,4.0,218645.0,True,True,371.6473287383211,348.5811232362646,394.5531015728442,375.3672584867346,351.8307998136569,398.5484025786915,2021-10-18 19:15:00+00:00,> 15,FN
10,2021-10-19 17:45:00+00:00,212.48376482944255,171.88324905322114,253.61365730919493,157.41,,,1,8.0,218645.0,True,False,0.0,0.0,0.0,134.32654691694788,95.10830360012184,172.99100295725344,2021-10-19 17:45:00+00:00,< 10,FP
11,2021-10-19 18:00:00+00:00,4904.530196298242,4637.75929603394,5181.908603219983,32.06,,,1,8.0,218645.0,False,True,5602.366309597447,5301.999932000206,5911.801412652342,5541.007549437754,5237.900689987865,5851.027083549449,2021-10-19 18:00:00+00:00,< 5,NE
12,2021-10-19 18:15:00+00:00,6028.064157723405,5699.619580700323,6362.053093312334,103,,,1,8.0,218645.0,True,True,6646.950938755607,6290.081114680028,7018.7205372957305,6440.207421549721,6092.87099145363,6799.54354932008,2021-10-19 18:15:00+00:00,< 10,TP
13,2021-10-19 18:30:00+00:00,6661.495139423842,6295.789219489491,7034.205416626559,117.49,,,1,8.0,218645.0,True,True,6174.088503207503,5840.149193176893,6527.955767370169,6684.748218486816,6320.942757461893,7066.192432754182,2021-10-19 18:30:00+00:00,< 5,TP
14,2021-10-19 18:45:00+00:00,0.0,0.0,0.0,264.88,,,1,2.0,218645.0,True,False,0.0,0.0,0.0,0.0,0.0,0.0,2021-10-19 18:45:00+00:00,< 15,FP
15,2021-10-19 19:00:00+00:00,155.31838208549706,146.27133402197035,164.42273047969567,933.34,,,1,2.0,218645.0,True,True,213.42976619010233,201.21702356982718,225.42934546438528,141.7359952229354,133.4293844545004,149.91448906893407,2021-10-19 19:00:00+00:00,< 5,TP
16,2021-10-19 19:15:00+00:00,164.10252839238626,154.69053780482193,173.5818599014045,,,,1,2.0,218645.0,True,True,161.4224131386802,152.22986106018138,170.62000584377915,163.12429172240655,153.74715321837328,172.62195277638693,,> 15,ER
17,2021-10-19 19:30:00+00:00,135.2646304400751,127.38673788269458,143.23311325752184,126.5,,,1,2.0,218645.0,True,True,88.29709165905177,82.73215333785312,93.90605683187106,123.01149982217026,115.63243062223665,130.47900355254936,2021-10-19 19:30:00+00:00,< 5,TP
18,2021-10-19 19:45:00+00:00,105.41461745404447,99.0369897342288,111.88809948533381,24.19,,,1,2.0,218645.0,True,True,181.98727700666623,171.5509075646112,192.23843596383065,124.41140562693069,117.05669212063275,131.79504674582188,2021-10-19 19:45:00+00:00,< 5,TP
19,2021-10-19 20:00:00+00:00,250.07982566221804,236.1997486582836,264.17384986818666,,,,1,2.0,218645.0,True,True,247.30344525640132,233.6667778274309,261.14793653763627,248.48198583993474,234.61564583240244,262.27902824909717,,> 15,ER
20,2021-10-19 20:15:00+00:00,276.3644285807508,261.37709635729755,292.11405416390653,1.7,,,1,2.0,218645.0,True,True,330.54971238919546,312.4010664494835,349.234073662705,292.12602684044066,276.1697228368492,308.57191217744844,2021-10-19 20:15:00+00:00,< 10,TP
21,2021-10-19 20:30:00+00:00,81.89757225169276,-4893.039726231945,5001.93231000284,0,,,1,2.0,218645.0,True,True,170.42341833342786,-2864.2873260614642,3198.6638741299985,124.36620241037835,-4352.486837783668,4613.5014162602265,2021-10-19 20:30:00+00:00,> 15,FN
22,2021-10-20 18:00:00+00:00,15.645515965695239,15.540927404372649,15.711638675322968,2.27,,,1,0.5,21175085.0,True,True,11.848870123914615,11.770964261973912,11.900263898809426,11.933171905562567,11.853966622009994,11.984178008704763,2021-10-20 18:00:00+00:00,> 15,TP
23,2021-10-20 18:15:00+00:00,12.186747259171598,12.105017340801444,12.237986425680026,12.74,,,1,0.5,21175085.0,True,True,13.235573247955527,13.146292891333712,13.290699998411077,12.422173857800912,12.338527429518123,12.47406153532418,2021-10-20 18:15:00+00:00,< 15,TP
24,2021-10-20 18:30:00+00:00,20.139129214526236,20.005962144438865,20.22572015085618,1.83,,,1,0.5,21175085.0,True,True,18.247833282809378,18.1255774960454,18.32468018088182,19.40843853614618,19.279816845233842,19.491598417317707,2021-10-20 18:30:00+00:00,< 15,TP
25,2021-10-20 18:45:00+00:00,15.32486334479013,15.222735866821106,15.389951922822688,0,,,1,0.5,21175085.0,True,True,15.142976806331077,15.040795635996023,15.206013146657746,15.289265312259339,15.188308217302765,15.35514609845981,2021-10-20 18:45:00+00:00,> 15,FN
26,2021-10-20 19:00:00+00:00,29.66465033701614,29.466868741256246,29.790551265655072,0,,,1,0.5,21175085.0,True,True,32.46961787974338,32.25386972505171,32.60816641215165,30.618357389183885,30.415085607952886,30.74918393973813,2021-10-20 19:00:00+00:00,< 5,FN
27,2021-10-20 19:15:00+00:00,32.18248793986208,31.96638491891829,32.317523693021336,0,,,1,0.5,21175085.0,True,True,32.62132833001275,32.401518610904986,32.75743716575467,31.936499314017755,31.723109068928828,32.071575548871905,2021-10-20 19:15:00+00:00,> 15,FN
28,2021-10-20 19:30:00+00:00,31.569156301209446,31.357392640716615,31.701841862574433,248.68,,,1,0.5,21175085.0,True,True,31.169403471776395,30.96302934049676,31.30314662910214,31.65771413991716,31.44718818700332,31.792623779328842,2021-10-20 19:30:00+00:00,> 15,TP
29,2021-10-20 19:45:00+00:00,13.285857379903801,13.196107826874446,13.341062132374217,202.34,,,1,0.5,21175085.0,True,True,12.18974659906988,12.108063530400596,12.24106607653181,12.196379692599097,12.115284324972231,12.24836618882925,2021-10-20 19:45:00+00:00,> 15,TP
30,2021-10-20 20:00:00+00:00,0.0,0.0,0.0,44.6,,,1,2.0,218645.0,True,False,0.0,0.0,0.0,0.0,0.0,0.0,2021-10-20 20:00:00+00:00,< 15,FP
31,2021-10-20 20:15:00+00:00,17.626904410639245,14.831969186590715,20.473738539851997,13.01,,,1,2.0,218645.0,True,True,50.513454162189326,46.56807619976172,54.44032769044585,26.419042932724576,23.350531322764233,29.445384829644127,2021-10-20 20:15:00+00:00,< 10,TP
32,2021-10-20 20:30:00+00:00,50.67813359855027,46.74641433797281,54.63335005485905,0.03,,,1,2.0,218645.0,True,True,50.696881540213724,46.75989415214406,54.68213046912585,50.8846911073167,46.88221524460867,54.88375447910057,2021-10-20 20:30:00+00:00,> 15,TP
33,2021-10-20 20:45:00+00:00,133.06167649709013,125.20051900845166,140.840366631995,0,,,1,2.0,218645.0,True,True,194.10565125103273,183.2752412129253,205.18527693673252,174.45073350681272,164.72356389350824,184.32944948096832,2021-10-20 20:45:00+00:00,< 10,FN
34,2021-10-21 17:45:00+00:00,31.548008560981764,-3463.525540753436,3525.303660771593,,,,1,8.0,218645.0,True,True,139.9431961661832,-2727.871997773808,3078.941167146041,60.77348485268975,-3453.0988298922634,3558.0665841960804,,< 5,ER
35,2021-10-21 18:00:00+00:00,125.51197914828644,-36777.84562535362,36795.29142340863,376.66,,,1,8.0,218645.0,True,True,2072.063006304679,-37040.04603647411,42494.03108156454,1042.9536561098405,-41876.28407225166,44391.265984146805,2021-10-21 18:00:00+00:00,< 5,TP
36,2021-10-21 18:15:00+00:00,740.2714779611001,-63088.00666396708,65737.24182357707,,,,1,8.0,218645.0,True,True,2319.431220309732,-37751.515534601625,42669.06481238928,1621.8029695667353,-56725.6409820787,59786.59307200489,,> 15,ER
37,2021-10-21 18:45:00+00:00,533.5720608276097,482.6430316032428,584.1816887137458,3.32,,,1,8.0,218645.0,True,True,744.1698556665368,685.4583087558879,802.1454804365294,761.6987947334701,703.3069964693842,821.8610049669467,2021-10-21 18:45:00+00:00,< 10,TP
38,2021-10-21 19:00:00+00:00,722.143779365282,664.3833723542632,779.8606923206763,4.96,,,1,8.0,218645.0,True,True,730.1571726364259,671.5099958057541,788.094829885275,720.6327521549366,663.0024302070791,776.9684398507219,2021-10-21 19:00:00+00:00,> 15,TP
39,2021-10-21 19:15:00+00:00,917.8043820797524,851.4297326550485,983.9139815838838,11.27,,,1,8.0,218645.0,True,True,927.8636351745341,862.1239367381486,992.2717387095381,931.7173379975826,864.4156757200559,997.3694035029165,2021-10-21 19:15:00+00:00,< 15,TP
40,2021-10-21 19:30:00+00:00,813.8697837861783,752.309194156265,876.3255670018499,,,,1,8.0,218645.0,True,True,764.3679649523236,704.3363292735825,823.767199973992,770.7942050833075,711.4308718781589,830.4385714280921,,< 10,ER
41,2021-10-21 19:45:00+00:00,0.0,0.0,0.0,67.7,,,1,0.5,21175085.0,True,False,0.0,0.0,0.0,0.0,0.0,0.0,2021-10-21 19:45:00+00:00,< 10,FP
42,2021-10-21 20:00:00+00:00,11.425456006738296,11.348839126637415,11.473501876852305,0,,,1,0.5,21175085.0,True,True,19.790509246715203,19.65852062542002,19.87446211678973,15.550619884834026,15.446616468482137,15.616291769099965,2021-10-21 20:00:00+00:00,< 10,FN
43,2021-10-21 20:15:00+00:00,12.029122211156878,11.948480881757943,12.07973047222168,0,,,1,0.5,21175085.0,True,True,5.065710976100061,5.031459803823545,5.086728506616954,8.081600491680286,8.02801350155739,8.116198225184093,2021-10-21 20:15:00+00:00,< 10,FN
44,2021-10-21 20:30:00+00:00,19.30540571551207,19.176632725689863,19.38728085883982,0,,,1,0.5,21175085.0,False,True,23.914123673653524,23.754330945604778,24.0152633803807,23.280593910061896,23.125221992638483,23.37924390102607,2021-10-21 20:30:00+00:00,< 5,NE
45,2021-10-21 20:45:00+00:00,28.938144560824277,28.746014176473395,29.06177838327621,0,,,1,0.5,21175085.0,True,True,28.598404073915322,28.407752269056854,28.719800795409792,28.842652629021917,28.654020680814106,28.968774373498,2021-10-21 20:45:00+00:00,> 15,FN
46,2021-10-21 21:00:00+00:00,0.0,0.0,0.0,0,,,1,0.5,21175085.0,True,False,0.0,0.0,0.0,0.0,0.0,0.0,2021-10-21 21:00:00+00:00,> 15,TN
47,2021-10-22 16:45:00+00:00,0.6832921463528312,-8.736275847424183,10.367141789580229,749.76,,,1,4.0,218645.0,True,True,-2.3682432051005646,-12.04211642143758,7.249368545242706,-0.5924844645651578,-10.238264260401534,8.95572724510158,2021-10-22 16:45:00+00:00,> 15,FP
48,2021-10-22 17:00:00+00:00,-2.246139476556863,-11.728786347546663,7.184412753761258,757.48,,,1,4.0,218645.0,True,True,-2.220429978746717,-11.745259072316658,7.346892015133881,-2.297262012793784,-11.6398880597284,7.139314850123606,2021-10-22 17:00:00+00:00,> 15,FP
49,2021-10-22 17:15:00+00:00,-2.2891464687960212,-11.704371386916248,7.235413734344506,0,,,1,4.0,218645.0,True,True,-2.1832978839258637,-11.740764409450744,7.263887938913698,-2.125070361993176,-11.59381581348353,7.267898697050391,2021-10-22 17:15:00+00:00,> 15,TN
50,2021-10-22 17:30:00+00:00,-2.2385038714523366,-11.890390856220144,7.523319311557564,686.69,,,1,4.0,218645.0,True,True,-2.3329865312437095,-11.648942525940086,7.153136262654596,-2.1917069340912416,-11.781108322730677,7.224659337393692,2021-10-22 17:30:00+00:00,> 15,FP
51,2021-10-22 17:45:00+00:00,256.8442885686271,238.89870138011213,275.00994225076755,0,,,1,4.0,218645.0,True,True,775.076929519941,731.4657858206059,818.8473117201951,386.3897303667751,362.04363514141727,410.74530401666055,2021-10-22 17:45:00+00:00,> 15,FN
52,2021-10-22 18:00:00+00:00,915.1558836746095,864.382552847181,967.3332177423883,,,,1,4.0,218645.0,True,True,931.8004723184429,879.9553234068053,984.6226880555588,941.6605835356189,889.7391224146276,995.0848673268852,,< 10,ER
53,2021-10-22 18:15:00+00:00,1166.7363615487743,1102.9499545070673,1232.5699114341714,,,,1,4.0,218645.0,True,True,1249.9947886689915,1181.744819701398,1319.1317527569747,1269.7390853000172,1200.2874461862912,1341.7813839473672,,< 15,ER
54,2021-10-22 18:30:00+00:00,1682.94288077864,1591.4814479130564,1776.2607087529689,417.7,,,1,4.0,218645.0,True,True,1707.3190348727464,1613.0474566652354,1801.5112598749577,1731.3065950942516,1637.1253782606539,1830.8812424054238,2021-10-22 18:30:00+00:00,< 15,TP
55,2021-10-22 18:45:00+00:00,1514.3247766099312,1431.2915877393027,1598.278466169898,,,,1,4.0,218645.0,True,True,1031.5441940824633,974.6713689384987,1090.1748864901167,1432.4140240815627,1354.2696700161325,1511.349916855991,,< 5,ER
56,2021-10-22 19:00:00+00:00,533.9751869987218,502.8400081882624,565.2610382355633,,,,1,4.0,218645.0,True,True,936.2050740506597,883.2767703132363,987.8524481532796,643.09069341649,605.6752871005755,679.9903827922915,,< 5,ER
57,2021-10-22 19:15:00+00:00,1118.289949468882,1056.7253680708932,1180.9991142870128,0,,,1,4.0,218645.0,False,True,1203.8241706442561,1137.5501229471188,1271.0849633872149,1179.8516383550632,1115.304942408915,1247.493516376074,2021-10-22 19:15:00+00:00,< 5,NE
58,2021-10-22 19:30:00+00:00,909.259159600148,857.6425504295443,960.8990890607496,0,,,1,4.0,218645.0,True,True,613.301148721022,578.4197918652928,648.8174897906928,812.5592685860935,766.0723914137882,859.0726673674375,2021-10-22 19:30:00+00:00,< 10,FN
59,2021-10-22 19:45:00+00:00,674.7921941992955,636.5195477971018,713.2865975263682,0,,,1,4.0,218645.0,True,True,687.0087155414695,647.1691238421646,726.2261304031281,681.1095799391949,642.7005491102667,719.9258447203471,2021-10-22 19:45:00+00:00,> 15,FN
60,2021-10-22 20:00:00+00:00,819.6556550068022,773.0501031686528,865.2403994833161,58.17,,,1,4.0,218645.0,True,True,825.1635377516883,777.9926440583063,871.8448578658565,824.6161242929628,778.69987766845,871.9878992647676,2021-10-22 20:00:00+00:00,< 15,TP
61,2021-10-22 20:15:00+00:00,390.82945050138284,366.38684376838773,415.1580601756701,0.35,,,1,4.0,218645.0,True,True,272.10118614706386,253.8110782517372,290.5415956335833,271.29397183085587,252.8534089890846,289.77276701652755,2021-10-22 20:15:00+00:00,< 15,TP
62,2021-10-22 20:30:00+00:00,378.95323181049434,355.4777699066988,402.200038863283,0,,,1,4.0,218645.0,True,True,542.7291776454607,511.0211969502271,574.253762868451,428.4121437091026,402.5623635518546,454.40679329462404,2021-10-22 20:30:00+00:00,< 5,FN
63,2021-10-22 20:45:00+00:00,521.9717670896721,491.3980430758384,552.7046559746424,0,,,1,4.0,218645.0,True,True,514.2369834851768,483.80744099040675,544.8858490677826,518.8658957713426,488.0520064874443,549.9585771978685,2021-10-22 20:45:00+00:00,> 15,FN
64,2021-10-22 21:00:00+00:00,455.4314475949026,428.23949660338303,482.8649306084339,0,,,1,4.0,218645.0,True,False,356.38505155450946,334.0963080868598,378.85387882564265,429.8520260217266,403.57312393698885,455.92807594222216,2021-10-22 21:00:00+00:00,< 5,FN
65,2021-10-23 18:15:00+00:00,-7.453071595720329,-44.64918710198249,29.118928486457623,0.22,,,1,8.0,218645.0,False,True,-7.809965866948383,-45.66233535864462,29.832396477960028,-7.558405648581527,-44.75691101336685,29.47351430395546,2021-10-23 18:15:00+00:00,> 15,NE
66,2021-10-23 18:30:00+00:00,1502.2619086961884,1409.7275092320895,1594.0362062290696,0,,,1,8.0,218645.0,True,True,3972.335892145962,3756.302409334204,4194.779197889089,2145.6727728267338,2019.6065531226352,2271.3307848903255,2021-10-23 18:30:00+00:00,< 5,FN
67,2021-10-23 18:45:00+00:00,4011.936531715502,3792.8815838172336,4239.8324753366915,0,,,1,8.0,218645.0,True,True,3983.321106782231,3766.6864025463883,4199.4938753455735,3979.6933994344204,3764.7893495398152,4202.578404053757,2021-10-23 18:45:00+00:00,> 15,FN
68,2021-10-24 17:15:00+00:00,21.18283308291234,-16.890414775344873,58.945554009531676,474.7,,,1,8.0,218645.0,True,True,86.40207692235869,48.81331025160329,124.33069634869028,37.091880376865824,-1.3941626531098512,75.98427172509464,2021-10-24 17:15:00+00:00,> 15,FP
69,2021-10-24 17:30:00+00:00,3138.004541640502,2960.664008967789,3314.005369054498,205.6,,,1,8.0,218645.0,True,True,4238.422717922765,4006.1907178958986,4472.9530559676405,4199.56597128348,3969.102406202073,4432.377576868512,2021-10-24 17:30:00+00:00,< 15,TP
70,2021-10-24 17:45:00+00:00,0.0,0.0,0.0,0.86,,,1,8.0,218645.0,True,False,0.0,0.0,0.0,0.0,0.0,0.0,2021-10-24 17:45:00+00:00,> 15,FP
71,2021-10-24 18:00:00+00:00,0.0,0.0,0.0,0,,,1,8.0,218645.0,True,False,0.0,0.0,0.0,0.0,0.0,0.0,2021-10-24 18:00:00+00:00,> 15,TN
72,2021-10-24 18:15:00+00:00,1448.6538744208444,1359.0962646106625,1538.9464008459388,0,,,1,8.0,218645.0,True,True,3933.7636957452332,3715.3983108477664,4156.381619329119,2180.1432203872096,2052.097030055497,2309.013766938929,2021-10-24 18:15:00+00:00,< 5,FN
73,2021-10-24 18:30:00+00:00,3995.313242423422,3778.129189683153,4218.270421132972,0,,,1,8.0,218645.0,True,False,4073.434685529352,3848.5641175046026,4302.633485755006,4036.461769203776,3818.923570346958,4260.955699533531,2021-10-24 18:30:00+00:00,> 15,FN
74,2021-10-25 17:15:00+00:00,1.6295151456400423,-199.871281689226,207.4497794031618,0,,,1,2.0,218645.0,True,True,23.595798441185877,-571.8589191557346,616.2191552295602,7.963080576668654,-336.0751576255399,364.8582073347021,2021-10-25 17:15:00+00:00,< 5,FN
75,2021-10-25 17:30:00+00:00,185.74093775152772,175.23525875590013,196.08905954044198,0,,,1,2.0,218645.0,True,False,160.12335709208915,150.937643994635,169.26636014815315,178.76955270860438,168.60704005210522,189.01558165316146,2021-10-25 17:30:00+00:00,> 15,TN
76,2021-10-25 17:45:00+00:00,39.302699875426164,35.820611359554945,42.819760975457015,0,,,1,2.0,218645.0,False,False,10.326734294833274,7.673179463473753,12.91896364839934,59.19625842876316,54.861166175178106,63.50364474995607,2021-10-25 17:45:00+00:00,> 15,NE
77,2021-10-27 18:00:00+00:00,14.784331616103588,-22.837516378201936,51.9131658870554,0,,,1,8.0,218645.0,False,True,70.08647353215427,31.74697210233855,109.44456836856497,29.099177845538506,-7.893241682262689,67.09709829839908,2021-10-27 18:00:00+00:00,> 15,NE
78,2021-10-27 18:15:00+00:00,612.6401341266793,559.0160437872157,665.6549373609672,1.47,,,1,8.0,218645.0,True,True,1840.3232012341753,1730.348500508624,1952.4214043397526,913.8352354534007,849.3267088788255,979.1433158704434,2021-10-27 18:15:00+00:00,< 5,TP
79,2021-10-27 18:30:00+00:00,3466.7128128007093,3268.9315020510403,3660.3490284355935,2.94,,,1,8.0,218645.0,True,True,3405.806951630206,3218.0019949645966,3596.1815062236533,3435.459605442451,3243.054813074444,3629.5245741109356,2021-10-27 18:30:00+00:00,> 15,TP
80,2021-10-27 18:45:00+00:00,2445.7526122508198,2304.2144084569372,2590.406276513421,,,,1,8.0,218645.0,True,True,386.5843353971197,339.81442113271027,432.7347084007039,1917.6675900337436,1802.5909679011095,2034.0674770160308,,> 15,ER
81,2021-10-27 19:00:00+00:00,-12.901716131035148,-50.403986275560136,24.42247708306016,,,,1,8.0,218645.0,True,True,-12.719147754305677,-50.1443587218529,24.554603966909472,-12.432707659289674,-50.24269127521262,25.049312830017744,,> 15,ER
82,2021-10-27 19:15:00+00:00,158.60401546127028,118.66828353423864,198.0613979234418,0,,,1,8.0,218645.0,True,True,-12.429639615338928,-49.849026189921105,25.365395431600327,244.54214141317004,203.43913248266202,285.87555263210044,2021-10-27 19:15:00+00:00,> 15,TN
83,2021-10-28 17:15:00+00:00,73.80940101361792,36.5524504394393,112.65200380764803,229.93,,,1,8.0,218645.0,True,True,52.17554928120981,13.455999339197914,91.11465893832002,19.705214273041516,-17.313165840066958,58.176566175125394,2021-10-28 17:15:00+00:00,> 15,TP
84,2021-10-28 17:30:00+00:00,56.30464594339914,17.721191001479983,94.49824901363317,0.08,,,1,8.0,218645.0,True,True,-11.049433443909551,-48.56576524356554,27.214203288391523,39.29605903422202,1.8213535179057214,77.01385856595024,2021-10-28 17:30:00+00:00,> 15,FP
85,2021-10-28 17:45:00+00:00,-12.773916988155264,-50.484327573042,24.72139046204003,0,,,1,8.0,218645.0,True,True,-12.493644014950714,-49.22583761155129,25.465791868499483,-12.834208076885563,-50.266068289847034,24.827236406151606,2021-10-28 17:45:00+00:00,> 15,TN
86,2021-10-28 18:00:00+00:00,-12.873577610898161,-50.20255977644857,24.216099164770963,0,,,1,8.0,218645.0,True,True,-12.628661468810575,-50.4920240038371,24.364344775048487,-12.369047092148435,-49.61601484827438,25.011973530859073,2021-10-28 18:00:00+00:00,> 15,TN
87,2021-10-28 18:15:00+00:00,1907.458856752216,1792.696193256507,2021.834533140909,,,,1,8.0,218645.0,True,True,2068.218303711651,1945.7563441722737,2189.9296317219228,2034.9463940737455,1913.3752779514268,2156.264468466899,,< 10,ER
88,2021-10-29 17:45:00+00:00,96.07771502694628,57.82926096894906,134.67956082415418,0,,,1,8.0,218645.0,True,True,-4.723533346901069,-42.29219945475123,32.128048097043965,-6.728055103942332,-44.06965259210115,30.880634485170265,2021-10-29 17:45:00+00:00,> 15,TN
89,2021-10-29 18:00:00+00:00,-4.80037206154098,-43.22267689843712,32.348324418458404,0,,,1,8.0,218645.0,True,True,-4.608054739275031,-42.14319097111296,33.471934476312164,-4.849666067169286,-42.18511406531962,33.410849400687,2021-10-29 18:00:00+00:00,> 15,TN
90,2021-10-29 18:15:00+00:00,1714.3238021294187,1610.882940074053,1818.5233900445485,0,,,1,8.0,218645.0,True,True,4141.739202060568,3916.213325736683,4376.315791765846,2494.1225598512447,2351.971094333128,2637.4254800927833,2021-10-29 18:15:00+00:00,< 10,FN
91,2021-10-29 18:30:00+00:00,4881.336329955169,4616.686790165269,5150.369531985609,0,,,1,8.0,218645.0,True,True,5151.304310070891,4866.610935633578,5432.704230372371,5090.658748500432,4812.124993831317,5378.208383021579,2021-10-29 18:30:00+00:00,> 15,FN
92,2021-10-29 18:45:00+00:00,112.11283010000022,72.76842064481274,150.9778982003947,0,,,1,8.0,218645.0,True,True,-4.876271445260572,-42.57704869008385,32.87385804373428,5.022498795209341,-32.55482615922556,42.899565670906185,2021-10-29 18:45:00+00:00,> 15,TN
93,2021-10-29 19:00:00+00:00,-5.070531850485678,-42.634370227112846,32.5401041051206,,,,1,8.0,218645.0,True,True,-5.252986090716879,-43.07412572588837,30.994196659739544,-4.903842968230174,-42.953079343357,32.02008481088568,,> 15,ER
94,2021-10-29 19:15:00+00:00,-4.773724907328053,-42.01861658194629,32.65344434979667,0,,,1,8.0,218645.0,True,True,-4.620033282872687,-41.654304516777486,32.40028810797056,-4.662571952854799,-42.79175112385928,33.385118744631555,2021-10-29 19:15:00+00:00,> 15,TN
95,2021-10-29 19:30:00+00:00,-4.8925716242119295,-42.31805848212701,32.722809945423414,0,,,1,8.0,218645.0,True,True,-4.734145946870615,-41.31668823665807,32.43940656773402,-5.020685284878739,-42.230072179994536,32.98187962532649,2021-10-29 19:30:00+00:00,> 15,TN
96,2021-11-02 18:15:00+00:00,45.4745281566595,35.39003832123266,55.656107181923986,,,,1,4.0,218645.0,False,False,146.30743620178265,133.25779842099152,159.42210758801826,70.72828805695056,59.96427257847678,81.51907791123212,,< 5,NE
97,2021-11-02 18:30:00+00:00,1034.418740234213,977.1756653887509,1090.4594989005898,,,,1,4.0,218645.0,True,True,1115.9644127634401,1055.339960024506,1179.5361675106644,1050.9551349790074,992.3596738140244,1109.4100043973622,,> 15,ER
98,2021-11-02 18:45:00+00:00,,,,,,,1,4.0,218645.0,True,True,,,,,,,,> 15,ER
99,2021-11-03 17:00:00+00:00,0.0,0.0,0.0,0,,,1,2.0,218645.0,False,False,0.0,0.0,0.0,0.0,0.0,0.0,2021-11-03 17:00:00+00:00,> 15,NE
100,2021-11-03 17:15:00+00:00,56.629050842944814,52.43362667879242,60.91381356528431,381.14,,,1,2.0,218645.0,False,True,114.20728377292173,107.23144721592298,121.12924578622882,85.06872443397096,79.5895387164254,90.77305516317413,2021-11-03 17:15:00+00:00,> 15,NE
101,2021-11-03 17:30:00+00:00,109.61743053054386,102.95864157451877,116.19750594682196,315.17,,,1,2.0,218645.0,False,False,99.53463720101435,93.23948272019418,105.67131385253485,107.33194002668827,100.8407400997342,113.80766586236157,2021-11-03 17:30:00+00:00,> 15,NE
102,2021-11-03 17:45:00+00:00,121.59092974227481,110.9059737106152,132.54137299663242,148.12,,,1,4.0,308188.0,True,True,201.94373030504804,188.0077916625606,216.19704350112292,135.6742940247012,124.38305227708999,146.95824753898495,2021-11-03 17:45:00+00:00,< 10,TP
103,2021-11-03 18:00:00+00:00,201.80692661927176,187.68072926211514,215.81900737099429,213.46,,,1,4.0,308188.0,True,True,200.68477100761174,186.55870389842644,214.67056422065068,201.27221114162137,187.16294023395332,215.22140208237983,2021-11-03 18:00:00+00:00,> 15,TP
104,2021-11-03 18:15:00+00:00,465.7592208962921,439.05356406623105,492.6802005341208,,,,1,4.0,308188.0,True,True,998.4744345703618,943.8994615728524,1054.6508490243868,598.4436504708567,564.8500849840092,632.3950473319983,,< 5,ER
105,2021-11-03 18:30:00+00:00,1392.6781322514928,1317.060214279624,1473.494735958234,,,,1,4.0,308188.0,True,True,1381.1864461755308,1305.9588952082631,1458.7728578789772,1385.6285283276343,1310.4353706542347,1463.958611269551,,> 15,ER
106,2021-11-03 18:45:00+00:00,468.7874958918117,441.1606300451923,495.9630898976413,205.83,,,1,4.0,308188.0,True,True,387.1098764255949,364.0513249388023,410.28740119360714,346.7596898954927,326.2550944956141,368.03040321235136,2021-11-03 18:45:00+00:00,< 10,TP
107,2021-11-03 19:00:00+00:00,390.3766403690204,367.0733655386508,413.25407524746095,323.61,,,1,4.0,308188.0,True,True,386.151393015663,363.41549873547496,409.08108103353266,389.45824158313764,366.7140697132818,412.4399694727527,2021-11-03 19:00:00+00:00,> 15,TP
108,2021-11-03 19:15:00+00:00,497.57519351977396,469.3711618827669,526.3540912682396,229.71,,,1,4.0,308188.0,True,True,525.3415173409566,494.8377016657535,555.3446633723571,527.9756495199365,497.5168182255284,558.569887722622,2021-11-03 19:15:00+00:00,< 15,TP
109,2021-11-03 19:30:00+00:00,382.1809633166128,359.3827680223328,404.6236296682072,,,,1,4.0,308188.0,True,True,319.254769537983,299.953315442306,338.927535932221,317.71973586129917,297.6988263983202,337.3480173703608,,< 15,ER
110,2021-11-03 19:45:00+00:00,316.0973537292042,296.4039538270833,335.4234674372333,67.1,,,1,4.0,308188.0,True,True,317.4929221208431,298.355233811228,336.8393688605936,314.04503537048055,294.4221848303936,333.48042129143255,2021-11-03 19:45:00+00:00,> 15,TP
111,2021-11-03 20:00:00+00:00,558.5904525673261,526.4674439141389,590.1749659661012,61.85,,,1,4.0,308188.0,True,True,787.1799235244165,744.4562913410196,830.4754887859241,678.0109384596452,640.0182940627827,715.2282836803779,2021-11-03 20:00:00+00:00,< 10,TP
112,2021-11-03 20:15:00+00:00,698.2240675564854,659.3608991968346,737.3003444907204,,,,1,4.0,308188.0,True,True,601.424128359958,568.0426749527372,635.5003551570704,662.5544662518183,625.2848296981754,700.3171376592364,,< 10,ER
113,2021-11-03 20:30:00+00:00,560.1928983071658,528.1494333422527,591.9804788059007,0,,,1,4.0,308188.0,False,True,482.6590026751169,454.9931971417431,510.54500418466444,540.3621652932857,508.82849525087505,571.8944265529118,2021-11-03 20:30:00+00:00,< 5,NE
114,2021-11-03 20:45:00+00:00,167.86774780206648,155.12660327164537,180.26570493337493,,,,1,4.0,308188.0,True,True,168.820089743591,156.3711019359774,181.47897408161145,168.47648365254543,156.13859710908514,181.16659652713813,,> 15,ER
115,2021-11-03 21:00:00+00:00,170.6508770673994,158.00818848678767,182.96659409364574,,,,1,4.0,308188.0,True,True,171.30361336657623,159.00308500419212,183.93392705143208,170.86367937781628,158.32530113136028,183.4189652261099,,> 15,ER
116,2021-11-03 21:15:00+00:00,415.80272282666203,391.467296899316,440.3393360009207,0,,,1,4.0,308188.0,True,True,417.8219256210525,393.080484306484,442.43307879073404,420.2993800278945,395.5661380967811,445.07688745809617,2021-11-03 21:15:00+00:00,< 15,FN
117,2021-11-03 21:30:00+00:00,412.98043780109964,388.8187962002715,437.2051555874038,,,,1,4.0,308188.0,False,False,413.8394120588211,389.19305253246296,438.16486032193876,412.8409169544307,388.22104287589104,436.61908888047753,,< 5,NE
118,2021-11-04 16:45:00+00:00,0.0,0.0,0.0,,,,1,4.0,308188.0,True,False,0.0,0.0,0.0,0.0,0.0,0.0,,> 15,ER
119,2021-11-04 17:00:00+00:00,348.80086968281233,327.71068741330924,369.88107236634664,,,,1,4.0,308188.0,True,True,542.5563260417864,511.7007485736499,573.1258543630071,524.9661685514594,494.06768897681394,555.0719078680451,,< 10,ER
120,2021-11-04 17:15:00+00:00,558.6763872303405,527.0603493196478,590.9188037582508,,,,1,4.0,308188.0,False,True,627.3349607729689,592.4671658203916,662.5732566161815,572.8909768961945,540.6373382824451,605.3373799280542,,< 5,NE
121,2021-11-04 17:30:00+00:00,1084.3135124410544,1024.7669972335177,1145.5610329289227,113.29,,,1,4.0,308188.0,True,True,1073.4336181690294,1015.0904038342138,1131.8019107186524,1077.0988922769566,1019.267178137518,1139.579643318569,2021-11-04 17:30:00+00:00,> 15,TP
122,2021-11-04 17:45:00+00:00,696.8647163027197,657.7993760340514,736.4055948375128,372.59,,,1,4.0,308188.0,True,True,647.7524154329044,611.2739781116434,684.0628546636665,648.6927755822467,612.2583399968958,685.569317620965,2021-11-04 17:45:00+00:00,< 15,TP
123,2021-11-04 18:00:00+00:00,413.016779330266,388.9474889215178,437.08625391059917,72.46,,,1,4.0,308188.0,True,True,159.76629850219138,147.8107838351328,172.0473680631102,296.4502010436162,277.91676082832436,315.19619294304255,2021-11-04 18:00:00+00:00,< 10,TP
124,2021-11-04 18:15:00+00:00,171.41256055303361,158.88500419231605,184.0076979616837,0,,,1,4.0,308188.0,True,True,188.61106568436276,175.13810165776908,202.01295735536743,176.36076953241746,163.50747240009724,189.0108047168343,2021-11-04 18:15:00+00:00,< 5,FN
125,2021-11-04 18:30:00+00:00,250.56622737550066,234.49643283785056,266.65579764362127,0,,,1,4.0,308188.0,True,True,250.37048717054807,234.23193434508786,266.79853299811504,250.44545912586753,233.9852406415158,266.8944417350752,2021-11-04 18:30:00+00:00,> 15,FN
126,2021-11-04 18:45:00+00:00,441.1278772800583,415.23549883860994,467.2487606784806,,,,1,4.0,308188.0,True,True,733.249677334698,692.68729637378,774.1610913924711,537.1173540450953,506.7981268857628,567.6491677108036,,< 5,ER
127,2021-11-04 19:00:00+00:00,605.5620149616616,571.795630221886,640.019780007265,,,,1,4.0,308188.0,True,True,370.70958293839584,348.17229942249725,393.20646250346164,543.5627008598535,512.6987987094964,574.7175358034169,,< 5,ER
128,2021-11-04 19:15:00+00:00,349.1366673573683,328.3154507766447,370.2926725047343,186.33,,,1,4.0,308188.0,True,True,342.29439604343764,321.5031446354361,363.16611529323535,345.78919203953353,324.6320993119774,366.7184417971373,2021-11-04 19:15:00+00:00,> 15,TP
129,2021-11-04 19:30:00+00:00,43.26161343763644,-4511.109002394401,4512.402190896943,,,,1,0.5,21175085.0,True,True,96.84594914368736,-1683.429043717339,1867.077668758256,72.27696606001636,-3722.9582812650597,3778.8579631542807,,< 5,ER
130,2021-11-04 19:45:00+00:00,1.2925048527294727,-62.347794799664676,65.43634906028997,,,,1,0.5,21175085.0,True,True,2.522282137665472,-41.38402524104202,45.539238104416754,1.3145336736008453,-57.44584232498662,61.605151931047125,,> 15,ER
131,2021-11-04 20:00:00+00:00,0.0,0.0,0.0,2.46,,,1,0.5,21175085.0,True,False,0.0,0.0,0.0,0.0,0.0,0.0,2021-11-04 20:00:00+00:00,< 5,FP
132,2021-11-04 20:15:00+00:00,14.799976989438075,14.701285670405882,14.862773791165823,0,,,1,0.5,21175085.0,True,True,31.581642587159678,31.37096264221483,31.715560925460196,20.611467741623816,20.475060584714637,20.699971461926395,2021-11-04 20:15:00+00:00,< 10,FN
133,2021-11-04 20:30:00+00:00,244.29983076278,228.30841307427235,260.2446185154201,,,,1,4.0,308188.0,True,True,665.2496330147783,628.8292433865637,702.4005951470533,350.81169054872873,329.68348196943526,371.8643691264469,,< 5,ER
134,2021-11-04 20:45:00+00:00,1091.8286893140128,1031.400049539776,1153.722886849467,0,,,1,4.0,308188.0,True,True,1175.4942388903173,1111.4438195344042,1242.6355039540065,1183.1308235603358,1118.5629088646815,1249.6207601891867,2021-11-04 20:45:00+00:00,< 15,FN
135,2021-11-04 21:00:00+00:00,0.0,0.0,0.0,,,,1,4.0,308188.0,True,False,0.0,0.0,0.0,0.0,0.0,0.0,,< 10,ER
136,2021-11-04 21:15:00+00:00,0.0,0.0,0.0,0,,,1,4.0,308188.0,True,False,0.0,0.0,0.0,0.0,0.0,0.0,2021-11-04 21:15:00+00:00,> 15,TN
137,2021-11-04 21:30:00+00:00,0.0,0.0,0.0,0,,,1,4.0,308188.0,True,False,0.0,0.0,0.0,0.0,0.0,0.0,2021-11-04 21:30:00+00:00,> 15,TN
