time,flow_scfh
10/16/2021 16:50:54,0
10/16/2021 16:50:55,0
10/16/2021 16:50:56,2698.13
10/16/2021 16:50:57,8698.13
10/16/2021 16:50:58,19948.92
10/16/2021 16:50:59,27914.1
10/16/2021 16:51:00,32514.67
10/16/2021 16:51:01,39181.21
10/16/2021 16:51:02,40344.11
10/16/2021 16:51:03,41201.62
10/16/2021 16:51:04,41972.88
10/16/2021 16:51:05,42525.1
10/16/2021 16:51:06,43160.35
10/16/2021 16:51:07,43186.35
10/16/2021 16:51:08,43120.09
10/16/2021 16:51:09,43237.52
10/16/2021 16:51:10,43489.45
10/16/2021 16:51:11,43148.15
10/16/2021 16:51:12,42930.7
10/16/2021 16:51:13,42880.68
10/16/2021 16:51:14,43141.34
10/16/2021 16:51:15,42902.01
10/16/2021 16:51:16,42793.1
10/16/2021 16:51:17,42519.82
10/16/2021 16:51:18,42885.36
10/16/2021 16:51:19,42882.34
10/16/2021 16:51:20,42497.7
10/16/2021 16:51:21,42617.64
10/16/2021 16:51:22,42574.22
10/16/2021 16:51:23,42973.57
10/16/2021 16:51:24,43087.84
10/16/2021 16:51:25,43119.55
10/16/2021 16:51:26,43124.72
10/16/2021 16:51:27,43189.08
10/16/2021 16:51:28,43158.13
10/16/2021 16:51:29,43378.43
10/16/2021 16:51:30,42488.18
10/16/2021 16:51:31,42673.95
10/16/2021 16:51:32,42818.3
10/16/2021 16:51:33,42564.98
10/16/2021 16:51:34,42688.61
10/16/2021 16:51:35,42829.3
10/16/2021 16:51:36,43063.25
10/16/2021 16:51:38,43143.31
10/16/2021 16:51:39,43389.93
10/16/2021 16:51:40,48577.51
10/16/2021 16:51:42,63057.93
10/16/2021 16:51:43,65801.22
10/16/2021 16:51:44,67578.81
10/16/2021 16:51:45,68997.91
10/16/2021 16:51:46,69899.81
10/16/2021 16:51:47,69971.41
10/16/2021 16:51:48,70143
10/16/2021 16:51:49,70340.91
10/16/2021 16:51:50,70354.95
10/16/2021 16:51:51,70883.3
10/16/2021 16:51:52,70901.46
10/16/2021 16:51:53,70884.16
10/16/2021 16:51:54,70768.29
10/16/2021 16:51:55,71532.64
10/16/2021 16:51:56,73219.47
10/16/2021 16:51:57,91631.14
10/16/2021 16:51:58,108105.2
10/16/2021 16:51:59,120970
10/16/2021 16:52:00,133641.5
10/16/2021 16:52:01,136528.9
10/16/2021 16:52:02,137899.1
10/16/2021 16:52:03,139528
10/16/2021 16:52:04,140630
10/16/2021 16:52:05,141512.3
10/16/2021 16:52:06,141371.4
10/16/2021 16:52:07,140815.7
10/16/2021 16:52:08,141113.5
10/16/2021 16:52:09,141558.4
10/16/2021 16:52:10,141735.1
10/16/2021 16:52:11,140745.6
10/16/2021 16:52:12,140297
10/16/2021 16:52:13,140578.3
10/16/2021 16:52:14,142140.7
10/16/2021 16:52:15,142061.5
10/16/2021 16:52:16,140634.3
10/16/2021 16:52:17,140968.8
10/16/2021 16:52:18,141708.5
10/16/2021 16:52:19,141968.3
10/16/2021 16:52:20,140894.7
10/16/2021 16:52:21,140224.3
10/16/2021 16:52:22,141122.8
10/16/2021 16:52:23,142728
10/16/2021 16:52:24,142727.1
10/16/2021 16:52:25,141282
10/16/2021 16:52:26,140521.1
10/16/2021 16:52:27,140541.6
10/16/2021 16:52:28,141596.9
10/16/2021 16:52:29,141827.2
10/16/2021 16:52:30,139710.7
10/16/2021 16:52:31,149234.5
10/16/2021 16:52:32,139950.2
10/16/2021 16:52:33,139679.9
10/16/2021 16:52:34,141351.5
10/16/2021 16:52:35,140914.7
10/16/2021 16:52:36,149241.2
10/16/2021 16:52:37,140536.9
10/16/2021 16:52:38,139475
10/16/2021 16:52:39,141099.6
10/16/2021 16:52:40,141656
10/16/2021 16:52:41,139053.3
10/16/2021 16:52:42,140546
10/16/2021 16:52:43,140937.3
10/16/2021 16:52:44,148582.3
10/16/2021 16:52:45,141558
10/16/2021 16:52:46,140004.8
10/16/2021 16:52:47,141127.9
10/16/2021 16:52:48,141557.8
10/16/2021 16:52:49,140492.3
10/16/2021 16:52:50,140492
10/16/2021 16:52:51,140251.8
10/16/2021 16:52:52,139540.8
10/16/2021 16:52:53,140151.6
10/16/2021 16:52:54,140275.4
10/16/2021 16:52:55,141435.4
10/16/2021 16:52:56,142072.9
10/16/2021 16:52:57,139793.7
10/16/2021 16:52:58,139253.5
10/16/2021 16:52:59,140057.2
10/16/2021 16:53:00,140057.2
10/16/2021 16:53:01,140197.4
10/16/2021 16:53:02,140456.4
10/16/2021 16:53:03,139895.8
10/16/2021 16:53:04,140778.6
10/16/2021 16:53:05,139509.5
10/16/2021 16:53:06,139477.5
10/16/2021 16:53:07,110237.8
10/16/2021 16:53:08,139134.2
10/16/2021 16:53:09,140665.9
10/16/2021 16:53:10,140454.6
10/16/2021 16:53:11,138972.4
10/16/2021 16:53:12,139275.8
10/16/2021 16:53:13,139624.4
10/16/2021 16:53:14,141115.8
10/16/2021 16:53:15,141246.3
10/16/2021 16:53:17,138679
10/16/2021 16:53:18,138757.7
10/16/2021 16:53:19,139235.3
10/16/2021 16:53:20,140716.9
10/16/2021 16:53:21,138456.8
10/16/2021 16:53:22,138518.1
10/16/2021 16:53:23,138848.1
10/16/2021 16:53:24,138305
10/16/2021 16:53:25,140077.5
10/16/2021 16:53:26,139562
10/16/2021 16:53:27,139020.7
10/16/2021 16:53:28,139556.6
10/16/2021 16:53:29,139384.2
10/16/2021 16:53:30,19333.9
10/16/2021 16:53:31,139690.2
10/16/2021 16:53:32,137210.3
10/16/2021 16:53:33,137955.3
10/16/2021 16:53:34,138493.8
10/16/2021 16:53:35,140262.6
10/16/2021 16:53:36,140434.5
10/16/2021 16:53:37,138025.8
10/16/2021 16:53:38,137344.6
10/16/2021 16:53:40,138709.3
10/16/2021 16:53:41,140409.3
10/16/2021 16:53:42,139220.5
10/16/2021 16:53:43,137721.6
10/16/2021 16:53:44,138595.6
10/16/2021 16:53:45,138730.3
10/16/2021 16:53:46,139698.1
10/16/2021 16:53:47,139668.4
10/16/2021 16:53:48,138221.6
10/16/2021 16:53:49,138889.9
10/16/2021 16:53:50,139009.5
10/16/2021 16:53:51,139911.5
10/16/2021 16:53:52,139007.5
10/16/2021 16:53:53,139581.7
10/16/2021 16:53:54,138708.8
10/16/2021 16:53:55,137755.1
10/16/2021 16:53:56,138055
10/16/2021 16:53:58,139363.8
10/16/2021 16:53:59,137985.1
10/16/2021 16:54:00,137081.2
10/16/2021 16:54:01,137399.2
10/16/2021 16:54:02,137395.4
10/16/2021 16:54:03,139291.6
10/16/2021 16:54:04,138986.3
10/16/2021 16:54:05,137974.5
10/16/2021 16:54:06,138192.6
10/16/2021 16:54:07,138291.3
10/16/2021 16:54:08,138942.5
10/16/2021 16:54:09,138922.4
10/16/2021 16:54:11,138166
10/16/2021 16:54:12,138138.7
10/16/2021 16:54:13,138115.1
10/16/2021 16:54:14,138774.8
10/16/2021 16:54:15,138064.6
10/16/2021 16:54:16,136927.5
10/16/2021 16:54:17,137439.9
10/16/2021 16:54:18,137768.9
10/16/2021 16:54:19,138302.9
10/16/2021 16:54:20,137369.2
10/16/2021 16:54:21,136835.9
10/16/2021 16:54:22,137077.5
10/16/2021 16:54:23,137275.5
10/16/2021 16:54:24,137761.6
10/16/2021 16:54:25,137830.1
10/16/2021 16:54:26,138450
10/16/2021 16:54:27,138251.7
10/16/2021 16:54:28,137742.9
10/16/2021 16:54:29,137906.1
10/16/2021 16:54:30,137254.1
10/16/2021 16:54:31,137483.8
10/16/2021 16:54:32,137243.4
10/16/2021 16:54:33,137301.4
10/16/2021 16:54:34,138650.3
10/16/2021 16:54:35,137290
10/16/2021 16:54:36,137489.6
10/16/2021 16:54:37,138461.1
10/16/2021 16:54:38,138712.5
10/16/2021 16:54:39,139687.8
10/16/2021 16:54:40,139037.7
10/16/2021 16:54:41,138236.9
10/16/2021 16:54:42,138614.5
10/16/2021 16:54:43,138324.3
10/16/2021 16:54:44,139477.6
10/16/2021 16:54:45,139911.7
10/16/2021 16:54:46,139209.3
10/16/2021 16:54:47,149057.5
10/16/2021 16:54:48,138969
10/16/2021 16:54:49,139977.8
10/16/2021 16:54:50,141007.4
10/16/2021 16:54:51,140496
10/16/2021 16:54:52,139820
10/16/2021 16:54:53,139790.5
10/16/2021 16:54:54,139260.4
10/16/2021 16:54:55,140040.7
10/16/2021 16:54:56,140260
10/16/2021 16:54:57,140990.6
10/16/2021 16:54:58,141581.7
10/16/2021 16:54:59,141442.3
10/16/2021 16:55:00,148698.9
10/16/2021 16:55:01,141756.8
10/16/2021 16:55:02,140818.7
10/16/2021 16:55:03,141499.2
10/16/2021 16:55:04,142392.9
10/16/2021 16:55:05,141654.6
10/16/2021 16:55:06,143041.6
10/16/2021 16:55:07,142468.9
10/16/2021 16:55:08,142098.7
10/16/2021 16:55:09,143341
10/16/2021 16:55:10,143433.2
10/16/2021 16:55:11,143736.9
10/16/2021 16:55:12,144431.1
10/16/2021 16:55:13,143516.3
10/16/2021 16:55:15,144366.6
10/16/2021 16:55:16,143546.2
10/16/2021 16:55:17,144759.6
10/16/2021 16:55:18,145366.3
10/16/2021 16:55:19,145131.6
10/16/2021 16:55:20,145848.8
10/16/2021 16:55:21,147016.1
10/16/2021 16:55:22,144901.9
10/16/2021 16:55:23,145025.2
10/16/2021 16:55:24,146708
10/16/2021 16:55:25,146869.7
10/16/2021 16:55:26,148005.3
10/16/2021 16:55:27,148093.4
10/16/2021 16:55:28,147752.1
10/16/2021 16:55:29,148460.2
10/16/2021 16:55:30,148776.3
10/16/2021 16:55:31,148417.4
10/16/2021 16:55:32,149503.1
10/16/2021 16:55:33,149780.6
10/16/2021 16:55:34,148347.4
10/16/2021 16:55:35,149539
10/16/2021 16:55:36,149956.3
10/16/2021 16:55:37,159501.7
10/16/2021 16:55:38,151559.3
10/16/2021 16:55:39,151465.2
10/16/2021 16:55:40,150402.3
10/16/2021 16:55:41,151321.3
10/16/2021 16:55:42,152221.3
10/16/2021 16:55:43,152221.3
10/16/2021 16:55:44,152711.9
10/16/2021 16:55:45,153123.6
10/16/2021 16:55:46,153334.8
10/16/2021 16:55:47,153761.3
10/16/2021 16:55:48,154370.3
10/16/2021 16:55:49,154039.1
10/16/2021 16:55:50,151656.7
10/16/2021 16:55:51,154653.2
10/16/2021 16:55:52,153735.9
10/16/2021 16:55:53,154290.3
10/16/2021 16:55:54,155744.1
10/16/2021 16:55:55,156190.6
10/16/2021 16:55:56,156055.8
10/16/2021 16:55:57,158051
10/16/2021 16:55:58,158157.4
10/16/2021 16:55:59,157252.5
10/16/2021 16:56:00,158113.4
10/16/2021 16:56:01,157942.8
10/16/2021 16:56:02,157453.9
10/16/2021 16:56:03,157672.5
10/16/2021 16:56:04,159551.2
10/16/2021 16:56:05,159607.8
10/16/2021 16:56:06,159395.5
10/16/2021 16:56:07,160813.7
10/16/2021 16:56:08,161603.9
10/16/2021 16:56:09,160588
10/16/2021 16:56:10,160627
10/16/2021 16:56:11,161433.2
10/16/2021 16:56:12,162241.5
10/16/2021 16:56:13,161611.1
10/16/2021 16:56:14,161830.9
10/16/2021 16:56:15,162448.5
10/16/2021 16:56:16,162539.9
10/16/2021 16:56:17,162266.8
10/16/2021 16:56:18,164756.3
10/16/2021 16:56:19,164450.2
10/16/2021 16:56:20,163372.5
10/16/2021 16:56:21,163605
10/16/2021 16:56:22,165855.2
10/16/2021 16:56:23,166025.4
10/16/2021 16:56:24,165494.3
10/16/2021 16:56:25,165503.3
10/16/2021 16:56:26,166950.3
10/16/2021 16:56:27,166395.5
10/16/2021 16:56:28,166496
10/16/2021 16:56:29,167272.8
10/16/2021 16:56:30,168556.1
10/16/2021 16:56:31,168737.5
10/16/2021 16:56:32,169761
10/16/2021 16:56:33,170860.9
10/16/2021 16:56:34,170757.1
10/16/2021 16:56:35,170199.4
10/16/2021 16:56:36,171104.7
10/16/2021 16:56:37,172394.4
10/16/2021 16:56:38,172424.9
10/16/2021 16:56:39,172305.1
10/16/2021 16:56:41,173197
10/16/2021 16:56:42,173423.4
10/16/2021 16:56:43,174204.9
10/16/2021 16:56:44,174611.7
10/16/2021 16:56:45,174646.3
10/16/2021 16:56:46,175882.3
10/16/2021 16:56:47,176499.2
10/16/2021 16:56:48,177178
10/16/2021 16:56:49,17640.6
10/16/2021 16:56:50,177816.1
10/16/2021 16:56:51,178728.9
10/16/2021 16:56:52,178829.5
10/16/2021 16:56:53,178411.8
10/16/2021 16:56:54,178328.2
10/16/2021 16:56:55,179925.8
10/16/2021 16:56:56,179410.2
10/16/2021 16:56:57,179996.6
10/16/2021 16:56:59,180160.4
10/16/2021 16:57:00,180971
10/16/2021 16:57:01,181657.5
10/16/2021 16:57:02,183338.9
10/16/2021 16:57:03,184319.6
10/16/2021 16:57:04,173141.9
10/16/2021 16:57:05,164230.5
10/16/2021 16:57:06,156398
10/16/2021 16:57:07,150999.8
10/16/2021 16:57:08,148295
10/16/2021 16:57:09,147474.6
10/16/2021 16:57:10,147454.1
10/16/2021 16:57:11,148253.2
10/16/2021 16:57:13,149049.3
10/16/2021 16:57:14,147520.4
10/16/2021 16:57:15,148505.4
10/16/2021 16:57:16,148434.1
10/16/2021 16:57:17,147682.8
10/16/2021 16:57:18,148607.5
10/16/2021 16:57:19,149462.6
10/16/2021 16:57:20,149374.5
10/16/2021 16:57:21,149895.1
10/16/2021 16:57:22,149982
10/16/2021 16:57:23,150125.3
10/16/2021 16:57:24,149972
10/16/2021 16:57:25,151002.6
10/16/2021 16:57:26,150750.7
10/16/2021 16:57:27,146988.2
10/16/2021 16:57:28,141609.7
10/16/2021 16:57:29,140430.3
10/16/2021 16:57:30,138954.9
10/16/2021 16:57:31,136965.5
10/16/2021 16:57:32,136965.5
10/16/2021 16:57:33,136768
10/16/2021 16:57:34,136445.1
10/16/2021 16:57:35,137418.7
10/16/2021 16:57:36,137761
10/16/2021 16:57:37,136938
10/16/2021 16:57:38,136874.9
10/16/2021 16:57:41,137451.5
10/16/2021 16:57:42,137711.6
10/16/2021 16:57:43,137461.5
10/16/2021 16:57:45,137412
10/16/2021 16:57:46,137076.6
10/16/2021 16:57:47,136496.7
10/16/2021 16:57:49,137204
10/16/2021 16:57:50,136961.4
10/16/2021 16:57:51,137531.1
10/16/2021 16:57:52,137826.5
10/16/2021 16:57:53,137412.3
10/16/2021 16:57:54,137526.8
10/16/2021 16:57:55,137768.1
10/16/2021 16:57:56,137344.5
10/16/2021 16:57:57,137249.2
10/16/2021 16:57:58,137933.7
10/16/2021 16:57:59,137532.2
10/16/2021 16:58:00,136979.8
10/16/2021 16:58:01,137727.4
10/16/2021 16:58:02,137688.3
10/16/2021 16:58:03,137465.4
10/16/2021 16:58:04,137634.9
10/16/2021 16:58:05,137602.6
10/16/2021 16:58:06,137476
10/16/2021 16:58:07,137605.3
10/16/2021 16:58:08,137846.7
10/16/2021 16:58:09,137966.3
10/16/2021 16:58:10,137617.1
10/16/2021 16:58:11,138048.7
10/16/2021 16:58:12,137459.1
10/16/2021 16:58:13,137188.6
10/16/2021 16:58:14,137468.5
10/16/2021 16:58:15,137253.3
10/16/2021 16:58:16,136247.4
10/16/2021 16:58:17,136561.2
10/16/2021 16:58:18,136914.1
10/16/2021 16:58:19,136675.2
10/16/2021 16:58:20,137147.2
10/16/2021 16:58:21,137147.2
10/16/2021 16:58:22,136491.1
10/16/2021 16:58:23,136977
10/16/2021 16:58:24,137661.2
10/16/2021 16:58:25,136512.9
10/16/2021 16:58:26,136824.5
10/16/2021 16:58:27,136989.8
10/16/2021 16:58:28,137302.2
10/16/2021 16:58:29,137493.9
10/16/2021 16:58:30,137764.8
10/16/2021 16:58:31,137468.8
10/16/2021 16:58:32,137149.8
10/16/2021 16:58:33,136920.4
10/16/2021 16:58:34,136834.3
10/16/2021 16:58:35,136429.4
10/16/2021 16:58:36,136646.9
10/16/2021 16:58:37,136148.6
10/16/2021 16:58:38,135654.9
10/16/2021 16:58:39,136259.7
10/16/2021 16:58:40,136329.7
10/16/2021 16:58:41,135946.3
10/16/2021 16:58:42,136515.1
10/16/2021 16:58:43,136874.9
10/16/2021 16:58:44,136792.9
10/16/2021 16:58:45,136187.2
10/16/2021 16:58:46,135808.9
10/16/2021 16:58:47,135760
10/16/2021 16:58:49,135313.2
10/16/2021 16:58:50,135436.4
10/16/2021 16:58:51,135855.1
10/16/2021 16:58:53,135084.8
10/16/2021 16:58:54,135089.4
10/16/2021 16:58:55,135135.8
10/16/2021 16:58:57,134279.2
10/16/2021 16:58:58,134047.5
10/16/2021 16:58:59,134060.5
10/16/2021 16:59:00,134106.3
10/16/2021 16:59:01,134108.9
10/16/2021 16:59:03,134257.7
10/16/2021 16:59:04,133674.1
10/16/2021 16:59:05,131397.1
10/16/2021 16:59:06,134161.7
10/16/2021 16:59:07,133681.8
10/16/2021 16:59:08,133949.6
10/16/2021 16:59:09,134075
10/16/2021 16:59:10,134066.5
10/16/2021 16:59:11,134173.5
10/16/2021 16:59:12,133933.1
10/16/2021 16:59:13,133738.5
10/16/2021 16:59:14,133987.4
10/16/2021 16:59:15,131836.7
10/16/2021 16:59:16,133768.4
10/16/2021 16:59:17,134327.4
10/16/2021 16:59:18,133727.7
10/16/2021 16:59:20,134109
10/16/2021 16:59:21,133542.6
10/16/2021 16:59:22,133215.5
10/16/2021 16:59:23,133085.8
10/16/2021 16:59:24,132526.8
10/16/2021 16:59:25,132643.5
10/16/2021 16:59:26,132202.4
10/16/2021 16:59:27,133332.7
10/16/2021 16:59:28,132890.7
10/16/2021 16:59:29,133317.5
10/16/2021 16:59:30,132918
10/16/2021 16:59:31,132991.2
10/16/2021 16:59:32,133471.5
10/16/2021 16:59:33,132996.1
10/16/2021 16:59:34,132532.9
10/16/2021 16:59:35,133459.5
10/16/2021 16:59:36,133068.8
10/16/2021 16:59:37,133001.6
10/16/2021 16:59:38,132637.3
10/16/2021 16:59:39,133026.6
10/16/2021 16:59:40,132550.7
10/16/2021 16:59:42,131938
10/16/2021 16:59:43,131897.7
10/16/2021 16:59:44,132294.4
10/16/2021 16:59:45,132855.2
10/16/2021 16:59:46,132732.2
10/16/2021 16:59:47,132058.1
10/16/2021 16:59:48,132490.2
10/16/2021 16:59:49,131977.3
10/16/2021 16:59:50,131919.7
10/16/2021 16:59:51,132393.8
10/16/2021 16:59:52,131910.6
10/16/2021 16:59:53,132366.1
10/16/2021 16:59:54,133022.8
10/16/2021 16:59:55,132042
10/16/2021 16:59:56,131892.3
10/16/2021 16:59:57,132003.3
10/16/2021 16:59:58,131620.2
10/16/2021 16:59:59,131127.4
10/16/2021 17:00:00,131770.4
10/16/2021 17:00:01,131728.9
10/16/2021 17:00:02,131592.6
10/16/2021 17:00:03,131762.8
10/16/2021 17:00:05,131861.9
10/16/2021 17:00:06,132206.5
10/16/2021 17:00:07,132201.5
10/16/2021 17:00:08,132063.9
10/16/2021 17:00:09,131952
10/16/2021 17:00:10,132169.3
10/16/2021 17:00:11,132125.4
10/16/2021 17:00:12,132072
10/16/2021 17:00:14,132253.6
10/16/2021 17:00:15,132115.6
10/16/2021 17:00:16,132534.9
10/16/2021 17:00:17,133097
10/16/2021 17:00:18,133144.6
10/16/2021 17:00:19,132526
10/16/2021 17:00:20,133384.8
10/16/2021 17:00:21,132965.1
10/16/2021 17:00:22,131964.2
10/16/2021 17:00:23,132898.9
10/16/2021 17:00:24,132820
10/16/2021 17:00:25,132293.8
10/16/2021 17:00:26,132225.8
10/16/2021 17:00:27,132923.5
10/16/2021 17:00:28,132923.5
10/16/2021 17:00:29,132116.7
10/16/2021 17:00:30,133015.4
10/16/2021 17:00:32,132183.2
10/16/2021 17:00:33,131967.7
10/16/2021 17:00:34,133950.2
10/16/2021 17:00:35,133698.6
10/16/2021 17:00:36,134566.8
10/16/2021 17:00:37,135459.5
10/16/2021 17:00:38,135577.7
10/16/2021 17:00:39,135066.7
10/16/2021 17:00:40,135214.4
10/16/2021 17:00:41,137265.8
10/16/2021 17:00:42,136508.9
10/16/2021 17:00:43,135831.6
10/16/2021 17:00:44,136570.3
10/16/2021 17:00:46,137434.7
10/16/2021 17:00:47,136709.8
10/16/2021 17:00:48,138066.2
10/16/2021 17:00:49,137718.6
10/16/2021 17:00:50,141148.2
10/16/2021 17:00:51,147138.6
10/16/2021 17:00:52,154765.2
10/16/2021 17:00:53,159228.8
10/16/2021 17:00:54,164895.4
10/16/2021 17:00:55,166293.3
10/16/2021 17:00:56,166650.6
10/16/2021 17:00:57,167780.1
10/16/2021 17:00:58,167921.7
10/16/2021 17:00:59,169000.1
10/16/2021 17:01:00,169789.2
10/16/2021 17:01:01,169942.6
10/16/2021 17:01:02,170426.6
10/16/2021 17:01:03,172434.7
10/16/2021 17:01:04,172104.8
10/16/2021 17:01:05,172774.4
10/16/2021 17:01:06,173485.5
10/16/2021 17:01:07,173900
10/16/2021 17:01:08,173936.7
10/16/2021 17:01:09,173664.6
10/16/2021 17:01:10,172831.4
10/16/2021 17:01:11,172359.7
10/16/2021 17:01:12,173574.7
10/16/2021 17:01:13,173871.4
10/16/2021 17:01:14,173425
10/16/2021 17:01:15,172929.6
10/16/2021 17:01:16,172691.5
10/16/2021 17:01:17,173291.1
10/16/2021 17:01:18,173991.2
10/16/2021 17:01:19,174164
10/16/2021 17:01:20,174755.7
10/16/2021 17:01:21,175699.1
10/16/2021 17:01:22,176058.2
10/16/2021 17:01:23,177159.5
10/16/2021 17:01:24,176303.4
10/16/2021 17:01:25,176513
10/16/2021 17:01:26,176850.2
10/16/2021 17:01:27,177274.9
10/16/2021 17:01:28,177557.3
10/16/2021 17:01:29,178452.5
10/16/2021 17:01:31,177752.1
10/16/2021 17:01:32,176672.8
10/16/2021 17:01:33,175990.5
10/16/2021 17:01:35,173963.5
10/16/2021 17:01:36,173929.3
10/16/2021 17:01:37,174264.2
10/16/2021 17:01:38,174906.2
10/16/2021 17:01:39,175321.4
10/16/2021 17:01:40,175363.5
10/16/2021 17:01:42,175856.1
10/16/2021 17:01:43,176332.5
10/16/2021 17:01:44,176950.7
10/16/2021 17:01:45,177532.2
10/16/2021 17:01:46,178626.8
10/16/2021 17:01:47,179472.7
10/16/2021 17:01:48,178922.3
10/16/2021 17:01:49,177974.9
10/16/2021 17:01:50,176727.9
10/16/2021 17:01:51,173952.3
10/16/2021 17:01:52,170576.1
10/16/2021 17:01:53,165281.3
10/16/2021 17:01:54,164532.2
10/16/2021 17:01:55,164532.2
10/16/2021 17:01:56,163947.1
10/16/2021 17:01:57,164077.5
10/16/2021 17:01:58,161604.9
10/16/2021 17:01:59,164676.5
10/16/2021 17:02:00,164151.6
10/16/2021 17:02:01,163226.8
10/16/2021 17:02:02,163738
10/16/2021 17:02:03,164767.9
10/16/2021 17:02:04,165096.4
10/16/2021 17:02:05,165065.5
10/16/2021 17:02:06,165472.2
10/16/2021 17:02:07,166775.8
10/16/2021 17:02:08,167282.3
10/16/2021 17:02:09,166577.3
10/16/2021 17:02:10,167194.7
10/16/2021 17:02:11,167404
10/16/2021 17:02:12,167827.2
10/16/2021 17:02:13,167590.8
10/16/2021 17:02:14,168466.5
10/16/2021 17:02:15,168597.2
10/16/2021 17:02:16,168593
10/16/2021 17:02:17,168467.4
10/16/2021 17:02:18,169108
10/16/2021 17:02:19,169109.2
10/16/2021 17:02:20,169414.5
10/16/2021 17:02:21,1690
10/16/2021 17:02:22,170170.2
10/16/2021 17:02:23,169902.3
10/16/2021 17:02:24,170080.4
10/16/2021 17:02:25,170808.2
10/16/2021 17:02:26,169762.3
10/16/2021 17:02:27,165565.1
10/16/2021 17:02:28,163079.9
10/16/2021 17:02:29,160736.3
10/16/2021 17:02:30,159645.2
10/16/2021 17:02:31,159911.5
10/16/2021 17:02:32,160062.1
10/16/2021 17:02:33,159866
10/16/2021 17:02:34,159603.4
10/16/2021 17:02:35,160023.1
10/16/2021 17:02:36,160138.8
10/16/2021 17:02:37,159640.2
10/16/2021 17:02:38,159768.5
10/16/2021 17:02:39,159321.3
10/16/2021 17:02:40,160500.5
10/16/2021 17:02:41,160763.1
10/16/2021 17:02:42,161151.6
10/16/2021 17:02:43,160209.1
10/16/2021 17:02:44,159786.9
10/16/2021 17:02:45,160361
10/16/2021 17:02:46,160765.4
10/16/2021 17:02:47,169271.2
10/16/2021 17:02:48,156094.4
10/16/2021 17:02:49,151690.6
10/16/2021 17:02:50,149256
10/16/2021 17:02:51,147779.3
10/16/2021 17:02:52,146407
10/16/2021 17:02:53,144473.5
10/16/2021 17:02:54,144193.9
10/16/2021 17:02:55,143417.7
10/16/2021 17:02:57,143589.2
10/16/2021 17:02:58,143758.4
10/16/2021 17:02:59,143762
10/16/2021 17:03:00,143879.7
10/16/2021 17:03:02,144013.1
10/16/2021 17:03:03,143887.1
10/16/2021 17:03:04,144332.9
10/16/2021 17:03:05,144288.7
10/16/2021 17:03:06,143591
10/16/2021 17:03:07,143816.5
10/16/2021 17:03:08,144039
10/16/2021 17:03:09,144031.5
10/16/2021 17:03:10,144341.1
10/16/2021 17:03:11,144332.5
10/16/2021 17:03:12,144449.7
10/16/2021 17:03:13,144972.3
10/16/2021 17:03:14,145247.4
10/16/2021 17:03:15,144712.1
10/16/2021 17:03:16,145093
10/16/2021 17:03:17,145371.7
10/16/2021 17:03:18,144770.6
10/16/2021 17:03:19,145056.6
10/16/2021 17:03:20,145935.5
10/16/2021 17:03:21,145922.2
10/16/2021 17:03:22,146180.7
10/16/2021 17:03:23,146915.6
10/16/2021 17:03:24,146739.2
10/16/2021 17:03:25,146163.5
10/16/2021 17:03:26,146714.2
10/16/2021 17:03:27,148154.8
10/16/2021 17:03:28,147595.1
10/16/2021 17:03:29,148928.1
10/16/2021 17:03:30,148713.7
10/16/2021 17:03:31,147638.1
10/16/2021 17:03:32,148009.4
10/16/2021 17:03:33,148425.9
10/16/2021 17:03:34,147505.9
10/16/2021 17:03:35,148109.8
10/16/2021 17:03:36,148508.8
10/16/2021 17:03:37,147597.7
10/16/2021 17:03:38,148014.6
10/16/2021 17:03:39,148130.6
10/16/2021 17:03:40,148320.9
10/16/2021 17:03:41,148693.6
10/16/2021 17:03:42,149370.5
10/16/2021 17:03:43,149411.5
10/16/2021 17:03:44,149321.7
10/16/2021 17:03:45,149718.4
10/16/2021 17:03:47,149218.6
10/16/2021 17:03:48,149499.9
10/16/2021 17:03:49,149678.2
10/16/2021 17:03:50,149044
10/16/2021 17:03:51,149774
10/16/2021 17:03:52,149774
10/16/2021 17:03:53,149261.5
10/16/2021 17:03:54,149401
10/16/2021 17:03:55,149221.5
10/16/2021 17:03:56,148431.8
10/16/2021 17:03:57,148939.3
10/16/2021 17:03:58,149295.3
10/16/2021 17:03:59,149564.7
10/16/2021 17:04:00,149621
10/16/2021 17:04:01,149935.9
10/16/2021 17:04:02,150276.4
10/16/2021 17:04:03,150357.6
10/16/2021 17:04:04,150475.1
10/16/2021 17:04:05,149919.3
10/16/2021 17:04:06,149584.7
10/16/2021 17:04:07,149696.6
10/16/2021 17:04:08,149586.3
10/16/2021 17:04:09,149340.1
10/16/2021 17:04:10,149635.5
10/16/2021 17:04:11,149631.5
10/16/2021 17:04:12,149259.7
10/16/2021 17:04:13,149128.3
10/16/2021 17:04:14,149420.3
10/16/2021 17:04:15,149534.2
10/16/2021 17:04:16,149353.7
10/16/2021 17:04:17,149196.6
10/16/2021 17:04:18,149828.7
10/16/2021 17:04:19,149423.7
10/16/2021 17:04:21,147868.3
10/16/2021 17:04:22,148275.3
10/16/2021 17:04:23,149021
10/16/2021 17:04:24,148255.9
10/16/2021 17:04:25,149208.3
10/16/2021 17:04:26,149472.6
10/16/2021 17:04:27,149452.5
10/16/2021 17:04:28,149006.4
10/16/2021 17:04:29,149202.6
10/16/2021 17:04:30,149053
10/16/2021 17:04:31,149108.7
10/16/2021 17:04:32,149071.6
10/16/2021 17:04:33,149234.3
10/16/2021 17:04:34,148944.8
10/16/2021 17:04:35,149344.8
10/16/2021 17:04:36,149228.6
10/16/2021 17:04:37,147525.4
10/16/2021 17:04:38,147525.4
10/16/2021 17:04:39,148971.2
10/16/2021 17:04:40,148612.2
10/16/2021 17:04:41,149425
10/16/2021 17:04:42,150818.6
10/16/2021 17:04:43,150258
10/16/2021 17:04:44,149302.5
10/16/2021 17:04:45,159458.8
10/16/2021 17:04:46,149843
10/16/2021 17:04:47,149252.5
10/16/2021 17:04:48,149523.9
10/16/2021 17:04:49,150312.9
10/16/2021 17:04:50,149606.7
10/16/2021 17:04:51,149972.4
10/16/2021 17:04:52,150492.3
10/16/2021 17:04:53,150492.3
10/16/2021 17:04:54,149675.4
10/16/2021 17:04:55,150509.2
10/16/2021 17:04:56,150113.6
10/16/2021 17:04:57,150286.9
10/16/2021 17:04:58,158942.1
10/16/2021 17:04:59,150325.9
10/16/2021 17:05:00,150237.2
10/16/2021 17:05:01,151197.2
10/16/2021 17:05:02,151299.5
10/16/2021 17:05:03,150683.1
10/16/2021 17:05:04,150592.3
10/16/2021 17:05:05,150853.4
10/16/2021 17:05:06,150131.1
10/16/2021 17:05:07,150262.1
10/16/2021 17:05:08,152236.6
10/16/2021 17:05:09,151597.6
10/16/2021 17:05:10,151828.3
10/16/2021 17:05:11,151942.3
10/16/2021 17:05:12,151575.6
10/16/2021 17:05:13,151787.3
10/16/2021 17:05:14,151848
10/16/2021 17:05:15,151461
10/16/2021 17:05:16,151599.4
10/16/2021 17:05:17,152595.6
10/16/2021 17:05:18,151906.1
10/16/2021 17:05:19,152141.8
10/16/2021 17:05:20,153529.5
10/16/2021 17:05:21,152900.5
10/16/2021 17:05:22,151938.1
10/16/2021 17:05:23,152918.1
10/16/2021 17:05:24,152799.1
10/16/2021 17:05:25,151894.2
10/16/2021 17:05:26,151938.5
10/16/2021 17:05:27,151674.1
10/16/2021 17:05:28,151027.3
10/16/2021 17:05:29,151633.7
10/16/2021 17:05:30,152724.3
10/16/2021 17:05:31,152321
10/16/2021 17:05:32,153307.6
10/16/2021 17:05:33,153785.9
10/16/2021 17:05:34,152898
10/16/2021 17:05:35,153907.5
10/16/2021 17:05:36,152917.6
10/16/2021 17:05:37,152284.2
10/16/2021 17:05:38,151885
10/16/2021 17:05:39,152855.8
10/16/2021 17:05:40,152969.1
10/16/2021 17:05:41,152316.5
10/16/2021 17:05:42,154190.8
10/16/2021 17:05:43,152547.3
10/16/2021 17:05:44,152096.4
10/16/2021 17:05:45,153845.3
10/16/2021 17:05:46,153205.8
10/16/2021 17:05:47,153135.3
10/16/2021 17:05:48,154314.7
10/16/2021 17:05:50,154506.7
10/16/2021 17:05:51,155146.5
10/16/2021 17:05:52,154512.5
10/16/2021 17:05:53,153631.5
10/16/2021 17:05:54,154518.9
10/16/2021 17:05:55,153285.3
10/16/2021 17:05:56,152758.3
10/16/2021 17:05:57,154079.6
10/16/2021 17:05:58,153624.8
10/16/2021 17:05:59,153857.4
10/16/2021 17:06:00,154900.4
10/16/2021 17:06:01,154681.5
10/16/2021 17:06:02,152929.9
10/16/2021 17:06:03,152920.8
10/16/2021 17:06:04,153417.9
10/16/2021 17:06:05,152828.7
10/16/2021 17:06:06,153233.7
10/16/2021 17:06:07,153126.9
10/16/2021 17:06:08,152428
10/16/2021 17:06:09,153476.7
10/16/2021 17:06:10,153887.2
10/16/2021 17:06:11,153174.7
10/16/2021 17:06:12,154616.1
10/16/2021 17:06:13,154630.3
10/16/2021 17:06:14,154211.1
10/16/2021 17:06:15,154232.8
10/16/2021 17:06:16,153796.8
10/16/2021 17:06:17,153224.1
10/16/2021 17:06:18,153499.2
10/16/2021 17:06:19,154384.3
10/16/2021 17:06:20,153742.3
10/16/2021 17:06:21,154052.5
10/16/2021 17:06:22,154325.3
10/16/2021 17:06:23,153625.1
10/16/2021 17:06:24,153715.3
10/16/2021 17:06:25,15301.5
10/16/2021 17:06:26,152654.5
10/16/2021 17:06:27,152414.7
10/16/2021 17:06:28,154000.3
10/16/2021 17:06:29,153289.8
10/16/2021 17:06:30,153402.5
10/16/2021 17:06:31,154260.3
10/16/2021 17:06:32,153835.2
10/16/2021 17:06:33,153603.8
10/16/2021 17:06:34,154216.1
10/16/2021 17:06:35,153736.9
10/16/2021 17:06:36,153293.2
10/16/2021 17:06:37,153692.7
10/16/2021 17:06:38,153684.5
10/16/2021 17:06:39,153150.7
10/16/2021 17:06:40,153698.7
10/16/2021 17:06:41,153475.7
10/16/2021 17:06:42,153011.8
10/16/2021 17:06:43,153840.1
10/16/2021 17:06:44,153267.2
10/16/2021 17:06:45,152680.8
10/16/2021 17:06:46,152765.1
10/16/2021 17:06:47,153087.3
10/16/2021 17:06:49,153452.3
10/16/2021 17:06:50,153662.7
10/16/2021 17:06:51,152332.9
10/16/2021 17:06:52,152100.4
10/16/2021 17:06:53,152996.3
10/16/2021 17:06:54,152579.6
10/16/2021 17:06:55,151838.5
10/16/2021 17:06:57,151569.9
10/16/2021 17:06:58,151323.3
10/16/2021 17:06:59,151659.3
10/16/2021 17:07:00,151251
10/16/2021 17:07:01,151546.5
10/16/2021 17:07:02,151571.7
10/16/2021 17:07:03,151528.7
10/16/2021 17:07:04,151090.8
10/16/2021 17:07:05,151372.1
10/16/2021 17:07:06,150789.9
10/16/2021 17:07:07,150624.7
10/16/2021 17:07:08,150336.5
10/16/2021 17:07:09,150778.7
10/16/2021 17:07:10,151374.7
10/16/2021 17:07:11,151113.7
10/16/2021 17:07:12,151312.2
10/16/2021 17:07:13,150707.3
10/16/2021 17:07:14,150256.9
10/16/2021 17:07:15,149599.8
10/16/2021 17:07:16,149809
10/16/2021 17:07:17,149833.2
10/16/2021 17:07:18,149626
10/16/2021 17:07:19,149395
10/16/2021 17:07:20,149775.1
10/16/2021 17:07:21,149663.5
10/16/2021 17:07:22,149908.7
10/16/2021 17:07:23,149987.8
10/16/2021 17:07:24,149578.5
10/16/2021 17:07:25,149165.8
10/16/2021 17:07:26,149006.4
10/16/2021 17:07:27,148554.2
10/16/2021 17:07:29,148747.7
10/16/2021 17:07:30,148689.7
10/16/2021 17:07:31,147945.4
10/16/2021 17:07:32,148109.2
10/16/2021 17:07:33,148216.8
10/16/2021 17:07:34,147480.7
10/16/2021 17:07:35,147433
10/16/2021 17:07:36,147726.5
10/16/2021 17:07:37,146706.9
10/16/2021 17:07:38,146919.7
10/16/2021 17:07:39,146662.9
10/16/2021 17:07:40,146662.2
10/16/2021 17:07:41,147103
10/16/2021 17:07:42,148032.4
10/16/2021 17:07:43,142732.4
10/16/2021 17:07:44,148196.4
10/16/2021 17:07:45,147754.6
10/16/2021 17:07:46,147003.3
10/16/2021 17:07:47,147944.6
10/16/2021 17:07:48,148180.69
10/16/2021 17:07:49,147375.2
10/16/2021 17:07:50,147026.2
10/16/2021 17:07:51,147681.7
10/16/2021 17:07:52,146812.5
10/16/2021 17:07:53,146790.9
10/16/2021 17:07:54,147563.3
10/16/2021 17:07:55,147121.9
10/16/2021 17:07:56,146159.7
10/16/2021 17:07:57,146840.2
10/16/2021 17:07:58,146113.8
10/16/2021 17:07:59,145937.7
10/16/2021 17:08:00,146720.3
10/16/2021 17:08:01,146207.5
10/16/2021 17:08:02,146267.6
10/16/2021 17:08:03,147079.4
10/16/2021 17:08:04,147189
10/16/2021 17:08:05,146698.8
10/16/2021 17:08:06,147122.4
10/16/2021 17:08:07,146345.5
10/16/2021 17:08:08,146257.5
10/16/2021 17:08:09,147832.9
10/16/2021 17:08:10,146565.1
10/16/2021 17:08:11,146505.5
10/16/2021 17:08:12,147762.4
10/16/2021 17:08:13,147459.3
10/16/2021 17:08:14,146882.6
10/16/2021 17:08:15,147396
10/16/2021 17:08:16,147216.9
10/16/2021 17:08:17,146543
10/16/2021 17:08:18,147493.1
10/16/2021 17:08:19,147120
10/16/2021 17:08:20,147271.1
10/16/2021 17:08:21,148215.8
10/16/2021 17:08:22,147722.7
10/16/2021 17:08:23,147971.2
10/16/2021 17:08:24,148118.2
10/16/2021 17:08:25,147624.8
10/16/2021 17:08:26,147558.3
10/16/2021 17:08:27,147807.1
10/16/2021 17:08:28,147861.8
10/16/2021 17:08:29,147424.1
10/16/2021 17:08:30,148146.8
10/16/2021 17:08:31,147720.2
10/16/2021 17:08:32,147785.4
10/16/2021 17:08:33,148277.8
10/16/2021 17:08:34,147879.4
10/16/2021 17:08:35,147285.2
10/16/2021 17:08:37,148048.5
10/16/2021 17:08:38,148163.6
10/16/2021 17:08:39,148813.8
10/16/2021 17:08:40,149017.9
10/16/2021 17:08:41,148924.2
10/16/2021 17:08:42,148813.8
10/16/2021 17:08:43,147759.1
10/16/2021 17:08:44,148017.3
10/16/2021 17:08:45,148682.6
10/16/2021 17:08:46,148518
10/16/2021 17:08:47,148453.9
10/16/2021 17:08:48,148856.7
10/16/2021 17:08:49,148101.4
10/16/2021 17:08:51,148367.6
10/16/2021 17:08:52,147995.6
10/16/2021 17:08:53,148250.5
10/16/2021 17:08:54,147721.2
10/16/2021 17:08:55,146542.5
10/16/2021 17:08:56,148063.9
10/16/2021 17:08:57,148105.9
10/16/2021 17:08:58,148213.5
10/16/2021 17:08:59,148358.1
10/16/2021 17:09:00,148958.1
10/16/2021 17:09:01,148762.9
10/16/2021 17:09:02,149514.5
10/16/2021 17:09:03,149503.1
10/16/2021 17:09:04,148683.1
10/16/2021 17:09:05,148787.8
10/16/2021 17:09:06,147738.3
10/16/2021 17:09:07,147850.9
10/16/2021 17:09:08,148547.2
10/16/2021 17:09:09,148697.2
10/16/2021 17:09:10,149532.9
10/16/2021 17:09:11,149724.1
10/16/2021 17:09:12,149106
10/16/2021 17:09:13,149177.3
10/16/2021 17:09:14,148661.8
10/16/2021 17:09:15,148629.6
10/16/2021 17:09:16,149569.3
10/16/2021 17:09:17,149187.6
10/16/2021 17:09:18,149666.8
10/16/2021 17:09:19,149609.7
10/16/2021 17:09:20,149359.2
10/16/2021 17:09:21,149233
10/16/2021 17:09:22,149135.9
10/16/2021 17:09:23,148956
10/16/2021 17:09:24,149803
10/16/2021 17:09:25,149477.5
10/16/2021 17:09:26,149233.8
10/16/2021 17:09:27,150317.1
10/16/2021 17:09:28,149420.2
10/16/2021 17:09:29,149092.6
10/16/2021 17:09:30,149801.9
10/16/2021 17:09:31,148921.7
10/16/2021 17:09:32,150299.8
10/16/2021 17:09:33,149643
10/16/2021 17:09:34,148999.5
10/16/2021 17:09:35,149415.3
10/16/2021 17:09:36,149739.4
10/16/2021 17:09:37,149003.3
10/16/2021 17:09:38,149796.2
10/16/2021 17:09:39,149579.8
10/16/2021 17:09:40,150206.9
10/16/2021 17:09:41,149938.9
10/16/2021 17:09:42,149251
10/16/2021 17:09:43,149037.6
10/16/2021 17:09:44,149384.2
10/16/2021 17:09:45,148874.4
10/16/2021 17:09:46,149063.1
10/16/2021 17:09:47,148452
10/16/2021 17:09:48,148217
10/16/2021 17:09:50,146681.2
10/16/2021 17:09:51,145541.3
10/16/2021 17:09:52,142557.4
10/16/2021 17:09:53,139621.6
10/16/2021 17:09:54,136425.8
10/16/2021 17:09:55,135089.8
10/16/2021 17:09:56,132756.1
10/16/2021 17:09:57,127839.9
10/16/2021 17:09:58,121237.7
10/16/2021 17:09:59,118815.1
10/16/2021 17:10:00,116447.3
10/16/2021 17:10:01,115804.7
10/16/2021 17:10:03,107716.5
10/16/2021 17:10:04,104700.8
10/16/2021 17:10:05,102992.2
10/16/2021 17:10:06,101669.6
10/16/2021 17:10:07,101492.7
10/16/2021 17:10:08,100379
10/16/2021 17:10:09,100507.1
10/16/2021 17:10:10,100233
10/16/2021 17:10:11,9367
10/16/2021 17:10:12,100347.9
10/16/2021 17:10:13,99899.54
10/16/2021 17:10:14,99493.78
10/16/2021 17:10:15,99830.96
10/16/2021 17:10:16,99376.32
10/16/2021 17:10:17,99407.5
10/16/2021 17:10:18,99057.98
10/16/2021 17:10:19,98988.86
10/16/2021 17:10:20,9909.76
10/16/2021 17:10:21,98891.56
10/16/2021 17:10:22,98435.64
10/16/2021 17:10:23,98460.48
10/16/2021 17:10:24,98085.46
10/16/2021 17:10:25,98794.9
10/16/2021 17:10:26,98001.64
10/16/2021 17:10:27,97956.5
10/16/2021 17:10:28,98113.52
10/16/2021 17:10:29,97467.36
10/16/2021 17:10:30,97986.28
10/16/2021 17:10:31,97922.02
10/16/2021 17:10:32,97541.82
10/16/2021 17:10:33,97818.72
10/16/2021 17:10:34,93613.78
10/16/2021 17:10:35,97865.6
10/16/2021 17:10:36,98085.78
10/16/2021 17:10:37,97430.62
10/16/2021 17:10:38,97348.42
10/16/2021 17:10:39,97201.06
10/16/2021 17:10:40,96993.14
10/16/2021 17:10:41,97310.78
10/16/2021 17:10:42,97292.14
10/16/2021 17:10:43,96974.46
10/16/2021 17:10:44,96734.78
10/16/2021 17:10:45,96416.9
10/16/2021 17:10:46,96396.22
10/16/2021 17:10:47,96111.1
10/16/2021 17:10:48,96305.84
10/16/2021 17:10:49,96121.1
10/16/2021 17:10:50,95878.3
10/16/2021 17:10:51,95925.08
10/16/2021 17:10:52,95725.32
10/16/2021 17:10:53,95601.04
10/16/2021 17:10:54,95815.92
10/16/2021 17:10:55,95437.28
10/16/2021 17:10:56,94690.46
10/16/2021 17:10:57,95132.86
10/16/2021 17:10:58,94553.34
10/16/2021 17:10:59,94778.68
10/16/2021 17:11:00,94938.78
10/16/2021 17:11:01,94944.84
10/16/2021 17:11:02,94987.84
10/16/2021 17:11:03,94945.62
10/16/2021 17:11:04,94508.38
10/16/2021 17:11:05,94379.46
10/16/2021 17:11:06,94106.76
10/16/2021 17:11:07,94360.72
10/16/2021 17:11:08,94364.32
10/16/2021 17:11:09,94032.58
10/16/2021 17:11:10,94813
10/16/2021 17:11:11,93814.86
10/16/2021 17:11:12,93784.92
10/16/2021 17:11:14,93783.58
10/16/2021 17:11:15,93349.58
10/16/2021 17:11:16,93243.06
10/16/2021 17:11:17,93250.5
10/16/2021 17:11:18,93466.06
10/16/2021 17:11:19,93321.78
10/16/2021 17:11:20,92968.32
10/16/2021 17:11:21,92916.14
10/16/2021 17:11:22,92828.56
10/16/2021 17:11:23,92993.92
10/16/2021 17:11:24,93002.8
10/16/2021 17:11:25,92520.92
10/16/2021 17:11:26,92470.3
10/16/2021 17:11:27,91823.08
10/16/2021 17:11:28,9151.32
10/16/2021 17:11:29,91751.22
10/16/2021 17:11:31,91540.16
10/16/2021 17:11:32,91704.42
10/16/2021 17:11:33,91822.54
10/16/2021 17:11:34,91852.32
10/16/2021 17:11:35,91372.18
10/16/2021 17:11:36,91239.74
10/16/2021 17:11:37,91379.56
10/16/2021 17:11:38,91364.78
10/16/2021 17:11:39,91507.94
10/16/2021 17:11:41,90496.6
10/16/2021 17:11:42,90658.8
10/16/2021 17:11:43,89737.36
10/16/2021 17:11:44,90080.66
10/16/2021 17:11:45,90139.66
10/16/2021 17:11:46,99330.8
10/16/2021 17:11:47,90217.52
10/16/2021 17:11:48,89668.56
10/16/2021 17:11:49,89571.38
10/16/2021 17:11:50,89797.16
10/16/2021 17:11:51,89344.56
10/16/2021 17:11:52,89473.72
10/16/2021 17:11:53,89292.7
10/16/2021 17:11:54,88858.72
10/16/2021 17:11:55,8874.22
10/16/2021 17:11:56,88172.92
10/16/2021 17:11:57,88694.88
10/16/2021 17:11:58,88672.44
10/16/2021 17:11:59,88478.2
10/16/2021 17:12:00,88837.1
10/16/2021 17:12:01,88600.58
10/16/2021 17:12:02,88598.68
10/16/2021 17:12:03,88586.64
10/16/2021 17:12:04,88249.92
10/16/2021 17:12:05,88353.86
10/16/2021 17:12:06,87800.98
10/16/2021 17:12:07,87521.32
10/16/2021 17:12:08,87440.78
10/16/2021 17:12:10,87332.32
10/16/2021 17:12:11,87039.3
10/16/2021 17:12:12,86798.32
10/16/2021 17:12:13,87196.32
10/16/2021 17:12:14,86467.62
10/16/2021 17:12:15,86621.78
10/16/2021 17:12:16,86605.28
10/16/2021 17:12:17,86412.56
10/16/2021 17:12:18,86237.96
10/16/2021 17:12:19,86318.96
10/16/2021 17:12:20,85970.16
10/16/2021 17:12:21,86171.38
10/16/2021 17:12:22,86276.73
10/16/2021 17:12:23,86055.1
10/16/2021 17:12:25,85671.86
10/16/2021 17:12:26,85604.7
10/16/2021 17:12:27,85543.4
10/16/2021 17:12:28,85077.16
10/16/2021 17:12:29,85041.88
10/16/2021 17:12:30,85005
10/16/2021 17:12:31,84873.4
10/16/2021 17:12:32,84655.3
10/16/2021 17:12:34,84179.64
10/16/2021 17:12:35,84374.72
10/16/2021 17:12:36,84238.62
10/16/2021 17:12:37,84406.72
10/16/2021 17:12:38,44218.78
10/16/2021 17:12:39,83990
10/16/2021 17:12:40,84358.72
10/16/2021 17:12:41,83534.47
10/16/2021 17:12:42,83781.53
10/16/2021 17:12:43,83823.88
10/16/2021 17:12:44,83006.9
10/16/2021 17:12:45,83364.85
10/16/2021 17:12:46,83222.21
10/16/2021 17:12:47,83020.43
10/16/2021 17:12:48,82989.5
10/16/2021 17:12:49,82969.47
10/16/2021 17:12:50,82818.13
10/16/2021 17:12:51,82793.88
10/16/2021 17:12:52,82429.88
10/16/2021 17:12:53,82334.47
10/16/2021 17:12:55,81965.38
10/16/2021 17:12:56,82088.58
10/16/2021 17:12:57,82114.7
10/16/2021 17:12:58,81924.29
10/16/2021 17:12:59,81725.57
10/16/2021 17:13:00,81233.55
10/16/2021 17:13:01,81476.88
10/16/2021 17:13:02,81651.61
10/16/2021 17:13:03,81116.35
10/16/2021 17:13:04,81179.66
10/16/2021 17:13:05,81045.95
10/16/2021 17:13:06,80429.82
10/16/2021 17:13:07,80575.8
10/16/2021 17:13:08,80501.75
10/16/2021 17:13:09,80501.75
10/16/2021 17:13:10,80921.85
10/16/2021 17:13:11,80522.47
10/16/2021 17:13:12,80172.1
10/16/2021 17:13:13,80636.15
10/16/2021 17:13:14,79822.78
10/16/2021 17:13:15,79653.55
10/16/2021 17:13:16,79666.46
10/16/2021 17:13:17,79275.66
10/16/2021 17:13:18,79586.48
10/16/2021 17:13:19,79532.78
10/16/2021 17:13:20,79539.3
10/16/2021 17:13:21,79465.39
10/16/2021 17:13:22,78741.75
10/16/2021 17:13:23,78835.64
10/16/2021 17:13:24,78859.62
10/16/2021 17:13:25,78679.35
10/16/2021 17:13:26,78790.81
10/16/2021 17:13:27,78754.23
10/16/2021 17:13:28,78325.07
10/16/2021 17:13:29,78413.75
10/16/2021 17:13:30,77212.2
10/16/2021 17:13:31,78105.11
10/16/2021 17:13:32,78304.28
10/16/2021 17:13:33,77920.93
10/16/2021 17:13:34,77984.54
10/16/2021 17:13:35,78060.91
10/16/2021 17:13:36,77646.6
10/16/2021 17:13:37,77906.57
10/16/2021 17:13:38,77769.63
10/16/2021 17:13:39,77191.44
10/16/2021 17:13:40,76919.86
10/16/2021 17:13:41,76403.85
10/16/2021 17:13:42,76404.03
10/16/2021 17:13:43,76767.04
10/16/2021 17:13:44,76845.41
10/16/2021 17:13:45,76885.8
10/16/2021 17:13:46,76889.6
10/16/2021 17:13:47,75747.72
10/16/2021 17:13:48,75590.95
10/16/2021 17:13:49,75804.25
10/16/2021 17:13:50,76075.28
10/16/2021 17:13:51,76256.46
10/16/2021 17:13:52,76201.13
10/16/2021 17:13:53,75720.01
10/16/2021 17:13:54,75686.9
10/16/2021 17:13:55,75382.5
10/16/2021 17:13:56,75331
10/16/2021 17:13:57,75560.5
10/16/2021 17:13:58,74844.12
10/16/2021 17:13:59,75046.76
10/16/2021 17:14:00,75043.08
10/16/2021 17:14:01,74385.53
10/16/2021 17:14:02,74905.18
10/16/2021 17:14:03,74046.91
10/16/2021 17:14:04,74080.53
10/16/2021 17:14:05,74431.37
10/16/2021 17:14:06,74210.64
10/16/2021 17:14:07,74347.6
10/16/2021 17:14:08,73932.81
10/16/2021 17:14:09,73680.65
10/16/2021 17:14:10,73968.23
10/16/2021 17:14:11,74208.3
10/16/2021 17:14:12,73453.18
10/16/2021 17:14:13,73509.04
10/16/2021 17:14:14,73120.19
10/16/2021 17:14:15,73298.2
10/16/2021 17:14:16,73701.35
10/16/2021 17:14:17,73411.82
10/16/2021 17:14:18,73713.23
10/16/2021 17:14:19,73800.05
10/16/2021 17:14:20,73287.25
10/16/2021 17:14:21,73093.05
10/16/2021 17:14:22,72829.2
10/16/2021 17:14:23,72883.05
10/16/2021 17:14:24,73029.1
10/16/2021 17:14:25,72798.57
10/16/2021 17:14:26,73010.25
10/16/2021 17:14:27,72466.3
10/16/2021 17:14:28,72299.12
10/16/2021 17:14:29,72176.51
10/16/2021 17:14:30,71705.47
10/16/2021 17:14:31,71762.64
10/16/2021 17:14:32,71762.64
10/16/2021 17:14:33,71938.25
10/16/2021 17:14:34,71811.1
10/16/2021 17:14:35,71836.82
10/16/2021 17:14:36,71638.28
10/16/2021 17:14:37,71906.2
10/16/2021 17:14:39,71744.38
10/16/2021 17:14:40,71818
10/16/2021 17:14:41,71418.78
10/16/2021 17:14:42,71601.44
10/16/2021 17:14:43,71472
10/16/2021 17:14:44,71377.63
10/16/2021 17:14:45,71820.35
10/16/2021 17:14:46,71629.98
10/16/2021 17:14:48,71282.8
10/16/2021 17:14:49,71131.68
10/16/2021 17:14:50,71096.91
10/16/2021 17:14:51,71281.8
10/16/2021 17:14:52,74384.13
10/16/2021 17:14:53,70438.28
10/16/2021 17:14:54,70739.08
10/16/2021 17:14:55,70723.8
10/16/2021 17:14:56,70749.46
10/16/2021 17:14:57,70232.43
10/16/2021 17:14:58,70070.86
10/16/2021 17:14:59,70043.01
10/16/2021 17:15:00,70027.76
10/16/2021 17:15:01,78062.13
10/16/2021 17:15:02,70080.48
10/16/2021 17:15:03,70093.2
10/16/2021 17:15:04,70107.53
10/16/2021 17:15:05,70235.82
10/16/2021 17:15:07,70134.37
10/16/2021 17:15:08,71377.88
10/16/2021 17:15:09,73596.75
10/16/2021 17:15:10,78681.82
10/16/2021 17:15:11,85414.42
10/16/2021 17:15:13,90797.44
10/16/2021 17:15:14,91739.9
10/16/2021 17:15:15,92415.2
10/16/2021 17:15:16,92532
10/16/2021 17:15:17,92592.72
10/16/2021 17:15:18,92678.58
10/16/2021 17:15:19,92778.62
10/16/2021 17:15:20,93096.7
10/16/2021 17:15:21,92983.6
10/16/2021 17:15:22,92399.56
10/16/2021 17:15:23,92316.52
10/16/2021 17:15:24,92275.82
10/16/2021 17:15:25,92285.22
10/16/2021 17:15:26,92524.92
10/16/2021 17:15:27,92436.56
10/16/2021 17:15:28,92082.52
10/16/2021 17:15:29,91650.89
10/16/2021 17:15:30,92126.28
10/16/2021 17:15:31,91852.94
10/16/2021 17:15:32,91959.26
10/16/2021 17:15:33,91276.36
10/16/2021 17:15:34,91505.12
10/16/2021 17:15:35,91116.68
10/16/2021 17:15:36,91597.92
10/16/2021 17:15:37,91781.76
10/16/2021 17:15:38,91534.32
10/16/2021 17:15:39,91347.26
10/16/2021 17:15:40,91254
10/16/2021 17:15:41,91433.52
10/16/2021 17:15:42,91150.13
10/16/2021 17:15:43,91264.16
10/16/2021 17:15:44,91263.76
10/16/2021 17:15:45,90745.98
10/16/2021 17:15:46,90829.16
10/16/2021 17:15:47,90901.12
10/16/2021 17:15:48,91167.6
10/16/2021 17:15:49,91011.44
10/16/2021 17:15:50,90252.82
10/16/2021 17:15:51,90609.42
10/16/2021 17:15:52,90692.8
10/16/2021 17:15:53,90667.8
10/16/2021 17:15:54,91075.3
10/16/2021 17:15:55,90570.5
10/16/2021 17:15:56,90611.22
10/16/2021 17:15:57,90611.22
10/16/2021 17:15:59,90035.62
10/16/2021 17:16:00,89748.44
10/16/2021 17:16:01,89806.02
10/16/2021 17:16:02,89636.42
10/16/2021 17:16:03,89562.52
10/16/2021 17:16:04,89781.08
10/16/2021 17:16:05,89504.78
10/16/2021 17:16:06,89504.78
10/16/2021 17:16:07,89502.6
10/16/2021 17:16:08,89483.6
10/16/2021 17:16:09,89471.28
10/16/2021 17:16:10,89132.88
10/16/2021 17:16:12,89196.34
10/16/2021 17:16:13,88955.4
10/16/2021 17:16:15,88583.04
10/16/2021 17:16:16,88718.72
10/16/2021 17:16:17,88705.14
10/16/2021 17:16:18,88907.88
10/16/2021 17:16:19,88909.22
10/16/2021 17:16:20,88593.7
10/16/2021 17:16:21,88605.46
10/16/2021 17:16:22,88598.98
10/16/2021 17:16:23,88353.3
10/16/2021 17:16:24,88358.86
10/16/2021 17:16:25,88629.2
10/16/2021 17:16:26,88925.7
10/16/2021 17:16:27,88791.22
10/16/2021 17:16:28,88127.88
10/16/2021 17:16:29,88334.22
10/16/2021 17:16:30,88401.04
10/16/2021 17:16:31,88015.34
10/16/2021 17:16:32,82097.02
10/16/2021 17:16:33,88097.02
10/16/2021 17:16:34,87654.32
10/16/2021 17:16:35,87552.7
10/16/2021 17:16:36,87342.82
10/16/2021 17:16:37,87137.64
10/16/2021 17:16:38,86963.9
10/16/2021 17:16:39,86915.52
10/16/2021 17:16:40,87185.72
10/16/2021 17:16:42,87317.22
10/16/2021 17:16:43,87110.04
10/16/2021 17:16:44,88797.64
10/16/2021 17:16:45,86682.78
10/16/2021 17:16:46,86703.98
10/16/2021 17:16:47,86566.18
10/16/2021 17:16:48,86702.84
10/16/2021 17:16:49,86643.86
10/16/2021 17:16:50,86022.01
10/16/2021 17:16:51,86009.69
10/16/2021 17:16:52,86044.14
10/16/2021 17:16:53,86171.1
10/16/2021 17:16:54,86164.16
10/16/2021 17:16:56,85696.18
10/16/2021 17:16:57,85814.92
10/16/2021 17:16:58,85797.56
10/16/2021 17:16:59,85817.2
10/16/2021 17:17:00,85655.98
10/16/2021 17:17:01,85579.28
10/16/2021 17:17:02,85507
10/16/2021 17:17:03,85508.88
10/16/2021 17:17:05,85325.98
10/16/2021 17:17:06,85271.66
10/16/2021 17:17:07,85211.04
10/16/2021 17:17:08,85047.6
10/16/2021 17:17:09,85063.2
10/16/2021 17:17:10,85084.84
10/16/2021 17:17:11,85344.94
10/16/2021 17:17:12,84978.6
10/16/2021 17:17:13,84913.42
10/16/2021 17:17:14,84973.56
10/16/2021 17:17:15,84877.22
10/16/2021 17:17:16,85219
10/16/2021 17:17:17,86285.34
10/16/2021 17:17:18,91137.28
10/16/2021 17:17:19,93748.26
10/16/2021 17:17:20,94787.3
10/16/2021 17:17:21,95963.8
10/16/2021 17:17:23,96613.86
10/16/2021 17:17:24,97086.02
10/16/2021 17:17:25,97122.52
10/16/2021 17:17:26,96752.2
10/16/2021 17:17:27,96752.2
10/16/2021 17:17:28,97241.82
10/16/2021 17:17:29,96939.88
10/16/2021 17:17:30,96575.32
10/16/2021 17:17:31,96792.84
10/16/2021 17:17:32,96535.76
10/16/2021 17:17:33,96796.04
10/16/2021 17:17:34,96774.32
10/16/2021 17:17:36,96833.14
10/16/2021 17:17:37,96630.3
10/16/2021 17:17:38,96620.68
10/16/2021 17:17:39,96752.14
10/16/2021 17:17:40,96654.04
10/16/2021 17:17:41,96354.42
10/16/2021 17:17:42,96248.76
10/16/2021 17:17:43,96128.02
10/16/2021 17:17:44,95929.04
10/16/2021 17:17:45,95872.58
10/16/2021 17:17:46,96222.5
10/16/2021 17:17:47,96324.28
10/16/2021 17:17:48,96025.1
10/16/2021 17:17:49,96188.56
10/16/2021 17:17:50,95458.38
10/16/2021 17:17:51,95734.1
10/16/2021 17:17:52,95613.78
10/16/2021 17:17:54,95388.34
10/16/2021 17:17:55,95259.58
10/16/2021 17:17:56,95435.7
10/16/2021 17:17:57,95318.42
10/16/2021 17:17:58,95472.12
10/16/2021 17:17:59,95080.02
10/16/2021 17:18:00,95023.76
10/16/2021 17:18:01,95256.14
10/16/2021 17:18:02,94914.96
10/16/2021 17:18:03,94761.96
10/16/2021 17:18:04,94706.72
10/16/2021 17:18:05,94598.66
10/16/2021 17:18:06,94805.6
10/16/2021 17:18:08,94655.22
10/16/2021 17:18:09,94600.88
10/16/2021 17:18:10,94435.88
10/16/2021 17:18:11,94605.58
10/16/2021 17:18:12,94258.86
10/16/2021 17:18:13,94342.12
10/16/2021 17:18:14,94247.66
10/16/2021 17:18:15,94343.88
10/16/2021 17:18:16,93999.7
10/16/2021 17:18:17,94956.98
10/16/2021 17:18:18,94094.12
10/16/2021 17:18:19,93809.6
10/16/2021 17:18:20,93895.66
10/16/2021 17:18:21,93714.84
10/16/2021 17:18:22,93585.14
10/16/2021 17:18:23,93817.22
10/16/2021 17:18:24,93830.36
10/16/2021 17:18:25,93454.22
10/16/2021 17:18:26,93199.3
10/16/2021 17:18:27,93062.52
10/16/2021 17:18:28,93182.8
10/16/2021 17:18:29,93149.9
10/16/2021 17:18:30,93059.02
10/16/2021 17:18:31,92975.38
10/16/2021 17:18:32,92866.78
10/16/2021 17:18:33,92779.32
10/16/2021 17:18:34,93472.1
10/16/2021 17:18:35,92534.22
10/16/2021 17:18:36,92580.42
10/16/2021 17:18:37,92427.22
10/16/2021 17:18:38,92277.96
10/16/2021 17:18:39,92307.84
10/16/2021 17:18:40,92330.1
10/16/2021 17:18:41,92421.76
10/16/2021 17:18:42,92100.96
10/16/2021 17:18:43,91924.2
10/16/2021 17:18:44,92170.02
10/16/2021 17:18:45,92306.7
10/16/2021 17:18:46,92055.4
10/16/2021 17:18:48,91954.98
10/16/2021 17:18:49,92104.66
10/16/2021 17:18:50,9218.33
10/16/2021 17:18:51,91854.72
10/16/2021 17:18:52,91922.5
10/16/2021 17:18:53,91383.34
10/16/2021 17:18:54,91183.52
10/16/2021 17:18:55,91146.82
10/16/2021 17:18:56,91238.32
10/16/2021 17:18:57,90930.82
10/16/2021 17:18:58,90930.82
10/16/2021 17:18:59,90506.98
10/16/2021 17:19:00,90331.22
10/16/2021 17:19:01,90407.48
10/16/2021 17:19:02,90070.4
10/16/2021 17:19:03,90408.72
10/16/2021 17:19:04,90351.34
10/16/2021 17:19:05,89944.48
10/16/2021 17:19:06,89998.16
10/16/2021 17:19:07,89982.54
10/16/2021 17:19:08,90320.32
10/16/2021 17:19:09,90320.32
10/16/2021 17:19:10,90110.76
10/16/2021 17:19:11,89767.78
10/16/2021 17:19:12,89835.62
10/16/2021 17:19:13,90029.6
10/16/2021 17:19:14,90108.3
10/16/2021 17:19:15,99121.54
10/16/2021 17:19:17,89294.16
10/16/2021 17:19:19,89270.98
10/16/2021 17:19:20,89461.52
10/16/2021 17:19:21,89216.16
10/16/2021 17:19:22,89257.9
10/16/2021 17:19:23,89157.66
10/16/2021 17:19:24,89230.34
10/16/2021 17:19:25,89368.72
10/16/2021 17:19:26,89243.22
10/16/2021 17:19:27,89464.86
10/16/2021 17:19:28,89361.24
10/16/2021 17:19:30,89072.96
10/16/2021 17:19:31,89171.96
10/16/2021 17:19:33,88940.78
10/16/2021 17:19:35,89042.32
10/16/2021 17:19:37,88795.14
10/16/2021 17:19:38,88861.94
10/16/2021 17:19:39,88849.52
10/16/2021 17:19:40,88882.7
10/16/2021 17:19:41,88787.76
10/16/2021 17:19:42,88186.14
10/16/2021 17:19:43,88317.16
10/16/2021 17:19:44,88120.26
10/16/2021 17:19:45,88324.22
10/16/2021 17:19:46,88296.94
10/16/2021 17:19:47,88028.46
10/16/2021 17:19:48,88399.18
10/16/2021 17:19:49,88169.36
10/16/2021 17:19:50,88036.96
10/16/2021 17:19:51,87834.82
10/16/2021 17:19:52,88073.84
10/16/2021 17:19:54,87714.32
10/16/2021 17:19:55,87516.14
10/16/2021 17:19:57,87239.76
10/16/2021 17:19:58,87315.04
10/16/2021 17:19:59,87580.12
10/16/2021 17:20:00,87544.48
10/16/2021 17:20:01,87825.84
10/16/2021 17:20:02,87533
10/16/2021 17:20:03,86948.18
10/16/2021 17:20:04,87256.16
10/16/2021 17:20:05,90187.76
10/16/2021 17:20:06,92379.12
10/16/2021 17:20:07,94419.5
10/16/2021 17:20:08,96058.08
10/16/2021 17:20:09,97832.14
10/16/2021 17:20:10,98438.54
10/16/2021 17:20:11,98496.16
10/16/2021 17:20:12,98655.5
10/16/2021 17:20:13,98261.48
10/16/2021 17:20:14,98599.84
10/16/2021 17:20:15,98621.56
10/16/2021 17:20:16,99114.72
10/16/2021 17:20:17,99156.36
10/16/2021 17:20:18,98811.14
10/16/2021 17:20:19,98473.42
10/16/2021 17:20:20,98498.94
10/16/2021 17:20:21,98756.72
10/16/2021 17:20:22,98661.64
10/16/2021 17:20:23,98352.3
10/16/2021 17:20:24,98425.58
10/16/2021 17:20:25,98455.64
10/16/2021 17:20:26,97990.48
10/16/2021 17:20:27,98733.34
10/16/2021 17:20:28,97835.02
10/16/2021 17:20:29,98270.84
10/16/2021 17:20:30,98185.2
10/16/2021 17:20:31,98186.7
10/16/2021 17:20:32,97935.58
10/16/2021 17:20:33,98991.36
10/16/2021 17:20:34,98806.98
10/16/2021 17:20:35,99295.44
10/16/2021 17:20:36,98989.88
10/16/2021 17:20:37,99950.3
10/16/2021 17:20:38,99054.36
10/16/2021 17:20:39,98750.12
10/16/2021 17:20:40,98978.48
10/16/2021 17:20:41,98636.88
10/16/2021 17:20:42,98689.56
10/16/2021 17:20:43,98944.12
10/16/2021 17:20:44,98851.72
10/16/2021 17:20:45,99182.12
10/16/2021 17:20:46,98382.64
10/16/2021 17:20:47,98786.92
10/16/2021 17:20:48,98838.88
10/16/2021 17:20:49,98566.62
10/16/2021 17:20:50,98239.48
10/16/2021 17:20:51,98320.46
10/16/2021 17:20:52,98320.46
10/16/2021 17:20:53,98684.8
10/16/2021 17:20:54,98642.64
10/16/2021 17:20:55,98611.38
10/16/2021 17:20:56,98479.24
10/16/2021 17:20:57,98642.62
10/16/2021 17:20:58,98632.66
10/16/2021 17:20:59,98319
10/16/2021 17:21:00,97770.22
10/16/2021 17:21:01,97641.7
10/16/2021 17:21:02,98371.94
10/16/2021 17:21:03,98569.48
10/16/2021 17:21:04,98223.04
10/16/2021 17:21:05,98078.22
10/16/2021 17:21:06,97698.96
10/16/2021 17:21:07,97526
10/16/2021 17:21:09,96754.28
10/16/2021 17:21:10,96930.6
10/16/2021 17:21:11,97009.84
10/16/2021 17:21:12,96935.76
10/16/2021 17:21:13,97036.44
10/16/2021 17:21:14,97059.78
10/16/2021 17:21:15,97228.26
10/16/2021 17:21:16,97656.02
10/16/2021 17:21:17,97253.76
10/16/2021 17:21:18,97387.28
10/16/2021 17:21:19,97007.82
10/16/2021 17:21:20,97072.28
10/16/2021 17:21:21,97134.88
10/16/2021 17:21:22,96659.46
10/16/2021 17:21:23,96939.92
10/16/2021 17:21:24,96939.92
10/16/2021 17:21:25,96763.2
10/16/2021 17:21:26,96850.3
10/16/2021 17:21:27,96993.02
10/16/2021 17:21:28,96874.26
10/16/2021 17:21:29,96597.3
10/16/2021 17:21:30,96389.64
10/16/2021 17:21:31,97276.6
10/16/2021 17:21:32,96851.3
10/16/2021 17:21:33,97003.22
10/16/2021 17:21:34,96610.54
10/16/2021 17:21:35,96211.28
10/16/2021 17:21:36,96352.14
10/16/2021 17:21:37,96277.4
10/16/2021 17:21:38,96670.68
10/16/2021 17:21:39,96649.1
10/16/2021 17:21:40,95922.32
10/16/2021 17:21:41,96199.32
10/16/2021 17:21:42,96190
10/16/2021 17:21:43,96458.06
10/16/2021 17:21:44,96252.34
10/16/2021 17:21:45,95595.22
10/16/2021 17:21:46,95587.06
10/16/2021 17:21:47,95274.3
10/16/2021 17:21:48,95326.72
10/16/2021 17:21:49,95266.06
10/16/2021 17:21:50,94902.5
10/16/2021 17:21:51,94994.02
10/16/2021 17:21:52,94916.16
10/16/2021 17:21:54,95089.22
10/16/2021 17:21:55,95058.46
10/16/2021 17:21:56,94126.98
10/16/2021 17:21:57,93963.76
10/16/2021 17:21:58,93958.06
10/16/2021 17:21:59,94792.8
10/16/2021 17:22:00,95058.36
10/16/2021 17:22:01,95067.86
10/16/2021 17:22:02,95309.18
10/16/2021 17:22:04,94791.46
10/16/2021 17:22:05,94655.94
10/16/2021 17:22:06,94597.88
10/16/2021 17:22:08,93940.46
10/16/2021 17:22:09,94489.92
10/16/2021 17:22:10,94372.34
10/16/2021 17:22:11,94181.78
10/16/2021 17:22:12,943.52
10/16/2021 17:22:13,93846.82
10/16/2021 17:22:14,94306.02
10/16/2021 17:22:15,93987.56
10/16/2021 17:22:16,94137.18
10/16/2021 17:22:17,94013.12
10/16/2021 17:22:18,93671.6
10/16/2021 17:22:19,94119.6
10/16/2021 17:22:20,94379.28
10/16/2021 17:22:21,94084.44
10/16/2021 17:22:22,94288.22
10/16/2021 17:22:23,94319.3
10/16/2021 17:22:24,94510.08
10/16/2021 17:22:25,94786.04
10/16/2021 17:22:26,94850.58
10/16/2021 17:22:27,94729.38
10/16/2021 17:22:28,94346.92
10/16/2021 17:22:29,94275.38
10/16/2021 17:22:30,94650.1
10/16/2021 17:22:31,94173.54
10/16/2021 17:22:32,94649.9
10/16/2021 17:22:33,94318.82
10/16/2021 17:22:34,94570.22
10/16/2021 17:22:35,94548.92
10/16/2021 17:22:36,93931.96
10/16/2021 17:22:37,94610.38
10/16/2021 17:22:38,94667.32
10/16/2021 17:22:39,94492.1
10/16/2021 17:22:40,94893.48
10/16/2021 17:22:41,94385.92
10/16/2021 17:22:42,94688.58
10/16/2021 17:22:43,94576.1
10/16/2021 17:22:44,94626.48
10/16/2021 17:22:45,94634.16
10/16/2021 17:22:46,94298.14
10/16/2021 17:22:47,94790.9
10/16/2021 17:22:48,94522.13
10/16/2021 17:22:49,94572.62
10/16/2021 17:22:50,94901.96
10/16/2021 17:22:51,95007.94
10/16/2021 17:22:52,95088.8
10/16/2021 17:22:53,94833.3
10/16/2021 17:22:54,94363.46
10/16/2021 17:22:55,94716.38
10/16/2021 17:22:56,94659.26
10/16/2021 17:22:57,95106.26
10/16/2021 17:22:58,95106.26
10/16/2021 17:22:59,95189.18
10/16/2021 17:23:00,95536.86
10/16/2021 17:23:01,95253.48
10/16/2021 17:23:03,95043.12
10/16/2021 17:23:04,94983.38
10/16/2021 17:23:05,94950.44
10/16/2021 17:23:06,94713.26
10/16/2021 17:23:07,95196.8
10/16/2021 17:23:08,95196.8
10/16/2021 17:23:09,94838.54
10/16/2021 17:23:10,94920.82
10/16/2021 17:23:11,95416.36
10/16/2021 17:23:12,95477.98
10/16/2021 17:23:13,95034.56
10/16/2021 17:23:14,94835.64
10/16/2021 17:23:15,94835.02
10/16/2021 17:23:16,94334.86
10/16/2021 17:23:17,94305.56
10/16/2021 17:23:18,94673.88
10/16/2021 17:23:19,94560.34
10/16/2021 17:23:20,95272.46
10/16/2021 17:23:21,95028.72
10/16/2021 17:23:22,95006.18
10/16/2021 17:23:23,95069.98
10/16/2021 17:23:24,94855.56
10/16/2021 17:23:25,94955.86
10/16/2021 17:23:26,94717.3
10/16/2021 17:23:27,94717.34
10/16/2021 17:23:28,94474.78
10/16/2021 17:23:29,94503.88
10/16/2021 17:23:30,94661.46
10/16/2021 17:23:31,94609.46
10/16/2021 17:23:32,94497.26
10/16/2021 17:23:33,95316.12
10/16/2021 17:23:34,94482.26
10/16/2021 17:23:36,94721.88
10/16/2021 17:23:37,94765.24
10/16/2021 17:23:38,95004.5
10/16/2021 17:23:39,94630.98
10/16/2021 17:23:40,94634.52
10/16/2021 17:23:41,94762.98
10/16/2021 17:23:42,9737.53
10/16/2021 17:23:43,95361.16
10/16/2021 17:23:44,94986.46
10/16/2021 17:23:45,95134
10/16/2021 17:23:46,95233.72
10/16/2021 17:23:47,94823.54
10/16/2021 17:23:48,94828.2
10/16/2021 17:23:49,94588.1
10/16/2021 17:23:50,94811.28
10/16/2021 17:23:51,94533.99
10/16/2021 17:23:52,94464.92
10/16/2021 17:23:53,94556.76
10/16/2021 17:23:54,94017.96
10/16/2021 17:23:55,93952.4
10/16/2021 17:23:56,93938.1
10/16/2021 17:23:57,93956.34
10/16/2021 17:23:58,94542.66
10/16/2021 17:23:59,94338.64
10/16/2021 17:24:00,94405.72
10/16/2021 17:24:01,94914.1
10/16/2021 17:24:02,94795.36
10/16/2021 17:24:03,95040.56
10/16/2021 17:24:04,94668.48
10/16/2021 17:24:05,94597.46
10/16/2021 17:24:06,94861.74
10/16/2021 17:24:07,94454.54
10/16/2021 17:24:08,94862.62
10/16/2021 17:24:09,94590.3
10/16/2021 17:24:10,94669.34
10/16/2021 17:24:11,95032.66
10/16/2021 17:24:12,95046.9
10/16/2021 17:24:13,95103.14
10/16/2021 17:24:15,94529.14
10/16/2021 17:24:16,94508.68
10/16/2021 17:24:17,94258.6
10/16/2021 17:24:18,94491.68
10/16/2021 17:24:19,94510.42
10/16/2021 17:24:20,94332.68
10/16/2021 17:24:21,94320.16
10/16/2021 17:24:22,94110.56
10/16/2021 17:24:23,94323.56
10/16/2021 17:24:24,94468.88
10/16/2021 17:24:25,94358.3
10/16/2021 17:24:26,94248.64
10/16/2021 17:24:27,94349.78
10/16/2021 17:24:28,94464.12
10/16/2021 17:24:29,94444.38
10/16/2021 17:24:30,93994.46
10/16/2021 17:24:31,93956.18
10/16/2021 17:24:32,94279.54
10/16/2021 17:24:33,93766.92
10/16/2021 17:24:34,94042.64
10/16/2021 17:24:35,93984.48
10/16/2021 17:24:36,93682.43
10/16/2021 17:24:37,93727.32
10/16/2021 17:24:38,93314.7
10/16/2021 17:24:39,93740.38
10/16/2021 17:24:40,93553.14
10/16/2021 17:24:41,9398.28
10/16/2021 17:24:42,93663.48
10/16/2021 17:24:44,93297.96
10/16/2021 17:24:45,93544.5
10/16/2021 17:24:46,93299.22
10/16/2021 17:24:47,92918.22
10/16/2021 17:24:48,92924.36
10/16/2021 17:24:49,92679.76
10/16/2021 17:24:50,93087.8
10/16/2021 17:24:51,92158.34
10/16/2021 17:24:52,92699.04
10/16/2021 17:24:53,92628.66
10/16/2021 17:24:54,92536.18
10/16/2021 17:24:56,93165.14
10/16/2021 17:24:57,93134.22
10/16/2021 17:24:58,93137.6
10/16/2021 17:25:00,93037.6
10/16/2021 17:25:01,93206.2
10/16/2021 17:25:02,93139.36
10/16/2021 17:25:03,93196.58
10/16/2021 17:25:04,92491.32
10/16/2021 17:25:05,93052.48
10/16/2021 17:25:06,92999.84
10/16/2021 17:25:07,92791.02
10/16/2021 17:25:08,92566.22
10/16/2021 17:25:09,92332
10/16/2021 17:25:12,92690.72
10/16/2021 17:25:13,92532.44
10/16/2021 17:25:14,92275.64
10/16/2021 17:25:15,92529.62
10/16/2021 17:25:16,92451.68
10/16/2021 17:25:18,92783.5
10/16/2021 17:25:19,92671.28
10/16/2021 17:25:20,92256.3
10/16/2021 17:25:21,92288.5
10/16/2021 17:25:22,92435.06
10/16/2021 17:25:23,92624.42
10/16/2021 17:25:24,92891.86
10/16/2021 17:25:25,92530.12
10/16/2021 17:25:26,92434.02
10/16/2021 17:25:27,92038.92
10/16/2021 17:25:28,92371.04
10/16/2021 17:25:29,92151.14
10/16/2021 17:25:31,92056.62
10/16/2021 17:25:32,92009.1
10/16/2021 17:25:33,92130.74
10/16/2021 17:25:34,92012.62
10/16/2021 17:25:35,918.7
10/16/2021 17:25:36,92187.34
10/16/2021 17:25:37,91623.4
10/16/2021 17:25:38,91951.84
10/16/2021 17:25:40,91713.6
10/16/2021 17:25:41,92122.8
10/16/2021 17:25:42,92049.84
10/16/2021 17:25:43,91784
10/16/2021 17:25:44,91893.54
10/16/2021 17:25:45,92017.28
10/16/2021 17:25:46,91618.32
10/16/2021 17:25:47,91656.16
10/16/2021 17:25:48,91058.06
10/16/2021 17:25:49,91425.54
10/16/2021 17:25:50,91404.08
10/16/2021 17:25:51,91678.98
10/16/2021 17:25:52,91493.34
10/16/2021 17:25:53,91429.92
10/16/2021 17:25:54,91612.4
10/16/2021 17:25:55,91396.18
10/16/2021 17:25:56,91406.66
10/16/2021 17:25:57,91362.78
10/16/2021 17:25:58,91090.04
10/16/2021 17:25:59,91207.8
10/16/2021 17:26:00,90842.88
10/16/2021 17:26:01,91039.88
10/16/2021 17:26:02,91465.7
10/16/2021 17:26:03,90942.68
10/16/2021 17:26:05,91105.02
10/16/2021 17:26:06,91337.78
10/16/2021 17:26:07,90863
10/16/2021 17:26:08,90657.96
10/16/2021 17:26:09,90840.1
10/16/2021 17:26:10,90968.4
10/16/2021 17:26:11,90868.96
10/16/2021 17:26:12,91242.14
10/16/2021 17:26:13,91099.54
10/16/2021 17:26:14,91000.16
10/16/2021 17:26:15,90807.72
10/16/2021 17:26:16,90198.12
10/16/2021 17:26:17,90584.62
10/16/2021 17:26:18,90597.42
10/16/2021 17:26:19,90638.6
10/16/2021 17:26:20,91044.12
10/16/2021 17:26:21,90761.66
10/16/2021 17:26:22,91103.7
10/16/2021 17:26:23,90977.92
10/16/2021 17:26:24,90671.52
10/16/2021 17:26:25,90897.54
10/16/2021 17:26:26,90118.7
10/16/2021 17:26:27,90035.98
10/16/2021 17:26:28,90108.38
10/16/2021 17:26:29,90492.5
10/16/2021 17:26:30,90382.3
10/16/2021 17:26:31,90366.3
10/16/2021 17:26:32,90319.72
10/16/2021 17:26:33,90071.84
10/16/2021 17:26:34,90366.5
10/16/2021 17:26:35,90660
10/16/2021 17:26:36,90408.2
10/16/2021 17:26:37,90364.32
10/16/2021 17:26:38,90729.96
10/16/2021 17:26:39,90419.82
10/16/2021 17:26:40,90419.82
10/16/2021 17:26:41,90122.62
10/16/2021 17:26:42,89801.32
10/16/2021 17:26:43,89572.28
10/16/2021 17:26:44,89543.88
10/16/2021 17:26:45,89742.16
10/16/2021 17:26:46,89976.4
10/16/2021 17:26:47,49875.88
10/16/2021 17:26:48,90569.06
10/16/2021 17:26:49,89990.48
10/16/2021 17:26:50,90085.44
10/16/2021 17:26:51,89900.78
10/16/2021 17:26:52,89915.8
10/16/2021 17:26:53,89963.28
10/16/2021 17:26:54,89879.76
10/16/2021 17:26:55,89936.34
10/16/2021 17:26:56,90080.26
10/16/2021 17:26:57,89636.54
10/16/2021 17:26:58,89785.6
10/16/2021 17:26:59,89608.28
10/16/2021 17:27:00,89456.14
10/16/2021 17:27:01,89884.48
10/16/2021 17:27:02,89157.42
10/16/2021 17:27:03,89327.92
10/16/2021 17:27:04,89541.28
10/16/2021 17:27:07,89770.04
10/16/2021 17:27:08,89863.96
10/16/2021 17:27:09,89830.44
10/16/2021 17:27:10,89745.14
10/16/2021 17:27:11,89482.22
10/16/2021 17:27:12,89600.56
10/16/2021 17:27:13,88972.86
10/16/2021 17:27:18,89050.9
10/16/2021 17:27:19,89069.7
10/16/2021 17:27:20,89162.66
10/16/2021 17:27:21,89838.46
10/16/2021 17:27:22,89117.54
10/16/2021 17:27:23,88955.44
10/16/2021 17:27:25,89144.92
10/16/2021 17:27:26,88945.74
10/16/2021 17:27:27,89155.48
10/16/2021 17:27:28,88863.5
10/16/2021 17:27:29,88550.92
10/16/2021 17:27:30,88550.92
10/16/2021 17:27:31,88995.78
10/16/2021 17:27:32,88872.58
10/16/2021 17:27:33,89119.18
10/16/2021 17:27:34,88998.36
10/16/2021 17:27:35,88906.22
10/16/2021 17:27:36,88880.14
10/16/2021 17:27:37,88844.46
10/16/2021 17:27:38,89213.06
10/16/2021 17:27:39,88768.14
10/16/2021 17:27:40,88763.02
10/16/2021 17:27:41,88460.94
10/16/2021 17:27:42,88492.72
10/16/2021 17:27:43,88759
10/16/2021 17:27:44,88479.8
10/16/2021 17:27:45,88579.5
10/16/2021 17:27:46,88878.56
10/16/2021 17:27:47,88946
10/16/2021 17:27:48,88634.2
10/16/2021 17:27:49,88634.2
10/16/2021 17:27:50,88260.52
10/16/2021 17:27:51,88326.42
10/16/2021 17:27:52,88003.94
10/16/2021 17:27:53,88180.68
10/16/2021 17:27:54,88548.16
10/16/2021 17:27:55,88318.64
10/16/2021 17:27:57,88346.56
10/16/2021 17:27:58,88180.86
10/16/2021 17:27:59,89135.72
10/16/2021 17:28:01,87754.26
10/16/2021 17:28:02,88078.22
10/16/2021 17:28:03,88265.76
10/16/2021 17:28:04,88413.82
10/16/2021 17:28:05,88014
10/16/2021 17:28:06,87813.8
10/16/2021 17:28:07,87676.18
10/16/2021 17:28:08,87470.04
10/16/2021 17:28:09,87588.84
10/16/2021 17:28:11,87518.78
10/16/2021 17:28:12,88042.14
10/16/2021 17:28:13,87937.8
10/16/2021 17:28:16,88012.56
10/16/2021 17:28:17,87803.76
10/16/2021 17:28:18,88062.96
10/16/2021 17:28:19,87916.4
10/16/2021 17:28:20,88290.3
10/16/2021 17:28:21,88086.32
10/16/2021 17:28:22,88104.16
10/16/2021 17:28:23,88066.84
10/16/2021 17:28:24,87862.16
10/16/2021 17:28:26,87697.76
10/16/2021 17:28:28,87732.94
10/16/2021 17:28:29,87763.88
10/16/2021 17:28:30,87516.54
10/16/2021 17:28:31,87809.56
10/16/2021 17:28:33,87337.16
10/16/2021 17:28:34,87539.8
10/16/2021 17:28:35,87727.1
10/16/2021 17:28:36,87818.96
10/16/2021 17:28:37,86807.48
10/16/2021 17:28:39,87266.14
10/16/2021 17:28:40,86810.04
10/16/2021 17:28:42,88071.44
10/16/2021 17:28:43,87840.62
10/16/2021 17:28:44,87862.2
10/16/2021 17:28:45,87639.38
10/16/2021 17:28:46,87508.42
10/16/2021 17:28:47,87676.44
10/16/2021 17:28:48,87149.72
10/16/2021 17:28:49,87124.82
10/16/2021 17:28:50,86997.32
10/16/2021 17:28:51,86978.46
10/16/2021 17:28:52,87484.3
10/16/2021 17:28:54,87546.16
10/16/2021 17:28:56,86831.18
10/16/2021 17:28:57,87009.08
10/16/2021 17:28:58,87049.38
10/16/2021 17:28:59,86729.84
10/16/2021 17:29:00,86723.78
10/16/2021 17:29:02,86941.56
10/16/2021 17:29:03,86885.52
10/16/2021 17:29:04,86947.52
10/16/2021 17:29:05,87302.94
10/16/2021 17:29:06,87103
10/16/2021 17:29:07,86949.2
10/16/2021 17:29:08,86966.16
10/16/2021 17:29:09,87042.3
10/16/2021 17:29:10,87225.66
10/16/2021 17:29:11,87071.34
10/16/2021 17:29:12,86770.8
10/16/2021 17:29:13,86771.16
10/16/2021 17:29:15,86665.54
10/16/2021 17:29:16,86732.58
10/16/2021 17:29:17,86369.7
10/16/2021 17:29:18,86312.2
10/16/2021 17:29:19,86466.72
10/16/2021 17:29:20,86416.52
10/16/2021 17:29:21,86592.86
10/16/2021 17:29:22,86766.44
10/16/2021 17:29:23,86760.46
10/16/2021 17:29:24,86694.96
10/16/2021 17:29:25,86637.16
10/16/2021 17:29:26,86516.98
10/16/2021 17:29:27,86290.56
10/16/2021 17:29:28,86391.38
10/16/2021 17:29:29,86394.08
10/16/2021 17:29:30,86081.94
10/16/2021 17:29:31,85319.28
10/16/2021 17:29:32,85964.26
10/16/2021 17:29:33,86928.48
10/16/2021 17:29:35,85940.12
10/16/2021 17:29:36,85982.38
10/16/2021 17:29:37,85915.02
10/16/2021 17:29:38,86050.28
10/16/2021 17:29:39,86278.98
10/16/2021 17:29:40,85947.84
10/16/2021 17:29:41,85769.12
10/16/2021 17:29:42,85835.62
10/16/2021 17:29:43,85754.34
10/16/2021 17:29:44,85844.28
10/16/2021 17:29:45,86077.32
10/16/2021 17:29:46,85946.88
10/16/2021 17:29:47,86047.06
10/16/2021 17:29:48,85871.54
10/16/2021 17:29:49,85885.02
10/16/2021 17:29:50,86114.56
10/16/2021 17:29:51,86015.26
10/16/2021 17:29:52,86265.94
10/16/2021 17:29:53,86208.28
10/16/2021 17:29:54,86721.88
10/16/2021 17:29:55,86721.88
10/16/2021 17:29:56,86149.42
10/16/2021 17:29:57,86494.8
10/16/2021 17:29:58,86537.88
10/16/2021 17:29:59,86190.76
10/16/2021 17:30:00,86825.12
10/16/2021 17:30:01,86861.52
10/16/2021 17:30:02,86952.16
10/16/2021 17:30:03,85536.72
10/16/2021 17:30:04,86449.02
10/16/2021 17:30:05,86556.34
10/16/2021 17:30:06,86219.9
10/16/2021 17:30:07,86012.94
10/16/2021 17:30:08,86329.3
10/16/2021 17:30:09,86349.88
10/16/2021 17:30:10,86636.66
10/16/2021 17:30:11,86740.34
10/16/2021 17:30:12,86858.23
10/16/2021 17:30:13,86945.76
10/16/2021 17:30:14,86855.32
10/16/2021 17:30:15,86818.78
10/16/2021 17:30:17,86796.32
10/16/2021 17:30:18,86926.3
10/16/2021 17:30:19,86966.82
10/16/2021 17:30:20,86804.46
10/16/2021 17:30:21,87103.56
10/16/2021 17:30:22,86915.66
10/16/2021 17:30:23,86701.82
10/16/2021 17:30:24,87057.4
10/16/2021 17:30:26,87114.8
10/16/2021 17:30:27,87099.86
10/16/2021 17:30:28,87086.38
10/16/2021 17:30:29,87265.52
10/16/2021 17:30:30,87464.52
10/16/2021 17:30:31,87464.62
10/16/2021 17:30:32,87626.78
10/16/2021 17:30:33,87379.04
10/16/2021 17:30:34,87771
10/16/2021 17:30:35,87582.8
10/16/2021 17:30:36,87521.64
10/16/2021 17:30:37,87670.08
10/16/2021 17:30:38,87188.56
10/16/2021 17:30:39,87466.3
10/16/2021 17:30:40,87716.36
10/16/2021 17:30:41,87623.38
10/16/2021 17:30:42,87707.06
10/16/2021 17:30:43,87565.8
10/16/2021 17:30:44,87367.32
10/16/2021 17:30:46,87838.34
10/16/2021 17:30:47,87834.38
10/16/2021 17:30:48,87398.96
10/16/2021 17:30:50,87890.78
10/16/2021 17:30:52,87327.42
10/16/2021 17:30:53,88323.18
10/16/2021 17:30:54,88041.46
10/16/2021 17:30:55,88202.92
10/16/2021 17:30:56,87977.98
10/16/2021 17:30:57,87973.8
10/16/2021 17:30:58,88433.94
10/16/2021 17:30:59,87869.32
10/16/2021 17:31:00,87936.88
10/16/2021 17:31:01,87861.26
10/16/2021 17:31:02,88126.04
10/16/2021 17:31:03,88234.06
10/16/2021 17:31:04,88184.6
10/16/2021 17:31:05,87927.82
10/16/2021 17:31:06,88029.08
10/16/2021 17:31:08,88249.8
10/16/2021 17:31:09,88344.22
10/16/2021 17:31:10,88117.4
10/16/2021 17:31:11,88421.6
10/16/2021 17:31:12,88203.76
10/16/2021 17:31:15,88164.32
10/16/2021 17:31:16,88781.74
10/16/2021 17:31:17,88504.22
10/16/2021 17:31:18,88319.28
10/16/2021 17:31:19,88609
10/16/2021 17:31:20,88611.66
10/16/2021 17:31:21,88791.9
10/16/2021 17:31:22,89195.16
10/16/2021 17:31:23,88632.88
10/16/2021 17:31:24,88302.9
10/16/2021 17:31:25,88733.18
10/16/2021 17:31:26,88739.64
10/16/2021 17:31:28,88687.56
10/16/2021 17:31:29,89136.18
10/16/2021 17:31:30,89004.48
10/16/2021 17:31:31,89182.14
10/16/2021 17:31:32,89018.22
10/16/2021 17:31:33,89314.38
10/16/2021 17:31:34,89021.02
10/16/2021 17:31:35,89288.44
10/16/2021 17:31:36,88595.88
10/16/2021 17:31:37,88895.56
10/16/2021 17:31:38,89327.52
10/16/2021 17:31:39,89208.04
10/16/2021 17:31:40,89295.18
10/16/2021 17:31:41,89099.3
10/16/2021 17:31:43,89447.52
10/16/2021 17:31:44,89276.52
10/16/2021 17:31:45,89643.94
10/16/2021 17:31:46,89691.42
10/16/2021 17:31:47,89507.62
10/16/2021 17:31:48,89558
10/16/2021 17:31:49,89799.66
10/16/2021 17:31:50,89586.54
10/16/2021 17:31:51,89922.03
10/16/2021 17:31:52,89726.96
10/16/2021 17:31:53,89972.8
10/16/2021 17:31:54,90077.72
10/16/2021 17:31:55,89888.22
10/16/2021 17:31:56,99353.46
10/16/2021 17:31:57,90067.06
10/16/2021 17:31:58,90254.26
10/16/2021 17:31:59,90376.82
10/16/2021 17:32:00,89751.38
10/16/2021 17:32:01,89997.32
10/16/2021 17:32:03,89688.3
10/16/2021 17:32:04,89953.2
10/16/2021 17:32:05,90173.82
10/16/2021 17:32:06,89797.52
10/16/2021 17:32:07,90200.26
10/16/2021 17:32:08,89896.04
10/16/2021 17:32:09,90191.4
10/16/2021 17:32:10,89768.6
10/16/2021 17:32:11,89973.66
10/16/2021 17:32:12,90437.26
10/16/2021 17:32:13,90237.96
10/16/2021 17:32:15,89974.02
10/16/2021 17:32:16,89537.72
10/16/2021 17:32:17,89579.44
10/16/2021 17:32:18,90299.12
10/16/2021 17:32:19,90281.46
10/16/2021 17:32:20,90674.58
10/16/2021 17:32:21,90918.16
10/16/2021 17:32:22,90692.04
10/16/2021 17:32:23,90457.02
10/16/2021 17:32:24,90924.88
10/16/2021 17:32:25,90811.96
10/16/2021 17:32:26,91486.88
10/16/2021 17:32:27,91023.7
10/16/2021 17:32:28,91175.98
10/16/2021 17:32:29,91075.34
10/16/2021 17:32:30,90914.46
10/16/2021 17:32:31,90998.22
10/16/2021 17:32:32,91203.3
10/16/2021 17:32:34,91245.2
10/16/2021 17:32:35,90881.64
10/16/2021 17:32:36,91146.72
10/16/2021 17:32:37,91917.2
10/16/2021 17:32:38,91927.48
10/16/2021 17:32:39,91698.02
10/16/2021 17:32:40,91723.46
10/16/2021 17:32:41,9176.9
10/16/2021 17:32:42,91324.3
10/16/2021 17:32:43,91285.56
10/16/2021 17:32:44,91364.32
10/16/2021 17:32:45,91693.92
10/16/2021 17:32:46,91748.6
10/16/2021 17:32:47,92038.76
10/16/2021 17:32:48,91907.16
10/16/2021 17:32:49,91989.6
10/16/2021 17:32:51,91741.66
10/16/2021 17:32:52,91879.58
10/16/2021 17:32:53,91888.92
10/16/2021 17:32:54,91765.96
10/16/2021 17:32:55,92572.78
10/16/2021 17:32:56,92195.52
10/16/2021 17:32:57,91926.34
10/16/2021 17:32:58,92306.12
10/16/2021 17:33:00,92191.56
10/16/2021 17:33:01,92209.44
10/16/2021 17:33:02,92301
10/16/2021 17:33:03,92184.04
10/16/2021 17:33:04,92202.8
10/16/2021 17:33:05,92018.32
10/16/2021 17:33:06,92291.96
10/16/2021 17:33:07,92104.96
10/16/2021 17:33:08,92153.18
10/16/2021 17:33:09,92308.82
10/16/2021 17:33:10,92221.86
10/16/2021 17:33:11,92427.28
10/16/2021 17:33:12,92934.48
10/16/2021 17:33:13,92927.42
10/16/2021 17:33:14,93150.7
10/16/2021 17:33:15,92990.52
10/16/2021 17:33:16,92706.66
10/16/2021 17:33:17,92487.14
10/16/2021 17:33:18,92947.92
10/16/2021 17:33:19,93120
10/16/2021 17:33:20,93089.2
10/16/2021 17:33:21,92806.74
10/16/2021 17:33:22,92982.6
10/16/2021 17:33:23,92739.9
10/16/2021 17:33:24,92936.46
10/16/2021 17:33:25,93546.96
10/16/2021 17:33:26,94449.32
10/16/2021 17:33:27,94239.78
10/16/2021 17:33:28,94468.14
10/16/2021 17:33:29,94298.54
10/16/2021 17:33:30,93770.4
10/16/2021 17:33:31,93717.55
10/16/2021 17:33:32,93453.14
10/16/2021 17:33:33,93958.98
10/16/2021 17:33:34,94040.82
10/16/2021 17:33:35,93664.46
10/16/2021 17:33:37,93320.36
10/16/2021 17:33:38,93261.8
10/16/2021 17:33:39,93484.08
10/16/2021 17:33:41,93768.32
10/16/2021 17:33:42,93593.68
10/16/2021 17:33:43,93551.34
10/16/2021 17:33:44,93908.98
10/16/2021 17:33:45,94173.9
10/16/2021 17:33:46,93954.4
10/16/2021 17:33:47,93909.3
10/16/2021 17:33:48,93937.66
10/16/2021 17:33:49,91316.22
10/16/2021 17:33:50,94174.6
10/16/2021 17:33:51,94097.22
10/16/2021 17:33:52,93661.14
10/16/2021 17:33:53,94069.8
10/16/2021 17:33:54,94358.44
10/16/2021 17:33:55,95103.34
10/16/2021 17:33:56,94990.94
10/16/2021 17:33:57,94673.44
10/16/2021 17:33:59,94490.26
10/16/2021 17:34:00,94695.54
10/16/2021 17:34:01,95202.2
10/16/2021 17:34:02,95147.9
10/16/2021 17:34:03,94596.82
10/16/2021 17:34:04,94596.82
10/16/2021 17:34:05,94210.16
10/16/2021 17:34:06,94677.9
10/16/2021 17:34:07,94812.48
10/16/2021 17:34:08,95135.48
10/16/2021 17:34:09,94918.16
10/16/2021 17:34:10,94544.72
10/16/2021 17:34:11,94895.12
10/16/2021 17:34:12,94914.14
10/16/2021 17:34:13,94726.82
10/16/2021 17:34:14,94606.2
10/16/2021 17:34:15,94608.3
10/16/2021 17:34:17,96016.66
10/16/2021 17:34:18,95692.16
10/16/2021 17:34:19,95074.72
10/16/2021 17:34:20,95287.58
10/16/2021 17:34:21,94573.48
10/16/2021 17:34:22,95032.8
10/16/2021 17:34:23,95267.16
10/16/2021 17:34:24,95004.24
10/16/2021 17:34:25,95021.46
10/16/2021 17:34:26,95001.14
10/16/2021 17:34:27,94372.28
10/16/2021 17:34:28,95319.28
10/16/2021 17:34:30,92578.83
10/16/2021 17:34:31,83562.43
10/16/2021 17:34:32,75517.88
10/16/2021 17:34:33,68447.33
10/16/2021 17:34:34,61177.08
10/16/2021 17:34:35,49092.92
10/16/2021 17:34:36,45296.35
10/16/2021 17:34:37,41906.26
10/16/2021 17:34:38,39018.04
10/16/2021 17:34:39,31257.45
10/16/2021 17:34:40,29414.61
10/16/2021 17:34:41,27698.92
10/16/2021 17:34:42,25558.06
10/16/2021 17:34:43,21849.82
10/16/2021 17:34:44,18391.28
10/16/2021 17:34:45,16090.47
10/16/2021 17:34:46,14695.91
10/16/2021 17:34:47,12785.89
10/16/2021 17:34:48,9850.88
10/16/2021 17:34:49,8215.48
10/16/2021 17:34:50,6667.94
10/16/2021 17:34:51,5054.47
10/16/2021 17:34:52,3468.71
10/16/2021 17:34:53,1982.31
10/16/2021 17:34:54,1399.5
10/16/2021 17:34:55,0
10/16/2021 17:34:56,0
10/16/2021 17:34:57,0
